-- --------------------------------------------------------
-- Host:                         localhost
-- Server version:               5.7.19 - MySQL Community Server (GPL)
-- Server OS:                    Win64
-- HeidiSQL Version:             9.4.0.5125
-- --------------------------------------------------------

/*!40101 SET @OLD_CHARACTER_SET_CLIENT=@@CHARACTER_SET_CLIENT */;
/*!40101 SET NAMES utf8 */;
/*!50503 SET NAMES utf8mb4 */;
/*!40014 SET @OLD_FOREIGN_KEY_CHECKS=@@FOREIGN_KEY_CHECKS, FOREIGN_KEY_CHECKS=0 */;
/*!40101 SET @OLD_SQL_MODE=@@SQL_MODE, SQL_MODE='NO_AUTO_VALUE_ON_ZERO' */;


-- Dumping database structure for tracker
DROP DATABASE IF EXISTS `tracker_test`;
CREATE DATABASE IF NOT EXISTS `tracker_test` /*!40100 DEFAULT CHARACTER SET latin1 */;
USE `tracker_test`;

-- Dumping structure for table tracker.boqs
DROP TABLE IF EXISTS `boqs`;
CREATE TABLE IF NOT EXISTS `boqs` (
  `id` int(10) unsigned NOT NULL AUTO_INCREMENT,
  `material_id` bigint(20) NOT NULL,
  `name` varchar(255) COLLATE utf8mb4_unicode_ci NOT NULL,
  `description` varchar(255) COLLATE utf8mb4_unicode_ci NOT NULL,
  `unit` bigint(20) unsigned NOT NULL,
  `price` decimal(20,4) unsigned NOT NULL,
  `total` decimal(40,10) unsigned NOT NULL,
  `created_at` timestamp NULL DEFAULT NULL,
  `updated_at` timestamp NULL DEFAULT NULL,
  PRIMARY KEY (`id`)
) ENGINE=InnoDB AUTO_INCREMENT=126 DEFAULT CHARSET=utf8mb4 COLLATE=utf8mb4_unicode_ci;

-- Dumping data for table tracker.boqs: ~95 rows (approximately)
DELETE FROM `boqs`;
/*!40000 ALTER TABLE `boqs` DISABLE KEYS */;
INSERT INTO `boqs` (`id`, `material_id`, `name`, `description`, `unit`, `price`, `total`, `created_at`, `updated_at`) VALUES
	(19, 19, 'BOQ', '', 144, 551945.0000, 79480080.0000000000, '2018-01-03 03:30:15', '2018-01-03 03:30:15'),
	(21, 102, 'BOQ', '', 91111, 2862.0000, 260759682.0000000000, '2018-01-03 04:57:56', '2018-01-03 04:57:56'),
	(22, 103, 'BOQ', '', 74666, 4643.0000, 346674238.0000000000, '2018-01-03 04:57:56', '2018-01-03 04:57:56'),
	(23, 104, 'BOQ', '', 6109, 7291.0000, 44540719.0000000000, '2018-01-03 04:57:56', '2018-01-03 04:57:56'),
	(24, 105, 'BOQ', '', 4889, 10837.0000, 52982093.0000000000, '2018-01-03 04:57:56', '2018-01-03 04:57:56'),
	(25, 106, 'BOQ', '', 2667, 2862.0000, 7632954.0000000000, '2018-01-03 04:57:56', '2018-01-03 04:57:56'),
	(26, 107, 'BOQ', '', 37333, 4643.0000, 173337119.0000000000, '2018-01-03 04:57:56', '2018-01-03 04:57:56'),
	(27, 108, 'BOQ', '', 2444, 7291.0000, 17819204.0000000000, '2018-01-03 04:57:56', '2018-01-03 04:57:56'),
	(28, 109, 'BOQ', '', 2500, 10837.0000, 27092500.0000000000, '2018-01-03 04:57:57', '2018-01-03 04:57:57'),
	(29, 110, 'BOQ', '', 2673, 15100.0000, 40362300.0000000000, '2018-01-03 04:57:57', '2018-01-03 04:57:57'),
	(30, 111, 'BOQ', '', 7360, 27549.0000, 202760640.0000000000, '2018-01-03 07:03:08', '2018-01-03 07:03:08'),
	(31, 112, 'BOQ', '', 7360, 59623.0000, 438825280.0000000000, '2018-01-03 07:03:08', '2018-01-03 07:03:08'),
	(32, 113, 'BOQ', '', 1700, 7500.0000, 12750000.0000000000, '2018-01-03 07:21:51', '2018-01-03 07:21:51'),
	(33, 114, 'BOQ', '', 1700, 7500.0000, 12750000.0000000000, '2018-01-03 07:37:49', '2018-01-03 07:37:49'),
	(34, 116, 'BOQ', '', 1700, 7500.0000, 12750000.0000000000, '2018-01-03 07:37:55', '2018-01-03 07:37:55'),
	(35, 118, 'BOQ', '', 1700, 7500.0000, 12750000.0000000000, '2018-01-03 07:38:20', '2018-01-03 07:38:20'),
	(36, 120, 'BOQ', '', 1700, 7500.0000, 12750000.0000000000, '2018-01-03 07:41:26', '2018-01-03 07:41:26'),
	(37, 122, 'BOQ', '', 1700, 7500.0000, 12750000.0000000000, '2018-01-03 07:41:34', '2018-01-03 07:41:34'),
	(38, 123, 'BOQ', '', 2000, 15000.0000, 30000000.0000000000, '2018-01-03 07:41:34', '2018-01-03 07:41:34'),
	(39, 124, 'BOQ', '', 13793, 16913.0000, 233281009.0000000000, '2018-01-03 08:55:12', '2018-01-03 08:55:12'),
	(40, 125, 'BOQ', '', 2055, 6652.0000, 13669860.0000000000, '2018-01-03 08:55:12', '2018-01-03 08:55:12'),
	(41, 126, 'BOQ', '', 347, 46948.0000, 16290956.0000000000, '2018-01-03 08:55:12', '2018-01-03 08:55:12'),
	(42, 127, 'BOQ', '', 409, 2438.0000, 997142.0000000000, '2018-01-03 08:55:12', '2018-01-03 08:55:12'),
	(43, 128, 'BOQ', '', 5570, 2977.0000, 16581890.0000000000, '2018-01-03 08:55:13', '2018-01-03 08:55:13'),
	(44, 129, 'BOQ', '', 736, 4186.0000, 3080896.0000000000, '2018-01-03 08:55:13', '2018-01-03 08:55:13'),
	(45, 130, 'BOQ', '', 460, 9135.0000, 4202100.0000000000, '2018-01-03 08:55:13', '2018-01-03 08:55:13'),
	(46, 131, 'BOQ', '', 2935, 10735.0000, 31507225.0000000000, '2018-01-03 08:55:13', '2018-01-03 08:55:13'),
	(47, 132, 'BOQ', '', 288, 10735.0000, 3091680.0000000000, '2018-01-03 08:55:13', '2018-01-03 08:55:13'),
	(48, 133, 'BOQ', '', 4876, 6320.0000, 30816320.0000000000, '2018-01-03 08:55:13', '2018-01-03 08:55:13'),
	(49, 134, 'BOQ', '', 8000, 5474.0000, 43792000.0000000000, '2018-01-03 08:55:13', '2018-01-03 08:55:13'),
	(50, 135, 'BOQ', '', 2667, 5474.0000, 14599158.0000000000, '2018-01-03 08:55:13', '2018-01-03 08:55:13'),
	(51, 136, 'BOQ', '', 300, 6048.0000, 1814400.0000000000, '2018-01-03 08:55:14', '2018-01-03 08:55:14'),
	(52, 138, 'BOQ', '', 13793, 16913.0000, 233281009.0000000000, '2018-01-03 08:55:25', '2018-01-03 08:55:25'),
	(53, 139, 'BOQ', '', 2055, 6652.0000, 13669860.0000000000, '2018-01-03 08:55:25', '2018-01-03 08:55:25'),
	(54, 140, 'BOQ', '', 347, 46948.0000, 16290956.0000000000, '2018-01-03 08:55:26', '2018-01-03 08:55:26'),
	(55, 141, 'BOQ', '', 409, 2438.0000, 997142.0000000000, '2018-01-03 08:55:26', '2018-01-03 08:55:26'),
	(56, 142, 'BOQ', '', 5570, 2977.0000, 16581890.0000000000, '2018-01-03 08:55:26', '2018-01-03 08:55:26'),
	(57, 143, 'BOQ', '', 736, 4186.0000, 3080896.0000000000, '2018-01-03 08:55:26', '2018-01-03 08:55:26'),
	(58, 144, 'BOQ', '', 460, 9135.0000, 4202100.0000000000, '2018-01-03 08:55:26', '2018-01-03 08:55:26'),
	(59, 145, 'BOQ', '', 2935, 10735.0000, 31507225.0000000000, '2018-01-03 08:55:26', '2018-01-03 08:55:26'),
	(60, 146, 'BOQ', '', 288, 10735.0000, 3091680.0000000000, '2018-01-03 08:55:26', '2018-01-03 08:55:26'),
	(61, 147, 'BOQ', '', 4876, 6320.0000, 30816320.0000000000, '2018-01-03 08:55:26', '2018-01-03 08:55:26'),
	(62, 148, 'BOQ', '', 8000, 5474.0000, 43792000.0000000000, '2018-01-03 08:55:26', '2018-01-03 08:55:26'),
	(63, 149, 'BOQ', '', 2667, 5474.0000, 14599158.0000000000, '2018-01-03 08:55:26', '2018-01-03 08:55:26'),
	(64, 150, 'BOQ', '', 300, 6048.0000, 1814400.0000000000, '2018-01-03 08:55:27', '2018-01-03 08:55:27'),
	(65, 151, 'BOQ', '', 0, 0.0000, 0.0000000000, '2018-01-03 08:55:27', '2018-01-03 08:55:27'),
	(66, 152, 'BOQ', '', 18667, 1792.0000, 33451264.0000000000, '2018-01-03 08:55:27', '2018-01-03 08:55:27'),
	(67, 153, 'BOQ', '', 6000, 2278.0000, 13668000.0000000000, '2018-01-03 08:55:27', '2018-01-03 08:55:27'),
	(68, 154, 'BOQ', '', 440, 3784.0000, 1664960.0000000000, '2018-01-03 08:55:27', '2018-01-03 08:55:27'),
	(69, 155, 'BOQ', '', 144, 71885.0000, 10351440.0000000000, '2018-01-03 08:55:27', '2018-01-03 08:55:27'),
	(70, 156, 'BOQ', '', 684, 39260.0000, 26853840.0000000000, '2018-01-03 08:55:27', '2018-01-03 08:55:27'),
	(71, 157, 'BOQ', '', 34100, 711.0000, 24245100.0000000000, '2018-01-03 08:55:27', '2018-01-03 08:55:27'),
	(72, 158, 'BOQ', '', 7150, 1161.0000, 8301150.0000000000, '2018-01-03 08:55:27', '2018-01-03 08:55:27'),
	(73, 159, 'BOQ', '', 759, 1597.0000, 1212123.0000000000, '2018-01-03 08:55:28', '2018-01-03 08:55:28'),
	(74, 160, 'BOQ', '', 42385, 929.0000, 39375665.0000000000, '2018-01-03 08:55:28', '2018-01-03 08:55:28'),
	(75, 161, 'BOQ', '', 9491, 1597.0000, 15157127.0000000000, '2018-01-03 08:55:28', '2018-01-03 08:55:28'),
	(76, 162, 'BOQ', '', 1006, 1872.0000, 1883232.0000000000, '2018-01-03 08:55:28', '2018-01-03 08:55:28'),
	(77, 163, 'BOQ', '', 2667, 6920.0000, 18455640.0000000000, '2018-01-03 09:22:32', '2018-01-03 09:22:32'),
	(78, 171, 'BOQ', '', 1507, 245738.0000, 370327166.0000000000, '2018-01-03 10:07:46', '2018-01-03 10:07:46'),
	(79, 173, 'BOQ', '', 1507, 245738.0000, 370327166.0000000000, '2018-01-04 01:12:37', '2018-01-04 01:12:37'),
	(80, 174, 'BOQ', '', 0, 0.0000, 0.0000000000, '2018-01-04 01:12:37', '2018-01-04 01:12:37'),
	(81, 175, 'BOQ', '', 1600, 10603.0000, 16964800.0000000000, '2018-01-04 01:12:37', '2018-01-04 01:12:37'),
	(82, 176, 'BOQ', '', 40, 220790.0000, 8831600.0000000000, '2018-01-04 01:12:37', '2018-01-04 01:12:37'),
	(83, 177, 'BOQ', '', 0, 0.0000, 0.0000000000, '2018-01-04 01:12:37', '2018-01-04 01:12:37'),
	(84, 178, 'BOQ', '', 0, 0.0000, 0.0000000000, '2018-01-04 01:12:38', '2018-01-04 01:12:38'),
	(85, 179, 'BOQ', '', 40, 9356.0000, 374240.0000000000, '2018-01-04 01:12:38', '2018-01-04 01:12:38'),
	(86, 180, 'BOQ', '', 2816, 3119.0000, 8783104.0000000000, '2018-01-04 01:12:38', '2018-01-04 01:12:38'),
	(87, 181, 'BOQ', '', 1100, 21206.0000, 23326600.0000000000, '2018-01-04 01:12:38', '2018-01-04 01:12:38'),
	(88, 182, 'BOQ', '', 220, 69336.0000, 15253920.0000000000, '2018-01-04 01:12:38', '2018-01-04 01:12:38'),
	(89, 183, 'BOQ', '', 290, 52002.0000, 15080580.0000000000, '2018-01-04 01:12:38', '2018-01-04 01:12:38'),
	(90, 184, 'BOQ', '', 100, 30046.0000, 3004600.0000000000, '2018-01-04 01:12:38', '2018-01-04 01:12:38'),
	(91, 185, 'BOQ', '', 1333, 48535.0000, 64697155.0000000000, '2018-01-04 02:04:44', '2018-01-04 02:04:44'),
	(92, 186, 'BOQ', '', 133, 79736.0000, 10604888.0000000000, '2018-01-04 02:04:44', '2018-01-04 02:04:44'),
	(93, 187, 'BOQ', '', 520, 86670.0000, 45068400.0000000000, '2018-01-04 02:04:44', '2018-01-04 02:04:44'),
	(94, 188, 'BOQ', '', 44, 86670.0000, 3813480.0000000000, '2018-01-04 02:04:44', '2018-01-04 02:04:44'),
	(95, 189, 'BOQ', '', 13, 1109376.0000, 14421888.0000000000, '2018-01-04 02:04:44', '2018-01-04 02:04:44'),
	(96, 192, 'BOQ', '', 13, 1109376.0000, 14421888.0000000000, '2018-01-04 02:12:05', '2018-01-04 02:12:05'),
	(97, 193, 'BOQ', '', 0, 0.0000, 0.0000000000, '2018-01-04 02:12:06', '2018-01-04 02:12:06'),
	(98, 194, 'BOQ', '', 60, 2596100.0000, 155766000.0000000000, '2018-01-04 02:27:06', '2018-01-04 02:27:06'),
	(99, 195, 'BOQ', '', 24, 1755636.0000, 42135264.0000000000, '2018-01-04 02:27:06', '2018-01-04 02:27:06'),
	(100, 196, 'BOQ', '', 22, 3023892.0000, 66525624.0000000000, '2018-01-04 02:27:06', '2018-01-04 02:27:06'),
	(101, 197, 'BOQ', '', 13, 3063025.0000, 39819325.0000000000, '2018-01-04 02:27:06', '2018-01-04 02:27:06'),
	(102, 198, 'BOQ', '', 4, 17452260.0000, 69809040.0000000000, '2018-01-04 02:27:06', '2018-01-04 02:27:06'),
	(103, 199, 'BOQ', '', 8889, 3429.0000, 30480381.0000000000, '2018-01-04 02:45:09', '2018-01-04 02:45:09'),
	(104, 202, 'BOQ', '', 8640, 3467.0000, 29954880.0000000000, '2018-01-04 03:17:05', '2018-01-04 03:17:05'),
	(105, 203, 'BOQ', '', 8640, 2889.0000, 24960960.0000000000, '2018-01-04 03:17:05', '2018-01-04 03:17:05'),
	(106, 204, 'BOQ', '', 6912, 20801.0000, 143776512.0000000000, '2018-01-04 03:17:05', '2018-01-04 03:17:05'),
	(107, 205, 'BOQ', '', 28800, 1156.0000, 33292800.0000000000, '2018-01-04 03:17:06', '2018-01-04 03:17:06'),
	(108, 206, 'BOQ', '', 34560, 462.0000, 15966720.0000000000, '2018-01-04 03:17:06', '2018-01-04 03:17:06'),
	(109, 207, 'BOQ', '', 9600, 2311.0000, 22185600.0000000000, '2018-01-04 03:17:06', '2018-01-04 03:17:06'),
	(110, 208, 'BOQ', '', 0, 0.0000, 0.0000000000, '2018-01-04 03:17:06', '2018-01-04 03:17:06'),
	(111, 209, 'BOQ', '', 0, 0.0000, 0.0000000000, '2018-01-04 03:17:06', '2018-01-04 03:17:06'),
	(112, 210, 'BOQ', '', 340, 10400.0000, 3536000.0000000000, '2018-01-04 03:17:06', '2018-01-04 03:17:06'),
	(113, 211, 'BOQ', '', 300, 8089.0000, 2426700.0000000000, '2018-01-04 03:17:06', '2018-01-04 03:17:06'),
	(114, 212, 'BOQ', '', 1600, 6934.0000, 11094400.0000000000, '2018-01-04 03:17:06', '2018-01-04 03:17:06'),
	(115, 213, 'BOQ', '', 160, 5778.0000, 924480.0000000000, '2018-01-04 03:17:07', '2018-01-04 03:17:07'),
	(116, 214, 'BOQ', '', 4224, 27734.0000, 117148416.0000000000, '2018-01-04 03:17:07', '2018-01-04 03:17:07'),
	(117, 215, 'BOQ', '', 2348, 2889.0000, 6783372.0000000000, '2018-01-04 03:17:07', '2018-01-04 03:17:07'),
	(118, 216, 'BOQ', '', 3200, 2311.0000, 7395200.0000000000, '2018-01-04 03:17:07', '2018-01-04 03:17:07'),
	(119, 217, 'BOQ', '', 1920, 11556.0000, 22187520.0000000000, '2018-01-04 03:17:07', '2018-01-04 03:17:07'),
	(120, 218, 'BOQ', '', 1600, 10400.0000, 16640000.0000000000, '2018-01-04 03:17:07', '2018-01-04 03:17:07'),
	(121, 219, 'BOQ', '', 13440, 578.0000, 7768320.0000000000, '2018-01-04 03:17:07', '2018-01-04 03:17:07'),
	(122, 220, 'BOQ', '', 0, 0.0000, 0.0000000000, '2018-01-04 03:17:07', '2018-01-04 03:17:07'),
	(123, 221, 'BOQ', '', 0, 0.0000, 0.0000000000, '2018-01-04 03:17:07', '2018-01-04 03:17:07'),
	(124, 222, 'BOQ', '', 59200, 726.0000, 42979200.0000000000, '2018-01-04 03:17:07', '2018-01-04 03:17:07'),
	(125, 223, 'BOQ', '', 0, 0.0000, 0.0000000000, '2018-01-04 03:17:08', '2018-01-04 03:17:08');
/*!40000 ALTER TABLE `boqs` ENABLE KEYS */;

-- Dumping structure for table tracker.categories
DROP TABLE IF EXISTS `categories`;
CREATE TABLE IF NOT EXISTS `categories` (
  `id` int(10) unsigned NOT NULL AUTO_INCREMENT,
  `name` varchar(255) COLLATE utf8mb4_unicode_ci NOT NULL,
  `description` varchar(255) COLLATE utf8mb4_unicode_ci DEFAULT NULL,
  `work_id` int(10) unsigned NOT NULL,
  `created_at` timestamp NULL DEFAULT NULL,
  `updated_at` timestamp NULL DEFAULT NULL,
  `_lft` int(10) unsigned NOT NULL DEFAULT '0',
  `_rgt` int(10) unsigned NOT NULL DEFAULT '0',
  `parent_id` int(10) unsigned DEFAULT NULL,
  PRIMARY KEY (`id`),
  KEY `categories__lft__rgt_parent_id_index` (`_lft`,`_rgt`,`parent_id`)
) ENGINE=InnoDB AUTO_INCREMENT=50 DEFAULT CHARSET=utf8mb4 COLLATE=utf8mb4_unicode_ci;

-- Dumping data for table tracker.categories: ~9 rows (approximately)
DELETE FROM `categories`;
/*!40000 ALTER TABLE `categories` DISABLE KEYS */;
INSERT INTO `categories` (`id`, `name`, `description`, `work_id`, `created_at`, `updated_at`, `_lft`, `_rgt`, `parent_id`) VALUES
	(19, 'Tủ điện', NULL, 1, '2018-01-03 03:30:15', '2018-01-03 03:30:15', 1, 2, NULL),
	(29, 'Dây cáp điện', NULL, 1, '2018-01-03 07:41:34', '2018-01-03 07:41:34', 19, 20, NULL),
	(31, 'Ống điện và phụ kiện', NULL, 1, '2018-01-03 08:55:25', '2018-01-03 08:55:25', 23, 24, NULL),
	(40, 'Thang máng cáp', NULL, 1, '2018-01-04 01:12:37', '2018-01-04 01:12:37', 41, 42, NULL),
	(41, 'Thép UV', NULL, 1, '2018-01-04 02:04:44', '2018-01-04 02:04:44', 43, 44, NULL),
	(45, 'Cáp điện nhẹ', NULL, 1, '2018-01-04 02:27:06', '2018-01-04 02:27:06', 51, 52, NULL),
	(46, 'Dây cáp quang', NULL, 1, '2018-01-04 02:45:09', '2018-01-04 02:45:09', 53, 54, NULL),
	(49, 'Vật tư phụ', NULL, 1, '2018-01-04 03:17:05', '2018-01-04 03:17:05', 59, 60, NULL);
/*!40000 ALTER TABLE `categories` ENABLE KEYS */;

-- Dumping structure for table tracker.invoices
DROP TABLE IF EXISTS `invoices`;
CREATE TABLE IF NOT EXISTS `invoices` (
  `id` int(10) unsigned NOT NULL AUTO_INCREMENT,
  `work_id` int(10) unsigned NOT NULL,
  `provider_id` int(10) unsigned NOT NULL,
  `type` varchar(255) COLLATE utf8mb4_unicode_ci NOT NULL DEFAULT 'invoice',
  `payment_total` decimal(40,10) DEFAULT NULL,
  `name` varchar(255) COLLATE utf8mb4_unicode_ci NOT NULL,
  `slug` varchar(255) COLLATE utf8mb4_unicode_ci NOT NULL,
  `signed_at` date DEFAULT NULL,
  `total` decimal(40,10) unsigned DEFAULT NULL,
  `uid` varchar(255) COLLATE utf8mb4_unicode_ci DEFAULT NULL,
  `created_at` timestamp NULL DEFAULT NULL,
  `updated_at` timestamp NULL DEFAULT NULL,
  PRIMARY KEY (`id`)
) ENGINE=InnoDB AUTO_INCREMENT=156 DEFAULT CHARSET=utf8mb4 COLLATE=utf8mb4_unicode_ci;

-- Dumping data for table tracker.invoices: ~28 rows (approximately)
DELETE FROM `invoices`;
/*!40000 ALTER TABLE `invoices` DISABLE KEYS */;
INSERT INTO `invoices` (`id`, `work_id`, `provider_id`, `type`, `payment_total`, `name`, `slug`, `signed_at`, `total`, `uid`, `created_at`, `updated_at`) VALUES
	(22, 1, 16, 'invoice', 0.0000000000, 'Tủ điện', 'tu-dien', '2017-06-22', 17800000.0000000000, 'TĐ1', '2018-01-03 03:30:15', '2018-01-03 03:30:15'),
	(23, 1, 17, 'invoice', 0.0000000000, 'Tủ điện', 'tu-dien', '2017-06-22', 45344000.0000000000, NULL, '2018-01-03 04:03:16', '2018-01-03 04:03:16'),
	(106, 1, 18, 'invoice', 287927970.0000000000, 'Dây cáp điện', 'day-cap-dien', '2017-07-04', 261752700.0000000000, 'DCD1', '2018-01-03 04:57:56', '2018-01-05 07:36:46'),
	(107, 1, 18, 'contract', 0.0000000000, 'Dây cáp điện', 'day-cap-dien', '2017-08-21', 710174470.0000000000, '0507/HĐKT/QT-VH', '2018-01-03 07:03:07', '2018-01-03 07:03:08'),
	(108, 1, 18, 'invoice', 139680493.0000000000, 'Dây cáp điện', 'day-cap-dien', '2017-08-07', 126982266.0000000000, 'DCD2', '2018-01-03 07:06:37', '2018-01-05 07:34:25'),
	(109, 1, 18, 'invoice', 62289063.0000000000, 'Dây cáp điện', 'day-cap-dien', '2017-09-07', 70783026.0000000000, 'DCD3', '2018-01-03 07:08:38', '2018-01-05 07:31:56'),
	(110, 1, 18, 'invoice', 332651156.0000000000, 'Dây cáp điện', 'day-cap-dien', '2017-10-06', 378013710.0000000000, 'DCD4', '2018-01-03 07:13:50', '2018-01-05 07:28:51'),
	(111, 1, 18, 'invoice', 155473912.0000000000, 'Dây cáp điện', 'day-cap-dien', '2017-11-10', 176674900.0000000000, 'DCD5', '2018-01-03 07:17:28', '2018-01-05 07:20:52'),
	(112, 1, 18, 'invoice', 6458400.0000000000, 'Dây cáp điện', 'day-cap-dien', '2017-10-16', 5871600.0000000000, 'DCD6', '2018-01-03 07:21:51', '2018-01-05 07:22:39'),
	(117, 1, 20, 'invoice', 0.0000000000, 'Dây cáp điện', 'day-cap-dien', '2017-06-27', 7690400.0000000000, 'DCD8', '2018-01-03 07:41:34', '2018-01-03 07:41:34'),
	(119, 1, 23, 'invoice', 0.0000000000, 'Ống điện và phụ kiện', 'ong-dien-va-phu-kien', '2017-06-14', 115657424.0000000000, 'OD1', '2018-01-03 08:55:25', '2018-01-03 08:55:28'),
	(120, 1, 23, 'invoice', 0.0000000000, 'Ống điện và phụ kiện', 'ong-dien-va-phu-kien', '2017-06-20', 26159500.0000000000, 'OD2', '2018-01-03 09:10:03', '2018-01-03 09:10:03'),
	(121, 1, 23, 'invoice', 0.0000000000, 'Ống điện và phụ kiện', 'ong-dien-va-phu-kien', '2017-07-07', 197949896.0000000000, 'OD3', '2018-01-03 09:22:31', '2018-01-03 09:22:32'),
	(122, 1, 23, 'invoice', 0.0000000000, 'Ống điện và phụ kiện', 'ong-dien-va-phu-kien', '2017-08-04', 19294650.0000000000, 'OD4', '2018-01-03 09:28:52', '2018-01-03 09:28:53'),
	(123, 1, 23, 'invoice', 0.0000000000, 'Ống điện và phụ kiện', 'ong-dien-va-phu-kien', '2017-09-07', 70698071.0000000000, 'OD5', '2018-01-03 09:38:02', '2018-01-03 09:38:03'),
	(124, 1, 23, 'invoice', 0.0000000000, 'Ống điện và phụ kiện', 'ong-dien-va-phu-kien', '2017-08-04', 4932650.0000000000, 'OD6', '2018-01-03 09:43:46', '2018-01-03 09:43:46'),
	(125, 1, 23, 'invoice', 0.0000000000, 'Ống điện và phụ kiện', 'ong-dien-va-phu-kien', '2017-10-06', 3436500.0000000000, 'OD7', '2018-01-03 09:45:24', '2018-01-03 09:45:24'),
	(126, 1, 23, 'invoice', 0.0000000000, 'Ống điện và phụ kiện', 'ong-dien-va-phu-kien', '2017-10-17', 23815469.0000000000, 'OD8', '2018-01-03 09:51:57', '2018-01-03 09:51:57'),
	(135, 1, 32, 'invoice', 0.0000000000, 'Thang máng cáp', 'thang-mang-cap', '2017-07-10', 95119500.0000000000, 'TMC1', '2018-01-04 01:12:37', '2018-01-04 01:12:38'),
	(136, 1, 32, 'invoice', 0.0000000000, 'Thang máng cáp', 'thang-mang-cap', '2017-08-08', 126907000.0000000000, 'TMC2', '2018-01-04 01:44:38', '2018-01-04 01:44:38'),
	(137, 1, 32, 'invoice', 0.0000000000, 'Thang máng cáp', 'thang-mang-cap', '2017-10-07', 72241000.0000000000, 'TMC3', '2018-01-04 01:50:58', '2018-01-04 01:50:58'),
	(138, 1, 33, 'invoice', 57319120.0000000000, 'Thép UV', 'thep-uv', '2017-08-14', 52108291.0000000000, '14.8/2017/XDVN-MEC', '2018-01-04 02:04:43', '2018-01-05 06:26:28'),
	(141, 1, 33, 'invoice', 843440.0000000000, 'Thép UV', 'thep-uv', '2017-11-22', 8434400.0000000000, 'TUV2', '2018-01-04 02:12:05', '2018-01-05 06:33:32'),
	(142, 1, 34, 'invoice', 77561000.0000000000, 'Cáp điện nhẹ', 'cap-dien-nhe', '2017-07-22', 70510000.0000000000, 'CDN1', '2018-01-04 02:27:06', '2018-01-05 07:07:03'),
	(143, 1, 34, 'invoice', 86955000.0000000000, 'Cáp điện nhẹ', 'cap-dien-nhe', '2017-10-06', 79050000.0000000000, 'CDN2', '2018-01-04 02:33:01', '2018-01-05 06:58:30'),
	(144, 1, 34, 'invoice', 0.0000000000, 'Cáp điện nhẹ CDN3', 'cap-dien-nhe-cdn3', '2017-11-09', 35700000.0000000000, 'CND3', '2018-01-04 02:39:05', '2018-01-04 02:39:06'),
	(145, 1, 35, 'invoice', 0.0000000000, 'Dây cáp quang DCQ1', 'day-cap-quang-dcq1', '2017-07-21', 10260000.0000000000, 'DCQ1', '2018-01-04 02:45:09', '2018-01-04 02:45:10'),
	(148, 1, 38, 'invoice', 0.0000000000, 'Vật tư phụ', 'vat-tu-phu', '2017-06-28', 29892500.0000000000, 'VTP1', '2018-01-04 03:17:05', '2018-01-04 03:17:08');
/*!40000 ALTER TABLE `invoices` ENABLE KEYS */;

-- Dumping structure for table tracker.materials
DROP TABLE IF EXISTS `materials`;
CREATE TABLE IF NOT EXISTS `materials` (
  `id` int(10) unsigned NOT NULL AUTO_INCREMENT,
  `uid` varchar(255) COLLATE utf8mb4_unicode_ci DEFAULT NULL,
  `name` varchar(255) COLLATE utf8mb4_unicode_ci NOT NULL,
  `category_id` int(11) NOT NULL,
  `brand` varchar(255) COLLATE utf8mb4_unicode_ci DEFAULT NULL,
  `currency` varchar(255) COLLATE utf8mb4_unicode_ci NOT NULL DEFAULT 'vnđ',
  `total_unit` bigint(20) NOT NULL DEFAULT '0',
  `total_price` decimal(50,10) NOT NULL DEFAULT '0.0000000000',
  `invoice_count` bigint(20) NOT NULL DEFAULT '0',
  `description` text COLLATE utf8mb4_unicode_ci,
  `per` varchar(255) COLLATE utf8mb4_unicode_ci NOT NULL,
  `created_at` timestamp NULL DEFAULT NULL,
  `updated_at` timestamp NULL DEFAULT NULL,
  `received_unit` int(11) DEFAULT '0',
  PRIMARY KEY (`id`)
) ENGINE=InnoDB AUTO_INCREMENT=224 DEFAULT CHARSET=utf8mb4 COLLATE=utf8mb4_unicode_ci;

-- Dumping data for table tracker.materials: ~89 rows (approximately)
DELETE FROM `materials`;
/*!40000 ALTER TABLE `materials` DISABLE KEYS */;
INSERT INTO `materials` (`id`, `uid`, `name`, `category_id`, `brand`, `currency`, `total_unit`, `total_price`, `invoice_count`, `description`, `per`, `created_at`, `updated_at`, `received_unit`) VALUES
	(19, NULL, 'Tủ át 14 - 18 MCB  Model : MIP22118', 19, 'Schneider', 'vnđ', 144, 63144000.0000000000, 2, NULL, 'Cái', '2018-01-03 03:30:15', '2018-01-03 04:03:16', 0),
	(102, NULL, 'Cu/PVC 1x1.5mm2 ( 1351105 )', 29, 'Cadisun', 'vnđ', 84300, 190521100.0000000000, 4, NULL, 'm', '2018-01-03 04:57:56', '2018-01-03 07:17:28', 0),
	(103, NULL, 'Cu/PVC 1x2.5mm2 ( 1351106 )', 29, 'Cadisun', 'vnđ', 78200, 287228400.0000000000, 4, NULL, 'm', '2018-01-03 04:57:56', '2018-01-03 07:17:28', 0),
	(104, NULL, 'Cu/PVC 1x4mm2 ( 1351107 )', 29, 'Cadisun', 'vnđ', 7800, 45090000.0000000000, 4, NULL, 'm', '2018-01-03 04:57:56', '2018-01-03 07:17:29', 0),
	(105, NULL, 'Cu/PVC 1x6mm2 ( 1351108 )', 29, 'Cadisun', 'vnđ', 7900, 68526900.0000000000, 4, NULL, 'm', '2018-01-03 04:57:56', '2018-01-03 07:17:29', 0),
	(106, NULL, 'Dây tiếp địa Cu/PVC 1x1.5mm2( 1351105 )', 29, 'Cadisun', 'vnđ', 1000, 2265000.0000000000, 2, NULL, 'm', '2018-01-03 04:57:56', '2018-01-03 07:06:38', 0),
	(107, NULL, 'Dây Tiếp địa Cu/PVC 1x2.5mm2 ( 1351106 )', 29, 'Cadisun', 'vnđ', 13000, 47775000.0000000000, 2, NULL, 'm', '2018-01-03 04:57:56', '2018-01-03 07:06:38', 0),
	(108, NULL, 'Dây tiếp đia Cu/PVC 1x4mm2 ( 1351107 )', 29, 'Cadisun', 'vnđ', 900, 5193000.0000000000, 2, NULL, 'm', '2018-01-03 04:57:56', '2018-01-03 07:06:38', 0),
	(109, NULL, 'Dây tiếp địa Cu/PVC 1x6mm2 ( 1351108 )', 29, 'Cadisun', 'vnđ', 900, 7719300.0000000000, 2, NULL, 'm', '2018-01-03 04:57:57', '2018-01-03 07:06:38', 0),
	(110, NULL, 'Cu/PVC/PVC 2x2.5 mm2', 29, 'Cadisun', 'vnđ', 1200, 9822000.0000000000, 2, NULL, 'm', '2018-01-03 04:57:57', '2018-01-03 07:06:38', 0),
	(111, NULL, 'Cu/PVC 1x16mm2 n(25212151Y1/G1 )', 29, 'Cadisun', 'vnđ', 4911, 108395592.0000000000, 3, NULL, 'm', '2018-01-03 07:03:08', '2018-01-03 07:13:50', 0),
	(112, NULL, 'Cu/XLPE/PVC 2x16mm2( 25322551 )', 29, 'Cadisun', 'vnđ', 4911, 241670310.0000000000, 3, NULL, 'm', '2018-01-03 07:03:08', '2018-01-03 07:13:50', 0),
	(113, NULL, 'Cu/PVC/PVC 2x1.5mm2', 29, 'Trần Phú', 'vnđ', 900, 5871600.0000000000, 1, NULL, 'm', '2018-01-03 07:21:51', '2018-01-03 07:21:51', 0),
	(122, NULL, 'Cu/PVC/PVC 2x1.5mm2', 29, 'Trần Phú', 'vnđ', 800, 5440000.0000000000, 1, NULL, 'm', '2018-01-03 07:41:34', '2018-01-03 07:41:34', 0),
	(123, NULL, 'Cu/PVC/PVC 2x2.5 mm2', 29, 'Trần Phú', 'vnđ', 200, 2250400.0000000000, 1, NULL, 'm', '2018-01-03 07:41:34', '2018-01-03 07:41:34', 0),
	(138, NULL, 'Ống luồn dây điện 750N - SP20 (2,92m/cây) SP9020', 31, 'SP', 'vnđ', 13644, 187045596.0000000000, 4, NULL, 'cây', '2018-01-03 08:55:25', '2018-01-03 09:51:57', 0),
	(139, NULL, 'Ống luồn dây điện 750N - SP25 (2,92m/cây) SP9025', 31, 'SP', 'vnđ', 3375, 63817875.0000000000, 3, NULL, 'cây', '2018-01-03 08:55:25', '2018-01-03 09:38:02', 0),
	(140, NULL, 'Ống luồn dây điện 750N - SP32 (2,92m/cây) SP9032', 31, 'SP', 'vnđ', 150, 5708250.0000000000, 1, NULL, 'cây', '2018-01-03 08:55:25', '2018-01-03 08:55:26', 0),
	(141, NULL, 'Ống luồn đàn hồi - SP16 (50m/cuộn) SP9016CM', 31, 'SP', 'vnđ', 150, 283250.0000000000, 2, NULL, 'm', '2018-01-03 08:55:26', '2018-01-03 09:43:46', 0),
	(142, NULL, 'Ống luồn đàn hồi - SP20 (50m/cuộn) SP9020CM', 31, 'SP', 'vnđ', 3900, 8552700.0000000000, 3, NULL, 'm', '2018-01-03 08:55:26', '2018-01-03 09:38:02', 0),
	(143, NULL, 'Ống luồn đàn hồi - SP25 (40m/cuộn) SP9025CM', 31, 'SP', 'vnđ', 1160, 3578600.0000000000, 3, NULL, 'm', '2018-01-03 08:55:26', '2018-01-03 09:51:57', 0),
	(144, NULL, 'Ống luồn đàn hồi - SP32 (25m/cuộn) SP9032CM', 31, 'SP', 'vnđ', 400, 2692800.0000000000, 2, NULL, 'm', '2018-01-03 08:55:26', '2018-01-03 09:38:03', 0),
	(145, NULL, 'Đế âm nhựa tự chống cháy dùng cho ổ cạo râu và ổ đôi 3 chấu kiểu Anh ET257', 31, 'SP', 'vnđ', 2295, 20737620.0000000000, 2, NULL, 'cái', '2018-01-03 08:55:26', '2018-01-03 09:22:31', 0),
	(146, NULL, 'Đế âm nhựa tự chống cháy dùng cho mặt chữ nhật S2157', 31, 'SP', 'vnđ', 288, 556416.0000000000, 2, NULL, 'cái', '2018-01-03 08:55:26', '2018-01-03 09:22:31', 0),
	(147, NULL, 'Đế âm nhựa tự chống cháy dùng cho mặt vuông - loại sâu S3157H', 31, 'SP', 'vnđ', 3262, 11041870.0000000000, 4, NULL, 'cái', '2018-01-03 08:55:26', '2018-01-03 09:51:57', 0),
	(148, NULL, 'Hộp chia ngả 3 đường D20 E240/20/3', 31, 'SP', 'vnđ', 5685, 20903745.0000000000, 4, NULL, 'cái', '2018-01-03 08:55:26', '2018-01-03 09:51:57', 0),
	(149, NULL, 'Hộp chia ngả 4 đường D20 E240/20/4', 31, 'SP', 'vnđ', 2051, 7541527.0000000000, 4, NULL, 'cái', '2018-01-03 08:55:26', '2018-01-03 09:51:57', 0),
	(150, NULL, 'Hộp chia ngả 3 đường D25 E240/25/3', 31, 'SP', 'vnđ', 310, 1289600.0000000000, 3, NULL, 'cái', '2018-01-03 08:55:27', '2018-01-03 09:28:52', 0),
	(151, NULL, 'Nắp đậy hộp chia ngả E240LS', 31, 'SP', 'vnđ', 8046, 7490826.0000000000, 5, NULL, 'cái', '2018-01-03 08:55:27', '2018-01-03 09:51:57', 0),
	(152, NULL, 'Đầu + khớp nối ren D20 E258+281/20', 31, 'SP', 'vnđ', 12200, 16722000.0000000000, 4, NULL, 'cái', '2018-01-03 08:55:27', '2018-01-03 09:51:57', 0),
	(153, NULL, 'Đầu + khớp nối ren D25 E258+281/25', 31, 'SP', 'vnđ', 4900, 8569400.0000000000, 3, NULL, 'cái', '2018-01-03 08:55:27', '2018-01-03 09:43:46', 0),
	(154, NULL, 'Đầu + khớp nối ren D32 E258+281/32', 31, 'SP', 'vnđ', 350, 997850.0000000000, 1, NULL, 'cái', '2018-01-03 08:55:27', '2018-01-03 08:55:27', 0),
	(155, NULL, 'Hộp nối dây tự chống cháy 235x235x80 E265/53', 31, 'SP', 'vnđ', 144, 8713296.0000000000, 2, NULL, 'cái', '2018-01-03 08:55:27', '2018-01-03 09:22:32', 0),
	(156, NULL, 'Hộp nối dây tự chống cháy 160x160x80 E265/33', 31, 'SP', 'vnđ', 612, 20224764.0000000000, 3, NULL, 'cái', '2018-01-03 08:55:27', '2018-01-03 09:38:03', 0),
	(157, NULL, 'Khớp nối trơn D20 E242/20', 31, 'SP', 'vnđ', 23100, 13167000.0000000000, 3, NULL, 'cái', '2018-01-03 08:55:27', '2018-01-03 09:38:03', 0),
	(158, NULL, 'Khớp nối trơn D25 E242/25', 31, 'SP', 'vnđ', 6100, 5679100.0000000000, 3, NULL, 'cái', '2018-01-03 08:55:27', '2018-01-03 09:38:03', 0),
	(159, NULL, 'Khớp nối trơn D32 E242/32', 31, 'SP', 'vnđ', 200, 256000.0000000000, 1, NULL, 'cái', '2018-01-03 08:55:27', '2018-01-03 08:55:28', 0),
	(160, NULL, 'Kẹp đỡ ống D20 E280/20', 31, 'SP', 'vnđ', 36975, 27546375.0000000000, 5, NULL, 'cái', '2018-01-03 08:55:28', '2018-01-03 09:51:57', 0),
	(161, NULL, 'Kẹp đỡ ống D25 E280/25', 31, 'SP', 'vnđ', 10000, 12800000.0000000000, 5, NULL, 'cái', '2018-01-03 08:55:28', '2018-01-03 09:51:57', 0),
	(162, NULL, 'Kẹp đỡ ống D32 E280/32', 31, 'SP', 'vnđ', 200, 300200.0000000000, 1, NULL, 'cái', '2018-01-03 08:55:28', '2018-01-03 08:55:28', 0),
	(163, NULL, 'Dây điện thoại - 0,5mm X2p TLD/0,5MMx2P', 31, 'Sino', 'vnđ', 2500, 5727500.0000000000, 2, NULL, 'm', '2018-01-03 09:22:32', '2018-01-03 09:45:24', 0),
	(173, NULL, 'Máng 200x50x1.5 ( thanh 2500mm) + Mạ kẽm nhúng nóng', 40, NULL, 'vnđ', 1291, 140664500.0000000000, 3, NULL, 'm', '2018-01-04 01:12:37', '2018-01-04 01:50:58', 0),
	(174, NULL, 'Nắp máng', 40, NULL, 'vnđ', 1290, 105780000.0000000000, 3, NULL, 'm', '2018-01-04 01:12:37', '2018-01-04 01:50:58', 0),
	(175, NULL, 'Nối máng-Mạ kẽm nhúng nóng', 40, NULL, 'vnđ', 1440, 9360000.0000000000, 3, NULL, 'm', '2018-01-04 01:12:37', '2018-01-04 01:50:58', 0),
	(176, NULL, 'Co ngang máng 200x50-Mạ kẽm nhúng nóng', 40, NULL, 'vnđ', 40, 6499000.0000000000, 3, NULL, 'm', '2018-01-04 01:12:37', '2018-01-04 01:50:58', 0),
	(177, NULL, 'Nắp co ngang máng 200x50', 40, NULL, 'vnđ', 19, 1577000.0000000000, 3, NULL, 'm', '2018-01-04 01:12:37', '2018-01-04 01:50:58', 0),
	(178, NULL, 'Co đứng máng 200x50-Mạ kẽm nhúng nóng', 40, NULL, 'vnđ', 27, 4779000.0000000000, 3, NULL, 'm', '2018-01-04 01:12:38', '2018-01-04 01:50:58', 0),
	(179, NULL, 'Bịt cuối máng 200x50-Mạ kẽm nhúng nóng', 40, NULL, 'vnđ', 40, 300000.0000000000, 3, NULL, 'm', '2018-01-04 01:12:38', '2018-01-04 01:50:58', 0),
	(180, NULL, 'Kẹp máng 200-Mạ kẽm nhúng nóng', 40, NULL, 'vnđ', 1820, 4550000.0000000000, 3, NULL, 'm', '2018-01-04 01:12:38', '2018-01-04 01:50:58', 0),
	(181, NULL, 'Giá đỡ máng 200-Mạ kẽm nhúng nóng', 40, NULL, 'vnđ', 912, 12768000.0000000000, 3, NULL, 'm', '2018-01-04 01:12:38', '2018-01-04 01:50:58', 0),
	(182, NULL, 'Giá đỡ 7-8 ống PPR D25-Mạ kẽm nhúng nóng', 40, NULL, 'vnđ', 206, 3090000.0000000000, 3, NULL, 'm', '2018-01-04 01:12:38', '2018-01-04 01:50:58', 0),
	(183, NULL, 'Giá đỡ 4-6 ống PPR D25-Mạ kẽm nhúng nóng', 40, NULL, 'vnđ', 266, 3724000.0000000000, 3, NULL, 'm', '2018-01-04 01:12:38', '2018-01-04 01:50:58', 0),
	(184, NULL, 'Giá đỡ 1-3 ống PPR D25-Mạ kẽm nhúng nóng', 40, NULL, 'vnđ', 84, 1176000.0000000000, 3, NULL, 'm', '2018-01-04 01:12:38', '2018-01-04 01:50:58', 0),
	(185, NULL, 'V 30x3x6m', 41, NULL, 'vnđ', 60, 1452000.0000000000, 1, NULL, 'm', '2018-01-04 02:04:44', '2018-01-04 02:04:44', 0),
	(186, NULL, 'V 50x5x6m', 41, NULL, 'vnđ', 180, 7614000.0000000000, 1, NULL, 'm', '2018-01-04 02:04:44', '2018-01-04 02:04:44', 0),
	(187, NULL, 'U 65x6m', 41, NULL, 'vnđ', 420, 35574000.0000000000, 1, NULL, 'm', '2018-01-04 02:04:44', '2018-01-04 02:04:44', 0),
	(188, NULL, 'U 80x6m', 41, NULL, 'vnđ', 72, 6559200.0000000000, 1, NULL, 'm', '2018-01-04 02:04:44', '2018-01-04 02:04:44', 0),
	(189, NULL, 'Vận chuyển', 41, NULL, 'vnđ', 1, 909091.0000000000, 1, NULL, 'chuyến', '2018-01-04 02:04:44', '2018-01-04 02:04:44', 0),
	(192, NULL, 'U80x3.5x6m', 41, NULL, 'vnđ', 12, 7934400.0000000000, 1, NULL, 'cây', '2018-01-04 02:12:05', '2018-01-04 02:12:06', 0),
	(193, NULL, 'Vận chuyển', 41, NULL, 'vnđ', 1, 500000.0000000000, 1, NULL, 'chuyến', '2018-01-04 02:12:06', '2018-01-04 02:12:06', 0),
	(194, NULL, 'Cáp mạng vi tính  CAT5E UTP 4P-0.5 ( 305m/Cuộn) 301-10008E-03GY', 45, 'Alantek', 'vnđ', 58, 81200000.0000000000, 3, NULL, 'cuộn', '2018-01-04 02:27:06', '2018-01-04 02:39:06', 0),
	(195, NULL, 'Cáp đồng trục RG - 6U (305m/Cuộn) 301-RG0600-SSBK-1223', 45, 'Alantek', 'vnđ', 28, 29400000.0000000000, 3, NULL, 'cuộn', '2018-01-04 02:27:06', '2018-01-04 02:39:06', 0),
	(196, NULL, 'Cáp đồng trục RG11 301-RG1100-SSBK-2223', 45, 'Alantek', 'vnđ', 19, 43700000.0000000000, 2, NULL, 'cuộn', '2018-01-04 02:27:06', '2018-01-04 02:33:01', 0),
	(197, NULL, 'Cáp đồng trục  RG 59U 301-RG59-SSBK-1223', 45, 'Alantek', 'vnđ', 1, 960000.0000000000, 1, NULL, 'cuộn', '2018-01-04 02:27:06', '2018-01-04 02:27:06', 0),
	(198, NULL, 'Cáp điều khiển 16AWG (500m/Cuôn) 301-CI9501-05LS', 45, 'Alantek', 'vnđ', 3, 30000000.0000000000, 2, NULL, 'cuộn', '2018-01-04 02:27:06', '2018-01-04 02:33:01', 0),
	(199, NULL, 'Dây thuê bao quang 2Fo', 46, NULL, 'vnđ', 5400, 10260000.0000000000, 1, NULL, 'm', '2018-01-04 02:45:09', '2018-01-04 02:45:09', 0),
	(202, NULL, 'DT_15A21 - Đai treo 15A(21)', 49, NULL, 'vnđ', 1500, 3150000.0000000000, 1, NULL, 'm', '2018-01-04 03:17:05', '2018-01-04 03:17:05', 0),
	(203, NULL, 'DT_20A28 - Đai treo 20A(28)', 49, NULL, 'vnđ', 1500, 3300000.0000000000, 1, NULL, 'm', '2018-01-04 03:17:05', '2018-01-04 03:17:05', 0),
	(204, NULL, 'TREN_M8X2M - Thanh ren M8 2m', 49, NULL, 'vnđ', 500, 4600000.0000000000, 1, NULL, 'cây', '2018-01-04 03:17:05', '2018-01-04 03:17:06', 0),
	(205, NULL, 'ND_M8 - Nở đóng M8', 49, NULL, 'vnđ', 2500, 2000000.0000000000, 1, NULL, 'm', '2018-01-04 03:17:06', '2018-01-04 03:17:06', 0),
	(206, NULL, 'ECU_M8 - ECU M8+ LD_M8 - LONG ĐEN M8', 49, NULL, 'vnđ', 8000, 1360000.0000000000, 1, NULL, 'm', '2018-01-04 03:17:06', '2018-01-04 03:17:06', 0),
	(207, NULL, 'UB_20AM6 - UBOLT 20A(28) M6', 49, NULL, 'vnđ', 1000, 660000.0000000000, 1, NULL, 'm', '2018-01-04 03:17:06', '2018-01-04 03:17:06', 0),
	(208, NULL, 'ECU_M6 - ECU M6', 49, NULL, 'vnđ', 2000, 120000.0000000000, 1, NULL, 'm', '2018-01-04 03:17:06', '2018-01-04 03:17:06', 0),
	(209, NULL, 'LD_M6 - LONG ĐEN M6', 49, NULL, 'vnđ', 2000, 80000.0000000000, 1, NULL, 'm', '2018-01-04 03:17:06', '2018-01-04 03:17:06', 0),
	(210, NULL, 'DT_100A110 - Đai treo 100A(110)', 49, NULL, 'vnđ', 80, 360000.0000000000, 1, NULL, 'm', '2018-01-04 03:17:06', '2018-01-04 03:17:06', 0),
	(211, NULL, 'DT_80A90 - Đai treo 80A(90)', 49, NULL, 'vnđ', 40, 140000.0000000000, 1, NULL, 'm', '2018-01-04 03:17:06', '2018-01-04 03:17:06', 0),
	(212, NULL, 'DT_65A76 - Đai treo 65A(76)', 49, NULL, 'vnđ', 800, 2640000.0000000000, 1, NULL, 'm', '2018-01-04 03:17:06', '2018-01-04 03:17:06', 0),
	(213, NULL, 'DT_32A43 - Đai treo 32A(43)', 49, NULL, 'vnđ', 40, 96000.0000000000, 1, NULL, 'm', '2018-01-04 03:17:07', '2018-01-04 03:17:07', 0),
	(214, NULL, 'TREN_M10X2M - Thanh ren M10 2m', 49, NULL, 'vnđ', 300, 4320000.0000000000, 1, NULL, 'cây', '2018-01-04 03:17:07', '2018-01-04 03:17:07', 0),
	(215, NULL, 'NS_M10X60 - Nở sắt M10x60', 49, NULL, 'vnđ', 400, 540000.0000000000, 1, NULL, 'm', '2018-01-04 03:17:07', '2018-01-04 03:17:07', 0),
	(216, NULL, 'ND_M10 - Nở đóng M10', 49, NULL, 'vnđ', 800, 1080000.0000000000, 1, NULL, 'm', '2018-01-04 03:17:07', '2018-01-04 03:17:07', 0),
	(217, NULL, 'UB_125AM10 - UBOLT 125A(140)  M10', 49, NULL, 'vnđ', 400, 1758000.0000000000, 1, NULL, 'm', '2018-01-04 03:17:07', '2018-01-04 03:17:07', 0),
	(218, NULL, 'UB_100AM10 - UBOLT 100A(110-114)  M10', 49, NULL, 'vnđ', 250, 932500.0000000000, 1, NULL, 'm', '2018-01-04 03:17:07', '2018-01-04 03:17:07', 0),
	(219, NULL, 'ECU_M10 - ECU M10', 49, NULL, 'vnđ', 2800, 700000.0000000000, 1, NULL, 'm', '2018-01-04 03:17:07', '2018-01-04 03:17:07', 0),
	(220, NULL, 'LD_M10 - LONG ĐEN M10', 49, NULL, 'vnđ', 2800, 196000.0000000000, 1, NULL, 'm', '2018-01-04 03:17:07', '2018-01-04 03:17:07', 0),
	(221, NULL, 'VIT_530 - Vít 530', 49, NULL, 'vnđ', 12000, 1080000.0000000000, 1, NULL, 'm', '2018-01-04 03:17:07', '2018-01-04 03:17:07', 0),
	(222, NULL, 'NN_M6 - Nở nhựa 6', 49, NULL, 'vnđ', 12000, 720000.0000000000, 1, NULL, 'm', '2018-01-04 03:17:07', '2018-01-04 03:17:08', 0),
	(223, NULL, 'Vận chuyển', 49, NULL, 'vnđ', 1, 60000.0000000000, 1, NULL, 'chuyến', '2018-01-04 03:17:08', '2018-01-04 03:17:08', 0);
/*!40000 ALTER TABLE `materials` ENABLE KEYS */;

-- Dumping structure for table tracker.migrations
DROP TABLE IF EXISTS `migrations`;
CREATE TABLE IF NOT EXISTS `migrations` (
  `id` int(10) unsigned NOT NULL AUTO_INCREMENT,
  `migration` varchar(255) COLLATE utf8mb4_unicode_ci NOT NULL,
  `batch` int(11) NOT NULL,
  PRIMARY KEY (`id`)
) ENGINE=InnoDB AUTO_INCREMENT=19 DEFAULT CHARSET=utf8mb4 COLLATE=utf8mb4_unicode_ci;

-- Dumping data for table tracker.migrations: ~18 rows (approximately)
DELETE FROM `migrations`;
/*!40000 ALTER TABLE `migrations` DISABLE KEYS */;
INSERT INTO `migrations` (`id`, `migration`, `batch`) VALUES
	(1, '2014_10_12_000000_create_users_table', 1),
	(2, '2014_10_12_100000_create_password_resets_table', 1),
	(3, '2016_06_01_000001_create_oauth_auth_codes_table', 1),
	(4, '2016_06_01_000002_create_oauth_access_tokens_table', 1),
	(5, '2016_06_01_000003_create_oauth_refresh_tokens_table', 1),
	(6, '2016_06_01_000004_create_oauth_clients_table', 1),
	(7, '2016_06_01_000005_create_oauth_personal_access_clients_table', 1),
	(8, '2017_10_30_082858_create_works_table', 1),
	(9, '2017_10_30_082926_create_materials_table', 1),
	(10, '2017_10_30_083240_create_trackers_table', 1),
	(11, '2017_11_02_025902_create_categories_table', 1),
	(12, '2017_12_20_183957_create_table_providers', 1),
	(13, '2017_12_21_034539_create_table_invoices', 1),
	(14, '2017_12_24_173852_create_boq_table', 1),
	(15, '2017_12_24_174901_create_notes_table', 1),
	(16, '2017_12_24_174912_create_payments_table', 1),
	(17, '2017_12_26_024109_create_receives_table', 1),
	(18, '2017_12_26_040032_create_receive_tracker_pivot_table', 1);
/*!40000 ALTER TABLE `migrations` ENABLE KEYS */;

-- Dumping structure for table tracker.notes
DROP TABLE IF EXISTS `notes`;
CREATE TABLE IF NOT EXISTS `notes` (
  `id` int(10) unsigned NOT NULL AUTO_INCREMENT,
  `parent_id` bigint(20) NOT NULL,
  `parent_type` varchar(255) COLLATE utf8mb4_unicode_ci NOT NULL,
  `content` varchar(255) COLLATE utf8mb4_unicode_ci NOT NULL,
  `created_at` timestamp NULL DEFAULT NULL,
  `updated_at` timestamp NULL DEFAULT NULL,
  PRIMARY KEY (`id`)
) ENGINE=InnoDB DEFAULT CHARSET=utf8mb4 COLLATE=utf8mb4_unicode_ci;

-- Dumping data for table tracker.notes: ~0 rows (approximately)
DELETE FROM `notes`;
/*!40000 ALTER TABLE `notes` DISABLE KEYS */;
/*!40000 ALTER TABLE `notes` ENABLE KEYS */;

-- Dumping structure for table tracker.oauth_access_tokens
DROP TABLE IF EXISTS `oauth_access_tokens`;
CREATE TABLE IF NOT EXISTS `oauth_access_tokens` (
  `id` varchar(100) COLLATE utf8mb4_unicode_ci NOT NULL,
  `user_id` int(11) DEFAULT NULL,
  `client_id` int(11) NOT NULL,
  `name` varchar(255) COLLATE utf8mb4_unicode_ci DEFAULT NULL,
  `scopes` text COLLATE utf8mb4_unicode_ci,
  `revoked` tinyint(1) NOT NULL,
  `created_at` timestamp NULL DEFAULT NULL,
  `updated_at` timestamp NULL DEFAULT NULL,
  `expires_at` datetime DEFAULT NULL,
  PRIMARY KEY (`id`),
  KEY `oauth_access_tokens_user_id_index` (`user_id`)
) ENGINE=InnoDB DEFAULT CHARSET=utf8mb4 COLLATE=utf8mb4_unicode_ci;

-- Dumping data for table tracker.oauth_access_tokens: ~38 rows (approximately)
DELETE FROM `oauth_access_tokens`;
/*!40000 ALTER TABLE `oauth_access_tokens` DISABLE KEYS */;
INSERT INTO `oauth_access_tokens` (`id`, `user_id`, `client_id`, `name`, `scopes`, `revoked`, `created_at`, `updated_at`, `expires_at`) VALUES
	('01427078813d454eb9ef8b915f4ab851569f53ad2725cd11b5eec8ec50e82d8a1136010161cc6cfb', 1, 2, NULL, '[]', 0, '2017-12-27 08:17:57', '2017-12-27 08:17:57', '2018-12-27 08:17:57'),
	('03b32cea6c52bfde6a005df0319498a04e9d1f007520eb0bcc3849fcd627979d2a08381bc27baca5', 1, 2, NULL, '[]', 0, '2017-12-29 03:07:59', '2017-12-29 03:07:59', '2018-12-29 03:07:59'),
	('086c7ec015edff709a901fb8915d7259f488359f38242d1b4e47c8162d95a010380b3e90ce7f058d', 1, 2, NULL, '[]', 0, '2017-12-28 02:41:03', '2017-12-28 02:41:03', '2018-12-28 02:41:03'),
	('09cc54621a627e42c3cbb7b636471a5ade6125eafcfecbd0c989f52bdadc25c0841b44c1406e0d8f', 1, 2, NULL, '[]', 0, '2017-12-27 08:13:17', '2017-12-27 08:13:17', '2018-12-27 08:13:17'),
	('0e947ca7551663ff3166764f590e7fc1756a4406ac32ab8e0e3f9d341f02d8d52f1392af80443e7c', 1, 2, NULL, '[]', 0, '2017-12-27 08:15:28', '2017-12-27 08:15:28', '2018-12-27 08:15:28'),
	('117ad66a50d7ab66a96efd1304b52358755caf63314ee34180c64c85af84cd7b18f5785d63048b7d', 1, 2, NULL, '[]', 0, '2017-12-27 02:05:48', '2017-12-27 02:05:48', '2018-12-27 02:05:48'),
	('11e8e825df16af0e211a1682c625e775ee0c644c1ef399b24c539d39fb72944db889d50f9e50b361', 1, 2, NULL, '[]', 0, '2017-12-27 08:16:50', '2017-12-27 08:16:50', '2018-12-27 08:16:50'),
	('1395d69896c911e52155bb2ed938e0f87261d8c92db1dd5281e8b668307c3cc4ff6b2b3923d96ecc', 1, 2, NULL, '[]', 0, '2017-12-27 08:14:27', '2017-12-27 08:14:27', '2018-12-27 08:14:27'),
	('2ddc53974469675bdfed7c30d6d3bb82b5c63934ce2016b2a40e2355654bd06421e1bfe2fc616d48', 3, 2, NULL, '[]', 0, '2018-01-03 04:25:32', '2018-01-03 04:25:32', '2019-01-03 04:25:32'),
	('38508c6db18eb4d832fe716e13b9a5b9eaa413c3cf75d85f4e3df2a245aa40a39c2b289ae3284bc3', 1, 2, NULL, '[]', 0, '2017-12-27 03:22:01', '2017-12-27 03:22:01', '2018-12-27 03:22:01'),
	('4aa8e4bf24a030ae80a61e3dac26275aa3e4b43f3e22b9577326eeb1e20842e39d4347d2f9cd5150', 1, 2, NULL, '[]', 0, '2018-01-05 04:53:56', '2018-01-05 04:53:56', '2019-01-05 04:53:56'),
	('4d14629ec9c7c4b9d405b4e4f4a94120e3a446e852312b936b40487eb55d0040410ed89c437bee8b', 1, 2, NULL, '[]', 0, '2018-01-08 03:56:12', '2018-01-08 03:56:12', '2019-01-08 03:56:12'),
	('5076497b9d0bbe21198f390920e3ccf55087f767f867d25be81b6f46fde37c3d934bd4d1177ed19d', 1, 2, NULL, '[]', 0, '2017-12-29 07:45:35', '2017-12-29 07:45:35', '2018-12-29 07:45:35'),
	('562ca527d772e3fd1034207f9f19deab272ee700791083f52acfa130f94ec4d3cc8c2434dce66ccc', 1, 2, NULL, '[]', 0, '2018-01-05 01:41:19', '2018-01-05 01:41:19', '2019-01-05 01:41:19'),
	('5fac296c986b10b4ccf08bdf465124bf7dbbcfa7bba5b2de856beab4c1a8bf3d45375ef1f0f9d9f9', 1, 2, NULL, '[]', 0, '2017-12-29 03:18:10', '2017-12-29 03:18:10', '2018-12-29 03:18:10'),
	('6495e23ab2ac2dc036b57cc25574e0930c5227483f5e8edc079ceb3bcce0d4ffb420bb93b22ffed2', 1, 2, NULL, '[]', 0, '2018-01-02 01:38:03', '2018-01-02 01:38:03', '2019-01-02 01:38:03'),
	('6d5932238a3f1e141c79105159582dc2514e218e72fcc0070030ad2e7cc303559977c047ef1611cf', 1, 2, NULL, '[]', 0, '2017-12-27 08:30:15', '2017-12-27 08:30:15', '2018-12-27 08:30:15'),
	('6db083af2e6563d62888fe13c5056951c4edca5e11036ae0f8458f43c7f36713016314c1eb09c816', 1, 2, NULL, '[]', 0, '2017-12-27 08:11:16', '2017-12-27 08:11:16', '2018-12-27 08:11:16'),
	('74a632f2c1b8dc0423055a434335efcffbe38a2a257431cab21cf6254998b07588adf3cedd823deb', 1, 2, NULL, '[]', 0, '2017-12-27 08:03:03', '2017-12-27 08:03:03', '2018-12-27 08:03:03'),
	('7679e7d284413bac36c412b31379a1b97518b2ae6ab0edf774f4c1d43d70f076c448962253d7040b', 1, 2, NULL, '[]', 0, '2018-01-05 01:17:17', '2018-01-05 01:17:17', '2019-01-05 01:17:17'),
	('7a57437cf2e5b43b0c6238273fd0c0e7246e104a4b30743693ec3b52750332cb57852a2d9cc6d440', 1, 2, NULL, '[]', 0, '2018-01-03 02:17:19', '2018-01-03 02:17:19', '2019-01-03 02:17:19'),
	('7af07e130a8a3bcda5ec20cc2a80d47e1f76fe993b0d0da2fad0fee9dbaf0fd61af71449cab8946d', 2, 2, NULL, '[]', 0, '2018-01-05 07:45:09', '2018-01-05 07:45:09', '2019-01-05 07:45:09'),
	('7d0ad0ddf0c7b7aa7ea825e003f89b4fc8c616734a1ae1247884bfae85ae7e22c1bdc6a52e586104', 1, 2, NULL, '[]', 0, '2018-01-08 01:23:05', '2018-01-08 01:23:05', '2019-01-08 01:23:05'),
	('83bf03579eac2ff0804514faf65e6855366797b52f25ccd55d1b38bb722d8ebb116be4489f7e7a24', 2, 2, NULL, '[]', 0, '2018-01-05 07:00:58', '2018-01-05 07:00:58', '2019-01-05 07:00:58'),
	('8f41be4ae4e998410c158b725993973c19c814b6b0003e5c7908e51d1081f636f6642cadda15b6ff', 1, 2, NULL, '[]', 0, '2017-12-28 10:08:56', '2017-12-28 10:08:56', '2018-12-28 10:08:56'),
	('9d57a831d2580792608b14f846ab2911c70472f6698198eacbd100d47dc5330b066098edb7a0f3bf', 3, 2, NULL, '[]', 0, '2018-01-05 01:38:44', '2018-01-05 01:38:44', '2019-01-05 01:38:44'),
	('a69ef973bf47f1a7f561925ff06e23c36210cb438fa82fe0520740316367a2cbb05fa9e31f6fa8e4', 1, 2, NULL, '[]', 0, '2017-12-30 01:47:38', '2017-12-30 01:47:38', '2018-12-30 01:47:38'),
	('a7467150d2a4227c5bb25edc2c577e99f42dc612137eecac40bf9790d8179832dfc8575e13441009', 1, 2, NULL, '[]', 0, '2018-01-02 04:49:03', '2018-01-02 04:49:03', '2019-01-02 04:49:03'),
	('ad987d25c4db301e3518e4b1c23289d644a588036a43f08577309763f2088694e3bf7ab11b877daa', 1, 2, NULL, '[]', 0, '2018-01-02 04:57:09', '2018-01-02 04:57:09', '2019-01-02 04:57:09'),
	('b30935177188d742a5be629c190d78c89afeb9b6d6b4015610265bd826091d52b6d0a1816d341007', 3, 2, NULL, '[]', 0, '2018-01-05 04:04:36', '2018-01-05 04:04:36', '2019-01-05 04:04:36'),
	('b43e162cb9af840e1f8e943d2d3ea0981991056c30bf8b89d9859fe0122b66a175eec35d77784f36', 1, 2, NULL, '[]', 0, '2017-12-30 01:45:11', '2017-12-30 01:45:11', '2018-12-30 01:45:11'),
	('c04ff54b9815e70d639468cd1b9cc81869ffdddb95fc1b8c8a47ab5227686018b94c2864e4b61a84', 1, 2, NULL, '[]', 0, '2017-12-27 08:13:47', '2017-12-27 08:13:47', '2018-12-27 08:13:47'),
	('c66bba6866c9a0053d023d7aeda65c2cb22388441d517dc6354632ba5976eadcdb6dc86e7b5b6088', 1, 2, NULL, '[]', 0, '2017-12-27 08:35:22', '2017-12-27 08:35:22', '2018-12-27 08:35:22'),
	('c67f44ece946c72ee8e3524f185da6d2e3e965cec1eefabfaa6b0106e137ba5ae19ce559a6d18016', 1, 2, NULL, '[]', 0, '2017-12-29 07:46:04', '2017-12-29 07:46:04', '2018-12-29 07:46:04'),
	('c98fda300f21d70f6d7ce6dc51859c4631f563824d7de09db135171184fea6eba35ee302cb43593b', 1, 2, NULL, '[]', 0, '2018-01-02 01:30:16', '2018-01-02 01:30:16', '2019-01-02 01:30:16'),
	('cdf39628584cf1a40f0cb575fa4414da68b7b16e03a57d97836135bf812c369476fd98603d2c2163', 1, 2, NULL, '[]', 0, '2017-12-30 01:43:49', '2017-12-30 01:43:49', '2018-12-30 01:43:49'),
	('d664768afbff10a6b5560a91a6d7c45e30640b6fbaa37d50350266ef4c18deb61fff48ea35085971', 1, 2, NULL, '[]', 0, '2017-12-28 08:35:00', '2017-12-28 08:35:00', '2018-12-28 08:35:00'),
	('d692b523626b5afdd2bc1beb476a7614f34df1abcb7f52e04149a56d2bba23d7d38cf783564b2cb5', 1, 2, NULL, '[]', 0, '2017-12-29 10:14:04', '2017-12-29 10:14:04', '2018-12-29 10:14:04'),
	('d6a17df50cfde1901e48b943125813f3d3ada229073a87d9384ac8e3f8e229aeb7eaab66b3fdd5d3', 2, 2, NULL, '[]', 0, '2018-01-03 01:36:38', '2018-01-03 01:36:38', '2019-01-03 01:36:38'),
	('d6a27c2ba6185a0dbb39bd55967b342a142645b5909fe2e1927ac8ce317430a84994694ef0bb29c9', 2, 2, NULL, '[]', 0, '2018-01-02 05:25:26', '2018-01-02 05:25:26', '2019-01-02 05:25:26'),
	('e136e02a0646d2dffee0eadf20ff6288476ab9cef7e2ff1e4b8ae1fe4e014f784c853c9a74ad0305', 1, 2, NULL, '[]', 0, '2017-12-29 07:46:34', '2017-12-29 07:46:34', '2018-12-29 07:46:34'),
	('e586caa31b1ac5e68905adbf4a78645e0731d763ef1f2bda4ddd4fbf385ce56ef9f558ca1d35a072', 2, 2, NULL, '[]', 0, '2018-01-02 06:50:42', '2018-01-02 06:50:42', '2019-01-02 06:50:42'),
	('fb753c3f0182ddaaa6632ef981f680a7cb1bc0a79cce7e42867bf80df756f80ba91893528f20b09f', 3, 2, NULL, '[]', 0, '2018-01-05 04:12:19', '2018-01-05 04:12:19', '2019-01-05 04:12:19');
/*!40000 ALTER TABLE `oauth_access_tokens` ENABLE KEYS */;

-- Dumping structure for table tracker.oauth_auth_codes
DROP TABLE IF EXISTS `oauth_auth_codes`;
CREATE TABLE IF NOT EXISTS `oauth_auth_codes` (
  `id` varchar(100) COLLATE utf8mb4_unicode_ci NOT NULL,
  `user_id` int(11) NOT NULL,
  `client_id` int(11) NOT NULL,
  `scopes` text COLLATE utf8mb4_unicode_ci,
  `revoked` tinyint(1) NOT NULL,
  `expires_at` datetime DEFAULT NULL,
  PRIMARY KEY (`id`)
) ENGINE=InnoDB DEFAULT CHARSET=utf8mb4 COLLATE=utf8mb4_unicode_ci;

-- Dumping data for table tracker.oauth_auth_codes: ~0 rows (approximately)
DELETE FROM `oauth_auth_codes`;
/*!40000 ALTER TABLE `oauth_auth_codes` DISABLE KEYS */;
/*!40000 ALTER TABLE `oauth_auth_codes` ENABLE KEYS */;

-- Dumping structure for table tracker.oauth_clients
DROP TABLE IF EXISTS `oauth_clients`;
CREATE TABLE IF NOT EXISTS `oauth_clients` (
  `id` int(10) unsigned NOT NULL AUTO_INCREMENT,
  `user_id` int(11) DEFAULT NULL,
  `name` varchar(255) COLLATE utf8mb4_unicode_ci NOT NULL,
  `secret` varchar(100) COLLATE utf8mb4_unicode_ci NOT NULL,
  `redirect` text COLLATE utf8mb4_unicode_ci NOT NULL,
  `personal_access_client` tinyint(1) NOT NULL,
  `password_client` tinyint(1) NOT NULL,
  `revoked` tinyint(1) NOT NULL,
  `created_at` timestamp NULL DEFAULT NULL,
  `updated_at` timestamp NULL DEFAULT NULL,
  PRIMARY KEY (`id`),
  KEY `oauth_clients_user_id_index` (`user_id`)
) ENGINE=InnoDB AUTO_INCREMENT=3 DEFAULT CHARSET=utf8mb4 COLLATE=utf8mb4_unicode_ci;

-- Dumping data for table tracker.oauth_clients: ~2 rows (approximately)
DELETE FROM `oauth_clients`;
/*!40000 ALTER TABLE `oauth_clients` DISABLE KEYS */;
INSERT INTO `oauth_clients` (`id`, `user_id`, `name`, `secret`, `redirect`, `personal_access_client`, `password_client`, `revoked`, `created_at`, `updated_at`) VALUES
	(1, NULL, 'Laravel Personal Access Client', 'Wwi5wwiftEsBsU8gd07W3r1YBnFjEkCrkjxDEFSm', 'http://localhost', 1, 0, 0, '2017-12-27 02:05:25', '2017-12-27 02:05:25'),
	(2, NULL, 'Laravel Password Grant Client', 'D8d2UvaXaBe6ommOdVgnVpwPrtmiJPDQN5k6cBNJ', 'http://localhost', 0, 1, 0, '2017-12-27 02:05:25', '2017-12-27 02:05:25');
/*!40000 ALTER TABLE `oauth_clients` ENABLE KEYS */;

-- Dumping structure for table tracker.oauth_personal_access_clients
DROP TABLE IF EXISTS `oauth_personal_access_clients`;
CREATE TABLE IF NOT EXISTS `oauth_personal_access_clients` (
  `id` int(10) unsigned NOT NULL AUTO_INCREMENT,
  `client_id` int(11) NOT NULL,
  `created_at` timestamp NULL DEFAULT NULL,
  `updated_at` timestamp NULL DEFAULT NULL,
  PRIMARY KEY (`id`),
  KEY `oauth_personal_access_clients_client_id_index` (`client_id`)
) ENGINE=InnoDB AUTO_INCREMENT=2 DEFAULT CHARSET=utf8mb4 COLLATE=utf8mb4_unicode_ci;

-- Dumping data for table tracker.oauth_personal_access_clients: ~0 rows (approximately)
DELETE FROM `oauth_personal_access_clients`;
/*!40000 ALTER TABLE `oauth_personal_access_clients` DISABLE KEYS */;
INSERT INTO `oauth_personal_access_clients` (`id`, `client_id`, `created_at`, `updated_at`) VALUES
	(1, 1, '2017-12-27 02:05:25', '2017-12-27 02:05:25');
/*!40000 ALTER TABLE `oauth_personal_access_clients` ENABLE KEYS */;

-- Dumping structure for table tracker.oauth_refresh_tokens
DROP TABLE IF EXISTS `oauth_refresh_tokens`;
CREATE TABLE IF NOT EXISTS `oauth_refresh_tokens` (
  `id` varchar(100) COLLATE utf8mb4_unicode_ci NOT NULL,
  `access_token_id` varchar(100) COLLATE utf8mb4_unicode_ci NOT NULL,
  `revoked` tinyint(1) NOT NULL,
  `expires_at` datetime DEFAULT NULL,
  PRIMARY KEY (`id`),
  KEY `oauth_refresh_tokens_access_token_id_index` (`access_token_id`)
) ENGINE=InnoDB DEFAULT CHARSET=utf8mb4 COLLATE=utf8mb4_unicode_ci;

-- Dumping data for table tracker.oauth_refresh_tokens: ~38 rows (approximately)
DELETE FROM `oauth_refresh_tokens`;
/*!40000 ALTER TABLE `oauth_refresh_tokens` DISABLE KEYS */;
INSERT INTO `oauth_refresh_tokens` (`id`, `access_token_id`, `revoked`, `expires_at`) VALUES
	('0e479fd4244549e3a55fa72a4ba1f4de512b8c60a8a1f6bcd73e3ff9379bc076e4da4009fd20551f', '7af07e130a8a3bcda5ec20cc2a80d47e1f76fe993b0d0da2fad0fee9dbaf0fd61af71449cab8946d', 0, '2019-01-05 07:45:09'),
	('10467cc77fc1386f34ca6032fa1fa62a5c18e09e4e5fa35281360fab4c5b3ee74439c8f95bec4085', '9d57a831d2580792608b14f846ab2911c70472f6698198eacbd100d47dc5330b066098edb7a0f3bf', 0, '2019-01-05 01:38:44'),
	('11106abc786c40761e3de7eea26a5b74b663412f07c485e0e5faded6844ae692d00b253a61a13cae', '6db083af2e6563d62888fe13c5056951c4edca5e11036ae0f8458f43c7f36713016314c1eb09c816', 0, '2018-12-27 08:11:16'),
	('1922cb5e4c8ecf437cf3c4e1642b0eb779ad06436da778c18cafe64b1e2c2a13dee273fcbeadba61', 'c98fda300f21d70f6d7ce6dc51859c4631f563824d7de09db135171184fea6eba35ee302cb43593b', 0, '2019-01-02 01:30:16'),
	('2301b9ae3b76ed4d558170b3a8c23a8ef462d3e254846b27c9bcf8e6c49c6f7d206af6d0d2a86378', 'fb753c3f0182ddaaa6632ef981f680a7cb1bc0a79cce7e42867bf80df756f80ba91893528f20b09f', 0, '2019-01-05 04:12:19'),
	('30eb29fffd1883fc972ac29de5e7a0e4b6e181a3a8ed4e00182f3d95024afab464093ed964c329a9', 'cdf39628584cf1a40f0cb575fa4414da68b7b16e03a57d97836135bf812c369476fd98603d2c2163', 0, '2018-12-30 01:43:49'),
	('31ab2e91c37ebdcb9555757e083128743861efdca0cb3097a8de333b833013170456b44c2ca22eac', '83bf03579eac2ff0804514faf65e6855366797b52f25ccd55d1b38bb722d8ebb116be4489f7e7a24', 0, '2019-01-05 07:00:58'),
	('352cc7c4ae55654aa7da2c76b2d7fda5c0a4e7031a1230c2056c021c8f268bc79d2f0e221353abc6', 'd664768afbff10a6b5560a91a6d7c45e30640b6fbaa37d50350266ef4c18deb61fff48ea35085971', 0, '2018-12-28 08:35:00'),
	('36ee866b8bdee7734d58055541e6fc9aff6a9eac93998b0306542cbdd6f0c1ada19975ba1dec367e', '5076497b9d0bbe21198f390920e3ccf55087f767f867d25be81b6f46fde37c3d934bd4d1177ed19d', 0, '2018-12-29 07:45:35'),
	('376445ee5b387da3915d7ae7e6a449c3e3a8514a03ba1debda0cfd2b7df7b1b4f855d47925dc7aa1', 'ad987d25c4db301e3518e4b1c23289d644a588036a43f08577309763f2088694e3bf7ab11b877daa', 0, '2019-01-02 04:57:09'),
	('3941718d8017787fd53bcd0b4d65ddba55a3cd62a254a8443fb68bb29d0c9241f2e651d15fc3e946', 'a7467150d2a4227c5bb25edc2c577e99f42dc612137eecac40bf9790d8179832dfc8575e13441009', 0, '2019-01-02 04:49:03'),
	('3b6538ef98e4a8a10e65c99f2df1ba02f80232acd71f31c8816866c87b12cbd02d602a38c50f59eb', '11e8e825df16af0e211a1682c625e775ee0c644c1ef399b24c539d39fb72944db889d50f9e50b361', 0, '2018-12-27 08:16:50'),
	('3f606fcad3480ce6790a869a50662a9ba050c8d4d68c585b5a86f93e5c2a2d30b67cf1a5fc45fe6e', 'd6a27c2ba6185a0dbb39bd55967b342a142645b5909fe2e1927ac8ce317430a84994694ef0bb29c9', 0, '2019-01-02 05:25:26'),
	('48e81ca5e44a288691b64b6ab4115b3518c2449ed79671cea24c80f1064b80f560d16371b46c2c8f', '1395d69896c911e52155bb2ed938e0f87261d8c92db1dd5281e8b668307c3cc4ff6b2b3923d96ecc', 0, '2018-12-27 08:14:27'),
	('4c265dfbc0d8175d81bfe9fc0001b7603aa2fa007d04db20223bd24ee0f2f809b1d4c36caf4f5a75', '7a57437cf2e5b43b0c6238273fd0c0e7246e104a4b30743693ec3b52750332cb57852a2d9cc6d440', 0, '2019-01-03 02:17:19'),
	('510884cb72e8bdacfbf76de7c35fb63c1dcff5d767270ad8dff833c8283bf5d3b62b1dbf7dc6add7', '38508c6db18eb4d832fe716e13b9a5b9eaa413c3cf75d85f4e3df2a245aa40a39c2b289ae3284bc3', 0, '2018-12-27 03:22:01'),
	('526eca6fc08aea8706bcae4a62c13f2fa58a727453aebfbda715e467061fd481ccfcc23680340523', 'd692b523626b5afdd2bc1beb476a7614f34df1abcb7f52e04149a56d2bba23d7d38cf783564b2cb5', 0, '2018-12-29 10:14:04'),
	('5e3e0ee15519a77ff06ea20007ca293547fde158c02cb8c028a9338ddeb9e770d0d4a61d6445c592', 'b30935177188d742a5be629c190d78c89afeb9b6d6b4015610265bd826091d52b6d0a1816d341007', 0, '2019-01-05 04:04:36'),
	('611524d43899d283aef75804bf15fefac9077b6a7f599b739367a0ec80a23ef09a59657b0a3f5282', '8f41be4ae4e998410c158b725993973c19c814b6b0003e5c7908e51d1081f636f6642cadda15b6ff', 0, '2018-12-28 10:08:56'),
	('68c2edf827eb7ee703f2512ac14f6e54157311718ef6339b7ccdc89d8a121f3876b30596ac0e0af2', '4d14629ec9c7c4b9d405b4e4f4a94120e3a446e852312b936b40487eb55d0040410ed89c437bee8b', 0, '2019-01-08 03:56:12'),
	('6da0537a5b82a4a18ba2a803e96b614f52f09b3f39d18e81b4b06e1c35314cdf71d0a67900a92b67', 'd6a17df50cfde1901e48b943125813f3d3ada229073a87d9384ac8e3f8e229aeb7eaab66b3fdd5d3', 0, '2019-01-03 01:36:38'),
	('6e3849f8f66d2f9918c2ce6c5e628e9a250e7292087c8c64cfbf32a884a79375e74227e5af44f063', '4aa8e4bf24a030ae80a61e3dac26275aa3e4b43f3e22b9577326eeb1e20842e39d4347d2f9cd5150', 0, '2019-01-05 04:53:56'),
	('6e7f8f2807a3592b2a10c9375235dda55b5e65222dba571627ec7d508be106146360ec78bcea0c15', 'e136e02a0646d2dffee0eadf20ff6288476ab9cef7e2ff1e4b8ae1fe4e014f784c853c9a74ad0305', 0, '2018-12-29 07:46:34'),
	('790d95d22639830f0141ed11b3c893d8cfcf951f9a7fa1fecc81fce4e11b81ebe45507ffefeb0cb9', '09cc54621a627e42c3cbb7b636471a5ade6125eafcfecbd0c989f52bdadc25c0841b44c1406e0d8f', 0, '2018-12-27 08:13:17'),
	('7ef1f72916799094a0edef274ea8518a5b86ef5cdfbd2863474e9a5bcd82e30412cf8a58ca740a7a', '086c7ec015edff709a901fb8915d7259f488359f38242d1b4e47c8162d95a010380b3e90ce7f058d', 0, '2018-12-28 02:41:03'),
	('8911b23beaafab1dc3a5f90785e9fba059f3cb9fbba9c488c4926e2c2028e16c1ab90d6a12349421', '0e947ca7551663ff3166764f590e7fc1756a4406ac32ab8e0e3f9d341f02d8d52f1392af80443e7c', 0, '2018-12-27 08:15:28'),
	('89565d0bd98d014183a5976e6804ae5ded3fbc271cc1cf77f5ca74c2c2d65d1557a2b1365b2b0488', '74a632f2c1b8dc0423055a434335efcffbe38a2a257431cab21cf6254998b07588adf3cedd823deb', 0, '2018-12-27 08:03:03'),
	('8ea81e2674905703125a74989c6b2dda5fadaf4ec0024b2149228369c6974349687e35e8f440352a', 'c66bba6866c9a0053d023d7aeda65c2cb22388441d517dc6354632ba5976eadcdb6dc86e7b5b6088', 0, '2018-12-27 08:35:22'),
	('9051c2e955cf9377aa870b2a32eecde3de5c47d60056218137673374369f99a451a318f3e3512f92', '562ca527d772e3fd1034207f9f19deab272ee700791083f52acfa130f94ec4d3cc8c2434dce66ccc', 0, '2019-01-05 01:41:19'),
	('9dab8fdcae9d11d3c92bae0406443747a7a796457e8275744d52fcc15f210dc1dc506344be4202cc', '5fac296c986b10b4ccf08bdf465124bf7dbbcfa7bba5b2de856beab4c1a8bf3d45375ef1f0f9d9f9', 0, '2018-12-29 03:18:10'),
	('a2a91992332807d1600d89683cc2db9ec469dcabd2309829758a16c392dc667d454d2cf55daebddb', '6d5932238a3f1e141c79105159582dc2514e218e72fcc0070030ad2e7cc303559977c047ef1611cf', 0, '2018-12-27 08:30:15'),
	('a37454ba3ebcb892c82b03df891fc89425651f1db9927fc323a2f8d7f2bf71cfdb0174372ff6b96d', '7679e7d284413bac36c412b31379a1b97518b2ae6ab0edf774f4c1d43d70f076c448962253d7040b', 0, '2019-01-05 01:17:17'),
	('b9cc0c45d2d57ee6c90a2ab304a1c9df21d4ff5ac83364ea2584e3e17bfb741b83ec8475f68795bf', '7d0ad0ddf0c7b7aa7ea825e003f89b4fc8c616734a1ae1247884bfae85ae7e22c1bdc6a52e586104', 0, '2019-01-08 01:23:05'),
	('c0c7c751b1865e74cff8ca13974dd1d89c280c9e875719a46f98375e113038eade37f47c35d1cc01', 'a69ef973bf47f1a7f561925ff06e23c36210cb438fa82fe0520740316367a2cbb05fa9e31f6fa8e4', 0, '2018-12-30 01:47:38'),
	('ce08dfd30d3d175e690f3b15d67946edc45bacbfbc8997f59f145e276fc88661148b373f9406f314', 'e586caa31b1ac5e68905adbf4a78645e0731d763ef1f2bda4ddd4fbf385ce56ef9f558ca1d35a072', 0, '2019-01-02 06:50:42'),
	('cee585b3221378d5a31b3079853c84caf076767943b4a5b669d7285a12b2248b0b594e56548637fc', '01427078813d454eb9ef8b915f4ab851569f53ad2725cd11b5eec8ec50e82d8a1136010161cc6cfb', 0, '2018-12-27 08:17:57'),
	('cfa50004fc675826e8d05e58088ca2e8d9beb758cd9e5c21458474282d5ccd508a4c488afded3cce', 'c04ff54b9815e70d639468cd1b9cc81869ffdddb95fc1b8c8a47ab5227686018b94c2864e4b61a84', 0, '2018-12-27 08:13:47'),
	('d7f1c72f28a89caf41498149de0fc6fdfde301ae50b51b97ff1c845fb18f15f4749c034ad403dfb1', 'c67f44ece946c72ee8e3524f185da6d2e3e965cec1eefabfaa6b0106e137ba5ae19ce559a6d18016', 0, '2018-12-29 07:46:04'),
	('e3df67961eeb2f2fa497edd30bc2fc04e4b2cee8eab2d847bad077db15a8341f7e1c343d6e431450', 'b43e162cb9af840e1f8e943d2d3ea0981991056c30bf8b89d9859fe0122b66a175eec35d77784f36', 0, '2018-12-30 01:45:11'),
	('e64b867b88bc1071b4bd623b37d08a675ba1136ae55479528f0faacacbb85f495cf2db53ef3cab4a', '117ad66a50d7ab66a96efd1304b52358755caf63314ee34180c64c85af84cd7b18f5785d63048b7d', 0, '2018-12-27 02:05:48'),
	('e7974a984a3196c0f3ac27ae18e0f337d698f624e01ed2780c5a98bfc3d7638d6303eed86c7ee87d', '03b32cea6c52bfde6a005df0319498a04e9d1f007520eb0bcc3849fcd627979d2a08381bc27baca5', 0, '2018-12-29 03:07:59'),
	('f3a24febcfa47a10ff4f59b51498a99f8992133c88025d9f6d1d97deb6e7110d7dba82e65b48d2f0', '6495e23ab2ac2dc036b57cc25574e0930c5227483f5e8edc079ceb3bcce0d4ffb420bb93b22ffed2', 0, '2019-01-02 01:38:03'),
	('fb03ac731209bb06d9bb1e9cab1b8949a647879b76c0bef95b1765246e5605d07cdbff2fa271a329', '2ddc53974469675bdfed7c30d6d3bb82b5c63934ce2016b2a40e2355654bd06421e1bfe2fc616d48', 0, '2019-01-03 04:25:32');
/*!40000 ALTER TABLE `oauth_refresh_tokens` ENABLE KEYS */;

-- Dumping structure for table tracker.password_resets
DROP TABLE IF EXISTS `password_resets`;
CREATE TABLE IF NOT EXISTS `password_resets` (
  `email` varchar(255) COLLATE utf8mb4_unicode_ci NOT NULL,
  `token` varchar(255) COLLATE utf8mb4_unicode_ci NOT NULL,
  `created_at` timestamp NULL DEFAULT NULL,
  KEY `password_resets_email_index` (`email`)
) ENGINE=InnoDB DEFAULT CHARSET=utf8mb4 COLLATE=utf8mb4_unicode_ci;

-- Dumping data for table tracker.password_resets: ~0 rows (approximately)
DELETE FROM `password_resets`;
/*!40000 ALTER TABLE `password_resets` DISABLE KEYS */;
/*!40000 ALTER TABLE `password_resets` ENABLE KEYS */;

-- Dumping structure for table tracker.payments
DROP TABLE IF EXISTS `payments`;
CREATE TABLE IF NOT EXISTS `payments` (
  `id` int(10) unsigned NOT NULL AUTO_INCREMENT,
  `invoice_id` bigint(20) unsigned NOT NULL,
  `method` varchar(255) COLLATE utf8mb4_unicode_ci NOT NULL,
  `pay_at` date NOT NULL,
  `created_at` timestamp NULL DEFAULT NULL,
  `updated_at` timestamp NULL DEFAULT NULL,
  `amount` decimal(40,10) DEFAULT NULL,
  `name` varchar(255) COLLATE utf8mb4_unicode_ci DEFAULT NULL,
  `note` varchar(255) COLLATE utf8mb4_unicode_ci DEFAULT NULL,
  PRIMARY KEY (`id`)
) ENGINE=InnoDB AUTO_INCREMENT=16 DEFAULT CHARSET=utf8mb4 COLLATE=utf8mb4_unicode_ci;

-- Dumping data for table tracker.payments: ~14 rows (approximately)
DELETE FROM `payments`;
/*!40000 ALTER TABLE `payments` DISABLE KEYS */;
INSERT INTO `payments` (`id`, `invoice_id`, `method`, `pay_at`, `created_at`, `updated_at`, `amount`, `name`, `note`) VALUES
	(1, 138, 'bank_transfer', '2017-08-18', '2018-01-05 06:25:35', '2018-01-05 06:25:35', 17195736.0000000000, 'Thanh toán lần 1', 'Tạm ứng 30% hợp đồng 14.8'),
	(2, 138, 'bank_transfer', '2017-09-22', '2018-01-05 06:26:28', '2018-01-05 06:26:28', 40123384.0000000000, 'Thanh toán lần 2', 'Thanh toán 70% hợp đồng 14.8'),
	(3, 141, 'cash', '2017-12-06', '2018-01-05 06:33:32', '2018-01-05 06:33:32', 843440.0000000000, 'Thanh toán lần 1', 'Thanh toán tiền thuế GTGT của hóa đơn 792 tiền hàng đã thanh toán ngoài công trường VTP'),
	(4, 143, 'bank_transfer', '2017-10-13', '2018-01-05 06:57:42', '2018-01-05 06:57:42', 26086500.0000000000, 'Thanh toán lần 1', 'Tạm ứng 30%'),
	(5, 143, 'bank_transfer', '2017-12-22', '2018-01-05 06:58:30', '2018-01-05 06:58:30', 60868500.0000000000, 'Thanh toán lần 2', 'Thanh toán 70%'),
	(6, 142, 'bank_transfer', '2017-08-08', '2018-01-05 07:03:40', '2018-01-05 07:03:40', 23268300.0000000000, 'Thanh toán lần 1', 'Tạm ứng 30% đơn hàng 210717'),
	(7, 142, 'bank_transfer', '2017-11-08', '2018-01-05 07:07:02', '2018-01-05 07:07:02', 54292700.0000000000, 'Thanh toán lần 2', 'Thanh toán 70% hóa đơn 689+690 (số tiền 54.292.700đ,chuyển cùng với 70% của hợp đồng 592017 số tiền 44.614.500đ)'),
	(8, 111, 'bank_transfer', '2017-11-10', '2018-01-05 07:20:52', '2018-01-05 07:20:52', 155473912.0000000000, 'Thanh toán lần 1', 'Thanh toán 80% tiền hàng đợt 3 của hợp đồng nguyên tắc 0507 ( đã tạm ứng 20% tổng giá trị hợp đồng rồi giờ chỉ thanh toán 80% còn lại của đơn hàng đợt 3) chưa giao hóa đơn'),
	(9, 112, 'bank_transfer', '2017-10-17', '2018-01-05 07:22:39', '2018-01-05 07:22:39', 6458400.0000000000, 'Thanh toán lần 1', 'Thanh toán 100% tiền hàng của đơn hàng lẻ ngoài hợp đồng, chưa giao hóa đơn'),
	(10, 110, 'bank_transfer', '2017-10-12', '2018-01-05 07:25:37', '2018-01-05 07:25:37', 174902156.0000000000, 'Thanh toán lần 1', 'Thanh toán 80% tiền của giá trị  218.627.695đ thuộc đơn hàng đợt 2 của hợp đồng 0507 ( giá trị đơn hàng đợt 2 là 415.815.081đ nhưng tách thành 2 đợt giao: 218.627.695đ và 197.187.386đ) chưa giao hóa đơn'),
	(11, 110, 'bank_transfer', '2017-10-18', '2018-01-05 07:28:51', '2018-01-05 07:28:51', 157749000.0000000000, 'Thanh toán lần 2', 'Thanh toán 80% của giá trị 197.187.386 thuộc đợt 2 của hợp đồng nguyên tắc 0507 ( tổng giá trị đợt 2 là  415.815.081đ nhưng tách thành 2 đợt giá trị 218.627.695 và 197.187.386) chưa giao hóa đơn'),
	(12, 109, 'bank_transfer', '2017-09-22', '2018-01-05 07:31:55', '2018-01-05 07:31:55', 62289063.0000000000, 'Thanh toán lần 1', 'Thanh toán 80% của đơn hàng đợt 1 thuộc hợp đồng nguyên tắc 0507 ( đã tạm ứng 20% tổng giá trị hợp đồng rồi giờ chỉ thanh toán 80% tiền của đơn hàng ) hóa đơn số 438 ngày 8.9'),
	(13, 108, 'bank_transfer', '2017-08-08', '2018-01-05 07:34:25', '2018-01-05 07:34:25', 139680493.0000000000, 'Thanh toán lần 1', 'Thanh toán 100% giá trị đơn hàng ngày 7.8 lẻ ngoài hợp đồng hóa đơn 239 ngày 7.8'),
	(14, 106, 'bank_transfer', '2017-07-07', '2018-01-05 07:35:45', '2018-01-05 07:35:45', 28792797.0000000000, 'Thanh toán lần 1', 'Tạm ứng 10% tiền của hợp đồng 001 ngày 6.7'),
	(15, 106, 'bank_transfer', '2017-07-10', '2018-01-05 07:36:46', '2018-01-05 07:36:46', 259135173.0000000000, 'Thanh toán lần 2', 'Thanh toán 90% tiền của hợp đồng 001 ngày 6.7 hóa đơn 12 ngày 6.7');
/*!40000 ALTER TABLE `payments` ENABLE KEYS */;

-- Dumping structure for table tracker.providers
DROP TABLE IF EXISTS `providers`;
CREATE TABLE IF NOT EXISTS `providers` (
  `id` int(10) unsigned NOT NULL AUTO_INCREMENT,
  `name` varchar(255) COLLATE utf8mb4_unicode_ci NOT NULL,
  `slug` varchar(255) COLLATE utf8mb4_unicode_ci NOT NULL,
  `description` varchar(255) COLLATE utf8mb4_unicode_ci DEFAULT '',
  `address` varchar(255) COLLATE utf8mb4_unicode_ci DEFAULT '',
  `tax_number` varchar(255) COLLATE utf8mb4_unicode_ci DEFAULT '1',
  `created_at` timestamp NULL DEFAULT NULL,
  `updated_at` timestamp NULL DEFAULT NULL,
  PRIMARY KEY (`id`)
) ENGINE=InnoDB AUTO_INCREMENT=39 DEFAULT CHARSET=utf8mb4 COLLATE=utf8mb4_unicode_ci;

-- Dumping data for table tracker.providers: ~22 rows (approximately)
DELETE FROM `providers`;
/*!40000 ALTER TABLE `providers` DISABLE KEYS */;
INSERT INTO `providers` (`id`, `name`, `slug`, `description`, `address`, `tax_number`, `created_at`, `updated_at`) VALUES
	(16, 'Công ty kỹ thuật Điện  -Tự động hóa A&E', 'cong-ty-ky-thuat-dien-tu-dong-hoa-ae', NULL, 'Quận 12, TP HCM', NULL, '2018-01-03 03:09:05', '2018-01-03 03:09:05'),
	(17, 'Công ty cổ phần công nghệ Hợp Long', 'cong-ty-co-phan-cong-nghe-hop-long', NULL, 'Hai Bà Trưng, Hà Nội', NULL, '2018-01-03 04:03:16', '2018-01-03 04:03:16'),
	(18, 'Công ty TNHH Thương mại tổng hợp Vinh Hải', 'cong-ty-tnhh-thuong-mai-tong-hop-vinh-hai', NULL, 'Hai Bà Trưng, Hà Nội', NULL, '2018-01-03 04:19:34', '2018-01-03 04:19:34'),
	(19, 'Công ty TNHH TM Long Hoàng', 'cong-ty-tnhh-tm-long-hoang', NULL, 'Cầu Giấy, Hà Nội', NULL, '2018-01-03 07:37:49', '2018-01-03 07:37:49'),
	(20, 'Công ty TNHH TM Long Hoàng', 'cong-ty-tnhh-tm-long-hoang', NULL, 'Cầu Giấy, Hà Nội', NULL, '2018-01-03 07:37:54', '2018-01-03 07:37:54'),
	(21, 'Công ty TNHH TM Long Hoàng', 'cong-ty-tnhh-tm-long-hoang', NULL, 'Cầu Giấy, Hà Nội', NULL, '2018-01-03 07:38:20', '2018-01-03 07:38:20'),
	(22, 'Công ty TNHH Xuân Lộc Thọ', 'cong-ty-tnhh-xuan-loc-tho', NULL, 'Hai Bà Trưng, Hà Nội', NULL, '2018-01-03 08:55:12', '2018-01-03 08:55:12'),
	(23, 'Công ty TNHH Xuân Lộc Thọ', 'cong-ty-tnhh-xuan-loc-tho', NULL, 'Hai Bà Trưng, Hà Nội', NULL, '2018-01-03 08:55:25', '2018-01-03 08:55:25'),
	(24, 'Công ty TNHH Cơ khí Huy Hùng', 'cong-ty-tnhh-co-khi-huy-hung', NULL, 'Thanh Trì, Hà Nội', NULL, '2018-01-03 10:01:32', '2018-01-03 10:01:32'),
	(25, 'Công ty TNHH Cơ khí Huy Hùng', 'cong-ty-tnhh-co-khi-huy-hung', NULL, 'Thanh Trì, Hà Nội', NULL, '2018-01-03 10:01:45', '2018-01-03 10:01:45'),
	(26, 'Công ty TNHH Cơ khí Huy Hùng', 'cong-ty-tnhh-co-khi-huy-hung', NULL, 'Thanh Trì, Hà Nội', NULL, '2018-01-03 10:01:46', '2018-01-03 10:01:46'),
	(27, 'Công ty TNHH Cơ khí Huy Hùng', 'cong-ty-tnhh-co-khi-huy-hung', NULL, 'Thanh Trì, Hà Nội', NULL, '2018-01-03 10:01:46', '2018-01-03 10:01:46'),
	(28, 'Công ty TNHH Cơ khí Huy Hùng', 'cong-ty-tnhh-co-khi-huy-hung', NULL, 'Thanh Trì, Hà Nội', NULL, '2018-01-03 10:01:53', '2018-01-03 10:01:53'),
	(29, 'Công ty TNHH Cơ khí Huy Hùng', 'cong-ty-tnhh-co-khi-huy-hung', NULL, 'Thanh Trì, Hà Nội', NULL, '2018-01-03 10:06:43', '2018-01-03 10:06:43'),
	(30, 'Công ty TNHH Cơ khí Huy Hùng', 'cong-ty-tnhh-co-khi-huy-hung', NULL, 'Thanh Trì, Hà Nội', NULL, '2018-01-03 10:07:02', '2018-01-03 10:07:02'),
	(31, 'Công ty TNHH Cơ khí Huy Hùng', 'cong-ty-tnhh-co-khi-huy-hung', NULL, 'Thanh Trì, Hà Nội', NULL, '2018-01-03 10:07:45', '2018-01-03 10:07:45'),
	(32, 'Công ty TNHH Cơ khí Huy Hùng', 'cong-ty-tnhh-co-khi-huy-hung', NULL, 'Thanh Trì, Hà Nội', NULL, '2018-01-04 01:12:37', '2018-01-04 01:12:37'),
	(33, 'Công ty TNHH vật tư xây dựng Việt Nam', 'cong-ty-tnhh-vat-tu-xay-dung-viet-nam', NULL, 'Ba Đình, Hà Nội', NULL, '2018-01-04 02:04:43', '2018-01-04 02:04:43'),
	(34, 'Công ty TNHH Giải pháp và Kỹ thuật Quốc Việt', 'cong-ty-tnhh-giai-phap-va-ky-thuat-quoc-viet', NULL, 'Cầu Giấy, Hà Nội', NULL, '2018-01-04 02:27:06', '2018-01-04 02:27:06'),
	(35, 'Công ty TNHH MTV thông tin M3', 'cong-ty-tnhh-mtv-thong-tin-m3', NULL, 'Sơn Tây, Hà Nội', NULL, '2018-01-04 02:45:09', '2018-01-04 02:45:09'),
	(36, 'Công ty TNHH Thương mại và Đầu tư xây dựng Thịnh Phát', 'cong-ty-tnhh-thuong-mai-va-dau-tu-xay-dung-thinh-phat', NULL, 'Tầng 3, số 152 Khuất Duy Tiến, Thanh Xuân, Hà Nội', NULL, '2018-01-04 03:07:21', '2018-01-04 03:07:21'),
	(37, 'Công ty TNHH Thương mại và Đầu tư xây dựng Thịnh Phát', 'cong-ty-tnhh-thuong-mai-va-dau-tu-xay-dung-thinh-phat', NULL, 'Tầng 3, số 152 Khuất Duy Tiến, Thanh Xuân, Hà Nội', NULL, '2018-01-04 03:15:42', '2018-01-04 03:15:42'),
	(38, 'Công ty TNHH Thương mại và Đầu tư xây dựng Thịnh Phát', 'cong-ty-tnhh-thuong-mai-va-dau-tu-xay-dung-thinh-phat', NULL, 'Tầng 3, số 152 Khuất Duy Tiến, Thanh Xuân, Hà Nội', NULL, '2018-01-04 03:17:05', '2018-01-04 03:17:05');
/*!40000 ALTER TABLE `providers` ENABLE KEYS */;

-- Dumping structure for table tracker.receives
DROP TABLE IF EXISTS `receives`;
CREATE TABLE IF NOT EXISTS `receives` (
  `id` int(10) unsigned NOT NULL AUTO_INCREMENT,
  `invoice_id` bigint(20) unsigned NOT NULL,
  `name` varchar(255) COLLATE utf8mb4_unicode_ci NOT NULL,
  `description` varchar(255) COLLATE utf8mb4_unicode_ci DEFAULT NULL,
  `received_at` date NOT NULL,
  `created_at` timestamp NULL DEFAULT NULL,
  `updated_at` timestamp NULL DEFAULT NULL,
  PRIMARY KEY (`id`)
) ENGINE=InnoDB AUTO_INCREMENT=4 DEFAULT CHARSET=utf8mb4 COLLATE=utf8mb4_unicode_ci;

-- Dumping data for table tracker.receives: ~2 rows (approximately)
DELETE FROM `receives`;
/*!40000 ALTER TABLE `receives` DISABLE KEYS */;
INSERT INTO `receives` (`id`, `invoice_id`, `name`, `description`, `received_at`, `created_at`, `updated_at`) VALUES
	(1, 138, 'Nhận hàng đợt 1', NULL, '2017-08-19', '2018-01-05 06:29:13', '2018-01-05 06:29:13'),
	(2, 138, 'Nhận hàng đợt 1', NULL, '2017-08-19', '2018-01-05 06:31:01', '2018-01-05 06:31:01'),
	(3, 141, 'Nhận hàng đợt 1', NULL, '2017-12-06', '2018-01-05 06:34:34', '2018-01-05 06:34:34');
/*!40000 ALTER TABLE `receives` ENABLE KEYS */;

-- Dumping structure for table tracker.receive_tracker
DROP TABLE IF EXISTS `receive_tracker`;
CREATE TABLE IF NOT EXISTS `receive_tracker` (
  `id` int(10) unsigned NOT NULL AUTO_INCREMENT,
  `receive_id` bigint(20) NOT NULL,
  `tracker_id` bigint(20) unsigned NOT NULL,
  `unit` bigint(20) unsigned NOT NULL DEFAULT '0',
  `created_at` timestamp NULL DEFAULT NULL,
  `updated_at` timestamp NULL DEFAULT NULL,
  PRIMARY KEY (`id`)
) ENGINE=InnoDB AUTO_INCREMENT=8 DEFAULT CHARSET=utf8mb4 COLLATE=utf8mb4_unicode_ci;

-- Dumping data for table tracker.receive_tracker: ~7 rows (approximately)
DELETE FROM `receive_tracker`;
/*!40000 ALTER TABLE `receive_tracker` DISABLE KEYS */;
INSERT INTO `receive_tracker` (`id`, `receive_id`, `tracker_id`, `unit`, `created_at`, `updated_at`) VALUES
	(1, 2, 358, 60, NULL, NULL),
	(2, 2, 359, 180, NULL, NULL),
	(3, 2, 360, 420, NULL, NULL),
	(4, 2, 361, 72, NULL, NULL),
	(5, 2, 362, 1, NULL, NULL),
	(6, 3, 363, 12, NULL, NULL),
	(7, 3, 364, 1, NULL, NULL);
/*!40000 ALTER TABLE `receive_tracker` ENABLE KEYS */;

-- Dumping structure for table tracker.trackers
DROP TABLE IF EXISTS `trackers`;
CREATE TABLE IF NOT EXISTS `trackers` (
  `id` int(10) unsigned NOT NULL AUTO_INCREMENT,
  `invoice_id` int(10) unsigned NOT NULL,
  `material_id` int(10) unsigned NOT NULL,
  `bought_at` date DEFAULT NULL,
  `unit` bigint(20) unsigned DEFAULT NULL,
  `received_unit` bigint(20) unsigned DEFAULT NULL,
  `cost` decimal(20,4) unsigned DEFAULT NULL,
  `total` decimal(40,10) unsigned DEFAULT NULL,
  `pay_unit` bigint(20) unsigned DEFAULT NULL,
  `pay_total` decimal(40,10) unsigned DEFAULT NULL,
  `created_at` timestamp NULL DEFAULT NULL,
  `updated_at` timestamp NULL DEFAULT NULL,
  `received_at` date DEFAULT NULL,
  PRIMARY KEY (`id`)
) ENGINE=InnoDB AUTO_INCREMENT=399 DEFAULT CHARSET=utf8mb4 COLLATE=utf8mb4_unicode_ci;

-- Dumping data for table tracker.trackers: ~205 rows (approximately)
DELETE FROM `trackers`;
/*!40000 ALTER TABLE `trackers` DISABLE KEYS */;
INSERT INTO `trackers` (`id`, `invoice_id`, `material_id`, `bought_at`, `unit`, `received_unit`, `cost`, `total`, `pay_unit`, `pay_total`, `created_at`, `updated_at`, `received_at`) VALUES
	(102, 22, 19, NULL, 40, NULL, 445000.0000, 17800000.0000000000, NULL, NULL, '2018-01-03 03:30:15', '2018-01-03 03:30:15', NULL),
	(103, 23, 19, NULL, 104, NULL, 436000.0000, 45344000.0000000000, NULL, NULL, '2018-01-03 04:03:16', '2018-01-03 04:03:16', NULL),
	(184, 106, 102, NULL, 32000, NULL, 2265.0000, 72480000.0000000000, NULL, NULL, '2018-01-03 04:57:56', '2018-01-03 04:57:56', NULL),
	(185, 106, 103, NULL, 26000, NULL, 3675.0000, 95550000.0000000000, NULL, NULL, '2018-01-03 04:57:56', '2018-01-03 04:57:56', NULL),
	(186, 106, 104, NULL, 1800, NULL, 5770.0000, 10386000.0000000000, NULL, NULL, '2018-01-03 04:57:56', '2018-01-03 04:57:56', NULL),
	(187, 106, 105, NULL, 1800, NULL, 8577.0000, 15438600.0000000000, NULL, NULL, '2018-01-03 04:57:56', '2018-01-03 04:57:56', NULL),
	(188, 106, 106, NULL, 1000, NULL, 2265.0000, 2265000.0000000000, NULL, NULL, '2018-01-03 04:57:56', '2018-01-03 04:57:56', NULL),
	(189, 106, 107, NULL, 13000, NULL, 3675.0000, 47775000.0000000000, NULL, NULL, '2018-01-03 04:57:56', '2018-01-03 04:57:56', NULL),
	(190, 106, 108, NULL, 900, NULL, 5770.0000, 5193000.0000000000, NULL, NULL, '2018-01-03 04:57:57', '2018-01-03 04:57:57', NULL),
	(191, 106, 109, NULL, 900, NULL, 8577.0000, 7719300.0000000000, NULL, NULL, '2018-01-03 04:57:57', '2018-01-03 04:57:57', NULL),
	(192, 106, 110, NULL, 600, NULL, 8243.0000, 4945800.0000000000, NULL, NULL, '2018-01-03 04:57:57', '2018-01-03 04:57:57', NULL),
	(193, 107, 102, NULL, 60800, NULL, 2257.0000, 137225600.0000000000, NULL, NULL, '2018-01-03 07:03:08', '2018-01-03 07:03:08', NULL),
	(194, 107, 103, NULL, 49400, NULL, 3672.0000, 181396800.0000000000, NULL, NULL, '2018-01-03 07:03:08', '2018-01-03 07:03:08', NULL),
	(195, 107, 104, NULL, 3600, NULL, 5785.0000, 20826000.0000000000, NULL, NULL, '2018-01-03 07:03:08', '2018-01-03 07:03:08', NULL),
	(196, 107, 105, NULL, 2900, NULL, 8703.0000, 25238700.0000000000, NULL, NULL, '2018-01-03 07:03:08', '2018-01-03 07:03:08', NULL),
	(197, 107, 106, NULL, 1900, NULL, 2257.0000, 4288300.0000000000, NULL, NULL, '2018-01-03 07:03:08', '2018-01-03 07:03:08', NULL),
	(198, 107, 107, NULL, 24700, NULL, 3672.0000, 90698400.0000000000, NULL, NULL, '2018-01-03 07:03:08', '2018-01-03 07:03:08', NULL),
	(199, 107, 108, NULL, 1800, NULL, 5785.0000, 10413000.0000000000, NULL, NULL, '2018-01-03 07:03:08', '2018-01-03 07:03:08', NULL),
	(200, 107, 109, NULL, 1500, NULL, 8703.0000, 13054500.0000000000, NULL, NULL, '2018-01-03 07:03:08', '2018-01-03 07:03:08', NULL),
	(201, 107, 111, NULL, 3185, NULL, 22072.0000, 70299320.0000000000, NULL, NULL, '2018-01-03 07:03:08', '2018-01-03 07:03:08', NULL),
	(202, 107, 112, NULL, 3185, NULL, 49210.0000, 156733850.0000000000, NULL, NULL, '2018-01-03 07:03:08', '2018-01-03 07:03:08', NULL),
	(203, 108, 102, NULL, 0, NULL, 0.0000, 0.0000000000, NULL, NULL, '2018-01-03 07:06:37', '2018-01-03 07:06:37', NULL),
	(204, 108, 103, NULL, 0, NULL, 0.0000, 0.0000000000, NULL, NULL, '2018-01-03 07:06:37', '2018-01-03 07:06:37', NULL),
	(205, 108, 104, NULL, 0, NULL, 0.0000, 0.0000000000, NULL, NULL, '2018-01-03 07:06:38', '2018-01-03 07:06:38', NULL),
	(206, 108, 105, NULL, 0, NULL, 0.0000, 0.0000000000, NULL, NULL, '2018-01-03 07:06:38', '2018-01-03 07:06:38', NULL),
	(207, 108, 106, NULL, 0, NULL, 0.0000, 0.0000000000, NULL, NULL, '2018-01-03 07:06:38', '2018-01-03 07:06:38', NULL),
	(208, 108, 107, NULL, 0, NULL, 0.0000, 0.0000000000, NULL, NULL, '2018-01-03 07:06:38', '2018-01-03 07:06:38', NULL),
	(209, 108, 108, NULL, 0, NULL, 0.0000, 0.0000000000, NULL, NULL, '2018-01-03 07:06:38', '2018-01-03 07:06:38', NULL),
	(210, 108, 109, NULL, 0, NULL, 0.0000, 0.0000000000, NULL, NULL, '2018-01-03 07:06:38', '2018-01-03 07:06:38', NULL),
	(211, 108, 110, NULL, 600, NULL, 8127.0000, 4876200.0000000000, NULL, NULL, '2018-01-03 07:06:38', '2018-01-03 07:06:38', NULL),
	(212, 108, 111, NULL, 1713, NULL, 22072.0000, 37809336.0000000000, NULL, NULL, '2018-01-03 07:06:38', '2018-01-03 07:06:38', NULL),
	(213, 108, 112, NULL, 1713, NULL, 49210.0000, 84296730.0000000000, NULL, NULL, '2018-01-03 07:06:38', '2018-01-03 07:06:38', NULL),
	(214, 109, 111, NULL, 993, NULL, 22072.0000, 21917496.0000000000, NULL, NULL, '2018-01-03 07:08:39', '2018-01-03 07:08:39', NULL),
	(215, 109, 112, NULL, 993, NULL, 49210.0000, 48865530.0000000000, NULL, NULL, '2018-01-03 07:08:39', '2018-01-03 07:08:39', NULL),
	(216, 110, 102, NULL, 29400, NULL, 2257.0000, 66355800.0000000000, NULL, NULL, '2018-01-03 07:13:50', '2018-01-03 07:13:50', NULL),
	(217, 110, 103, NULL, 27000, NULL, 3672.0000, 99144000.0000000000, NULL, NULL, '2018-01-03 07:13:50', '2018-01-03 07:13:50', NULL),
	(218, 110, 104, NULL, 4000, NULL, 5784.0000, 23136000.0000000000, NULL, NULL, '2018-01-03 07:13:50', '2018-01-03 07:13:50', NULL),
	(219, 110, 105, NULL, 3700, NULL, 8703.0000, 32201100.0000000000, NULL, NULL, '2018-01-03 07:13:50', '2018-01-03 07:13:50', NULL),
	(220, 110, 111, NULL, 2205, NULL, 22072.0000, 48668760.0000000000, NULL, NULL, '2018-01-03 07:13:50', '2018-01-03 07:13:50', NULL),
	(221, 110, 112, NULL, 2205, NULL, 49210.0000, 108508050.0000000000, NULL, NULL, '2018-01-03 07:13:50', '2018-01-03 07:13:50', NULL),
	(222, 111, 102, NULL, 22900, NULL, 2257.0000, 51685300.0000000000, NULL, NULL, '2018-01-03 07:17:28', '2018-01-03 07:17:28', NULL),
	(223, 111, 103, NULL, 25200, NULL, 3672.0000, 92534400.0000000000, NULL, NULL, '2018-01-03 07:17:28', '2018-01-03 07:17:28', NULL),
	(224, 111, 104, NULL, 2000, NULL, 5784.0000, 11568000.0000000000, NULL, NULL, '2018-01-03 07:17:29', '2018-01-03 07:17:29', NULL),
	(225, 111, 105, NULL, 2400, NULL, 8703.0000, 20887200.0000000000, NULL, NULL, '2018-01-03 07:17:29', '2018-01-03 07:17:29', NULL),
	(226, 112, 113, NULL, 900, NULL, 6524.0000, 5871600.0000000000, NULL, NULL, '2018-01-03 07:21:51', '2018-01-03 07:21:51', NULL),
	(231, 117, 122, NULL, 800, NULL, 6800.0000, 5440000.0000000000, NULL, NULL, '2018-01-03 07:41:34', '2018-01-03 07:41:34', NULL),
	(232, 117, 123, NULL, 200, NULL, 11252.0000, 2250400.0000000000, NULL, NULL, '2018-01-03 07:41:34', '2018-01-03 07:41:34', NULL),
	(246, 119, 138, NULL, 3425, NULL, 13709.0000, 46953325.0000000000, NULL, NULL, '2018-01-03 08:55:25', '2018-01-03 08:55:25', NULL),
	(247, 119, 139, NULL, 685, NULL, 18909.0000, 12952665.0000000000, NULL, NULL, '2018-01-03 08:55:25', '2018-01-03 08:55:25', NULL),
	(248, 119, 140, NULL, 150, NULL, 38055.0000, 5708250.0000000000, NULL, NULL, '2018-01-03 08:55:26', '2018-01-03 08:55:26', NULL),
	(249, 119, 141, NULL, 100, NULL, 1796.0000, 179600.0000000000, NULL, NULL, '2018-01-03 08:55:26', '2018-01-03 08:55:26', NULL),
	(250, 119, 142, NULL, 500, NULL, 2193.0000, 1096500.0000000000, NULL, NULL, '2018-01-03 08:55:26', '2018-01-03 08:55:26', NULL),
	(251, 119, 143, NULL, 160, NULL, 3085.0000, 493600.0000000000, NULL, NULL, '2018-01-03 08:55:26', '2018-01-03 08:55:26', NULL),
	(252, 119, 144, NULL, 100, NULL, 6732.0000, 673200.0000000000, NULL, NULL, '2018-01-03 08:55:26', '2018-01-03 08:55:26', NULL),
	(253, 119, 145, NULL, 667, NULL, 9036.0000, 6027012.0000000000, NULL, NULL, '2018-01-03 08:55:26', '2018-01-03 08:55:26', NULL),
	(254, 119, 146, NULL, 80, NULL, 1932.0000, 154560.0000000000, NULL, NULL, '2018-01-03 08:55:26', '2018-01-03 08:55:26', NULL),
	(255, 119, 147, NULL, 945, NULL, 3385.0000, 3198825.0000000000, NULL, NULL, '2018-01-03 08:55:26', '2018-01-03 08:55:26', NULL),
	(256, 119, 148, NULL, 1600, NULL, 3677.0000, 5883200.0000000000, NULL, NULL, '2018-01-03 08:55:26', '2018-01-03 08:55:26', NULL),
	(257, 119, 149, NULL, 600, NULL, 3677.0000, 2206200.0000000000, NULL, NULL, '2018-01-03 08:55:27', '2018-01-03 08:55:27', NULL),
	(258, 119, 150, NULL, 40, NULL, 4160.0000, 166400.0000000000, NULL, NULL, '2018-01-03 08:55:27', '2018-01-03 08:55:27', NULL),
	(259, 119, 151, NULL, 2240, NULL, 931.0000, 2085440.0000000000, NULL, NULL, '2018-01-03 08:55:27', '2018-01-03 08:55:27', NULL),
	(260, 119, 152, NULL, 4500, NULL, 1350.0000, 6075000.0000000000, NULL, NULL, '2018-01-03 08:55:27', '2018-01-03 08:55:27', NULL),
	(261, 119, 153, NULL, 1400, NULL, 1716.0000, 2402400.0000000000, NULL, NULL, '2018-01-03 08:55:27', '2018-01-03 08:55:27', NULL),
	(262, 119, 154, NULL, 350, NULL, 2851.0000, 997850.0000000000, NULL, NULL, '2018-01-03 08:55:27', '2018-01-03 08:55:27', NULL),
	(263, 119, 155, NULL, 40, NULL, 60509.0000, 2420360.0000000000, NULL, NULL, '2018-01-03 08:55:27', '2018-01-03 08:55:27', NULL),
	(264, 119, 156, NULL, 171, NULL, 33047.0000, 5651037.0000000000, NULL, NULL, '2018-01-03 08:55:27', '2018-01-03 08:55:27', NULL),
	(265, 119, 157, NULL, 3000, NULL, 570.0000, 1710000.0000000000, NULL, NULL, '2018-01-03 08:55:27', '2018-01-03 08:55:27', NULL),
	(266, 119, 158, NULL, 1800, NULL, 931.0000, 1675800.0000000000, NULL, NULL, '2018-01-03 08:55:27', '2018-01-03 08:55:27', NULL),
	(267, 119, 159, NULL, 200, NULL, 1280.0000, 256000.0000000000, NULL, NULL, '2018-01-03 08:55:28', '2018-01-03 08:55:28', NULL),
	(268, 119, 160, NULL, 6000, NULL, 745.0000, 4470000.0000000000, NULL, NULL, '2018-01-03 08:55:28', '2018-01-03 08:55:28', NULL),
	(269, 119, 161, NULL, 1500, NULL, 1280.0000, 1920000.0000000000, NULL, NULL, '2018-01-03 08:55:28', '2018-01-03 08:55:28', NULL),
	(270, 119, 162, NULL, 200, NULL, 1501.0000, 300200.0000000000, NULL, NULL, '2018-01-03 08:55:28', '2018-01-03 08:55:28', NULL),
	(271, 120, 157, NULL, 16000, NULL, 570.0000, 9120000.0000000000, NULL, NULL, '2018-01-03 09:10:03', '2018-01-03 09:10:03', NULL),
	(272, 120, 158, NULL, 3500, NULL, 931.0000, 3258500.0000000000, NULL, NULL, '2018-01-03 09:10:03', '2018-01-03 09:10:03', NULL),
	(273, 120, 160, NULL, 13000, NULL, 745.0000, 9685000.0000000000, NULL, NULL, '2018-01-03 09:10:03', '2018-01-03 09:10:03', NULL),
	(274, 120, 161, NULL, 3200, NULL, 1280.0000, 4096000.0000000000, NULL, NULL, '2018-01-03 09:10:03', '2018-01-03 09:10:03', NULL),
	(275, 121, 138, NULL, 7000, NULL, 13709.0000, 95963000.0000000000, NULL, NULL, '2018-01-03 09:22:31', '2018-01-03 09:22:31', NULL),
	(276, 121, 139, NULL, 2020, NULL, 18909.0000, 38196180.0000000000, NULL, NULL, '2018-01-03 09:22:31', '2018-01-03 09:22:31', NULL),
	(277, 121, 142, NULL, 1000, NULL, 2193.0000, 2193000.0000000000, NULL, NULL, '2018-01-03 09:22:31', '2018-01-03 09:22:31', NULL),
	(278, 121, 145, NULL, 1628, NULL, 9036.0000, 14710608.0000000000, NULL, NULL, '2018-01-03 09:22:31', '2018-01-03 09:22:31', NULL),
	(279, 121, 146, NULL, 208, NULL, 1932.0000, 401856.0000000000, NULL, NULL, '2018-01-03 09:22:31', '2018-01-03 09:22:31', NULL),
	(280, 121, 147, NULL, 1249, NULL, 3385.0000, 4227865.0000000000, NULL, NULL, '2018-01-03 09:22:31', '2018-01-03 09:22:31', NULL),
	(281, 121, 148, NULL, 3200, NULL, 3677.0000, 11766400.0000000000, NULL, NULL, '2018-01-03 09:22:31', '2018-01-03 09:22:31', NULL),
	(282, 121, 149, NULL, 1300, NULL, 3677.0000, 4780100.0000000000, NULL, NULL, '2018-01-03 09:22:31', '2018-01-03 09:22:31', NULL),
	(283, 121, 150, NULL, 120, NULL, 4160.0000, 499200.0000000000, NULL, NULL, '2018-01-03 09:22:32', '2018-01-03 09:22:32', NULL),
	(284, 121, 151, NULL, 4620, NULL, 931.0000, 4301220.0000000000, NULL, NULL, '2018-01-03 09:22:32', '2018-01-03 09:22:32', NULL),
	(285, 121, 155, NULL, 104, NULL, 60509.0000, 6292936.0000000000, NULL, NULL, '2018-01-03 09:22:32', '2018-01-03 09:22:32', NULL),
	(286, 121, 156, NULL, 373, NULL, 33047.0000, 12326531.0000000000, NULL, NULL, '2018-01-03 09:22:32', '2018-01-03 09:22:32', NULL),
	(287, 121, 163, NULL, 1000, NULL, 2291.0000, 2291000.0000000000, NULL, NULL, '2018-01-03 09:22:32', '2018-01-03 09:22:32', NULL),
	(288, 122, 150, NULL, 150, NULL, 4160.0000, 624000.0000000000, NULL, NULL, '2018-01-03 09:28:52', '2018-01-03 09:28:52', NULL),
	(289, 122, 151, NULL, 150, NULL, 931.0000, 139650.0000000000, NULL, NULL, '2018-01-03 09:28:52', '2018-01-03 09:28:52', NULL),
	(290, 122, 152, NULL, 5350, NULL, 1350.0000, 7222500.0000000000, NULL, NULL, '2018-01-03 09:28:52', '2018-01-03 09:28:52', NULL),
	(291, 122, 153, NULL, 2500, NULL, 1716.0000, 4290000.0000000000, NULL, NULL, '2018-01-03 09:28:52', '2018-01-03 09:28:52', NULL),
	(292, 122, 160, NULL, 6500, NULL, 745.0000, 4842500.0000000000, NULL, NULL, '2018-01-03 09:28:52', '2018-01-03 09:28:52', NULL),
	(293, 122, 161, NULL, 1700, NULL, 1280.0000, 2176000.0000000000, NULL, NULL, '2018-01-03 09:28:52', '2018-01-03 09:28:52', NULL),
	(294, 123, 138, NULL, 1935, NULL, 13709.0000, 26526915.0000000000, NULL, NULL, '2018-01-03 09:38:02', '2018-01-03 09:38:02', NULL),
	(295, 123, 139, NULL, 670, NULL, 18909.0000, 12669030.0000000000, NULL, NULL, '2018-01-03 09:38:02', '2018-01-03 09:38:02', NULL),
	(296, 123, 142, NULL, 2400, NULL, 2193.0000, 5263200.0000000000, NULL, NULL, '2018-01-03 09:38:02', '2018-01-03 09:38:02', NULL),
	(297, 123, 143, NULL, 240, NULL, 3085.0000, 740400.0000000000, NULL, NULL, '2018-01-03 09:38:02', '2018-01-03 09:38:02', NULL),
	(298, 123, 144, NULL, 300, NULL, 6732.0000, 2019600.0000000000, NULL, NULL, '2018-01-03 09:38:03', '2018-01-03 09:38:03', NULL),
	(299, 123, 147, NULL, 1018, NULL, 3385.0000, 3445930.0000000000, NULL, NULL, '2018-01-03 09:38:03', '2018-01-03 09:38:03', NULL),
	(300, 123, 148, NULL, 700, NULL, 3677.0000, 2573900.0000000000, NULL, NULL, '2018-01-03 09:38:03', '2018-01-03 09:38:03', NULL),
	(301, 123, 149, NULL, 50, NULL, 3677.0000, 183850.0000000000, NULL, NULL, '2018-01-03 09:38:03', '2018-01-03 09:38:03', NULL),
	(302, 123, 151, NULL, 750, NULL, 931.0000, 698250.0000000000, NULL, NULL, '2018-01-03 09:38:03', '2018-01-03 09:38:03', NULL),
	(303, 123, 156, NULL, 68, NULL, 33047.0000, 2247196.0000000000, NULL, NULL, '2018-01-03 09:38:03', '2018-01-03 09:38:03', NULL),
	(304, 123, 157, NULL, 4100, NULL, 570.0000, 2337000.0000000000, NULL, NULL, '2018-01-03 09:38:03', '2018-01-03 09:38:03', NULL),
	(305, 123, 158, NULL, 800, NULL, 931.0000, 744800.0000000000, NULL, NULL, '2018-01-03 09:38:03', '2018-01-03 09:38:03', NULL),
	(306, 123, 160, NULL, 9600, NULL, 745.0000, 7152000.0000000000, NULL, NULL, '2018-01-03 09:38:03', '2018-01-03 09:38:03', NULL),
	(307, 123, 161, NULL, 3200, NULL, 1280.0000, 4096000.0000000000, NULL, NULL, '2018-01-03 09:38:03', '2018-01-03 09:38:03', NULL),
	(308, 124, 141, NULL, 50, NULL, 2073.0000, 103650.0000000000, NULL, NULL, '2018-01-03 09:43:46', '2018-01-03 09:43:46', NULL),
	(309, 124, 152, NULL, 2000, NULL, 1476.0000, 2952000.0000000000, NULL, NULL, '2018-01-03 09:43:46', '2018-01-03 09:43:46', NULL),
	(310, 124, 153, NULL, 1000, NULL, 1877.0000, 1877000.0000000000, NULL, NULL, '2018-01-03 09:43:46', '2018-01-03 09:43:46', NULL),
	(311, 125, 163, NULL, 1500, NULL, 2291.0000, 3436500.0000000000, NULL, NULL, '2018-01-03 09:45:24', '2018-01-03 09:45:24', NULL),
	(312, 126, 138, NULL, 1284, NULL, 13709.0000, 17602356.0000000000, NULL, NULL, '2018-01-03 09:51:57', '2018-01-03 09:51:57', NULL),
	(313, 126, 143, NULL, 760, NULL, 3085.0000, 2344600.0000000000, NULL, NULL, '2018-01-03 09:51:57', '2018-01-03 09:51:57', NULL),
	(314, 126, 147, NULL, 50, NULL, 3385.0000, 169250.0000000000, NULL, NULL, '2018-01-03 09:51:57', '2018-01-03 09:51:57', NULL),
	(315, 126, 148, NULL, 185, NULL, 3677.0000, 680245.0000000000, NULL, NULL, '2018-01-03 09:51:57', '2018-01-03 09:51:57', NULL),
	(316, 126, 149, NULL, 101, NULL, 3677.0000, 371377.0000000000, NULL, NULL, '2018-01-03 09:51:57', '2018-01-03 09:51:57', NULL),
	(317, 126, 151, NULL, 286, NULL, 931.0000, 266266.0000000000, NULL, NULL, '2018-01-03 09:51:57', '2018-01-03 09:51:57', NULL),
	(318, 126, 152, NULL, 350, NULL, 1350.0000, 472500.0000000000, NULL, NULL, '2018-01-03 09:51:57', '2018-01-03 09:51:57', NULL),
	(319, 126, 160, NULL, 1875, NULL, 745.0000, 1396875.0000000000, NULL, NULL, '2018-01-03 09:51:57', '2018-01-03 09:51:57', NULL),
	(320, 126, 161, NULL, 400, NULL, 1280.0000, 512000.0000000000, NULL, NULL, '2018-01-03 09:51:57', '2018-01-03 09:51:57', NULL),
	(322, 135, 173, NULL, 418, NULL, 109000.0000, 45507500.0000000000, NULL, NULL, '2018-01-04 01:12:37', '2018-01-04 01:12:37', NULL),
	(323, 135, 174, NULL, 405, NULL, 82000.0000, 33210000.0000000000, NULL, NULL, '2018-01-04 01:12:37', '2018-01-04 01:12:37', NULL),
	(324, 135, 175, NULL, 480, NULL, 6500.0000, 3120000.0000000000, NULL, NULL, '2018-01-04 01:12:37', '2018-01-04 01:12:37', NULL),
	(325, 135, 176, NULL, 13, NULL, 177000.0000, 2301000.0000000000, NULL, NULL, '2018-01-04 01:12:37', '2018-01-04 01:12:37', NULL),
	(326, 135, 177, NULL, 0, NULL, 0.0000, 0.0000000000, NULL, NULL, '2018-01-04 01:12:38', '2018-01-04 01:12:38', NULL),
	(327, 135, 178, NULL, 7, NULL, 177000.0000, 1239000.0000000000, NULL, NULL, '2018-01-04 01:12:38', '2018-01-04 01:12:38', NULL),
	(328, 135, 179, NULL, 14, NULL, 7500.0000, 105000.0000000000, NULL, NULL, '2018-01-04 01:12:38', '2018-01-04 01:12:38', NULL),
	(329, 135, 180, NULL, 606, NULL, 2500.0000, 1515000.0000000000, NULL, NULL, '2018-01-04 01:12:38', '2018-01-04 01:12:38', NULL),
	(330, 135, 181, NULL, 303, NULL, 14000.0000, 4242000.0000000000, NULL, NULL, '2018-01-04 01:12:38', '2018-01-04 01:12:38', NULL),
	(331, 135, 182, NULL, 100, NULL, 15000.0000, 1500000.0000000000, NULL, NULL, '2018-01-04 01:12:38', '2018-01-04 01:12:38', NULL),
	(332, 135, 183, NULL, 130, NULL, 14000.0000, 1820000.0000000000, NULL, NULL, '2018-01-04 01:12:38', '2018-01-04 01:12:38', NULL),
	(333, 135, 184, NULL, 40, NULL, 14000.0000, 560000.0000000000, NULL, NULL, '2018-01-04 01:12:38', '2018-01-04 01:12:38', NULL),
	(334, 136, 173, NULL, 655, NULL, 109000.0000, 71395000.0000000000, NULL, NULL, '2018-01-04 01:44:38', '2018-01-04 01:44:38', NULL),
	(335, 136, 174, NULL, 390, NULL, 82000.0000, 31980000.0000000000, NULL, NULL, '2018-01-04 01:44:38', '2018-01-04 01:44:38', NULL),
	(336, 136, 175, NULL, 702, NULL, 6500.0000, 4563000.0000000000, NULL, NULL, '2018-01-04 01:44:38', '2018-01-04 01:44:38', NULL),
	(337, 136, 176, NULL, 20, NULL, 177000.0000, 3540000.0000000000, NULL, NULL, '2018-01-04 01:44:38', '2018-01-04 01:44:38', NULL),
	(338, 136, 177, NULL, 0, NULL, 0.0000, 0.0000000000, NULL, NULL, '2018-01-04 01:44:38', '2018-01-04 01:44:38', NULL),
	(339, 136, 178, NULL, 10, NULL, 177000.0000, 1770000.0000000000, NULL, NULL, '2018-01-04 01:44:38', '2018-01-04 01:44:38', NULL),
	(340, 136, 179, NULL, 18, NULL, 7500.0000, 135000.0000000000, NULL, NULL, '2018-01-04 01:44:38', '2018-01-04 01:44:38', NULL),
	(341, 136, 180, NULL, 1100, NULL, 2500.0000, 2750000.0000000000, NULL, NULL, '2018-01-04 01:44:38', '2018-01-04 01:44:38', NULL),
	(342, 136, 181, NULL, 476, NULL, 14000.0000, 6664000.0000000000, NULL, NULL, '2018-01-04 01:44:38', '2018-01-04 01:44:38', NULL),
	(343, 136, 182, NULL, 106, NULL, 15000.0000, 1590000.0000000000, NULL, NULL, '2018-01-04 01:44:38', '2018-01-04 01:44:38', NULL),
	(344, 136, 183, NULL, 136, NULL, 14000.0000, 1904000.0000000000, NULL, NULL, '2018-01-04 01:44:38', '2018-01-04 01:44:38', NULL),
	(345, 136, 184, NULL, 44, NULL, 14000.0000, 616000.0000000000, NULL, NULL, '2018-01-04 01:44:38', '2018-01-04 01:44:38', NULL),
	(346, 137, 173, NULL, 218, NULL, 109000.0000, 23762000.0000000000, NULL, NULL, '2018-01-04 01:50:58', '2018-01-04 01:50:58', NULL),
	(347, 137, 174, NULL, 495, NULL, 82000.0000, 40590000.0000000000, NULL, NULL, '2018-01-04 01:50:58', '2018-01-04 01:50:58', NULL),
	(348, 137, 175, NULL, 258, NULL, 6500.0000, 1677000.0000000000, NULL, NULL, '2018-01-04 01:50:58', '2018-01-04 01:50:58', NULL),
	(349, 137, 176, NULL, 7, NULL, 94000.0000, 658000.0000000000, NULL, NULL, '2018-01-04 01:50:58', '2018-01-04 01:50:58', NULL),
	(350, 137, 177, NULL, 19, NULL, 83000.0000, 1577000.0000000000, NULL, NULL, '2018-01-04 01:50:58', '2018-01-04 01:50:58', NULL),
	(351, 137, 178, NULL, 10, NULL, 177000.0000, 1770000.0000000000, NULL, NULL, '2018-01-04 01:50:58', '2018-01-04 01:50:58', NULL),
	(352, 137, 179, NULL, 8, NULL, 7500.0000, 60000.0000000000, NULL, NULL, '2018-01-04 01:50:58', '2018-01-04 01:50:58', NULL),
	(353, 137, 180, NULL, 114, NULL, 2500.0000, 285000.0000000000, NULL, NULL, '2018-01-04 01:50:58', '2018-01-04 01:50:58', NULL),
	(354, 137, 181, NULL, 133, NULL, 14000.0000, 1862000.0000000000, NULL, NULL, '2018-01-04 01:50:58', '2018-01-04 01:50:58', NULL),
	(355, 137, 182, NULL, 0, NULL, 0.0000, 0.0000000000, NULL, NULL, '2018-01-04 01:50:58', '2018-01-04 01:50:58', NULL),
	(356, 137, 183, NULL, 0, NULL, 0.0000, 0.0000000000, NULL, NULL, '2018-01-04 01:50:58', '2018-01-04 01:50:58', NULL),
	(357, 137, 184, NULL, 0, NULL, 0.0000, 0.0000000000, NULL, NULL, '2018-01-04 01:50:58', '2018-01-04 01:50:58', NULL),
	(358, 138, 185, NULL, 60, 60, 24200.0000, 1452000.0000000000, NULL, NULL, '2018-01-04 02:04:44', '2018-01-05 06:31:01', NULL),
	(359, 138, 186, NULL, 180, 180, 42300.0000, 7614000.0000000000, NULL, NULL, '2018-01-04 02:04:44', '2018-01-05 06:31:01', NULL),
	(360, 138, 187, NULL, 420, 420, 84700.0000, 35574000.0000000000, NULL, NULL, '2018-01-04 02:04:44', '2018-01-05 06:31:01', NULL),
	(361, 138, 188, NULL, 72, 72, 91100.0000, 6559200.0000000000, NULL, NULL, '2018-01-04 02:04:44', '2018-01-05 06:31:01', NULL),
	(362, 138, 189, NULL, 1, 1, 909091.0000, 909091.0000000000, NULL, NULL, '2018-01-04 02:04:44', '2018-01-05 06:31:01', NULL),
	(363, 141, 192, NULL, 12, 12, 661200.0000, 7934400.0000000000, NULL, NULL, '2018-01-04 02:12:05', '2018-01-05 06:34:34', NULL),
	(364, 141, 193, NULL, 1, 1, 500000.0000, 500000.0000000000, NULL, NULL, '2018-01-04 02:12:06', '2018-01-05 06:34:34', NULL),
	(365, 142, 194, NULL, 14, NULL, 1400000.0000, 19600000.0000000000, NULL, NULL, '2018-01-04 02:27:06', '2018-01-04 02:27:06', NULL),
	(366, 142, 195, NULL, 11, NULL, 1050000.0000, 11550000.0000000000, NULL, NULL, '2018-01-04 02:27:06', '2018-01-04 02:27:06', NULL),
	(367, 142, 196, NULL, 8, NULL, 2300000.0000, 18400000.0000000000, NULL, NULL, '2018-01-04 02:27:06', '2018-01-04 02:27:06', NULL),
	(368, 142, 197, NULL, 1, NULL, 960000.0000, 960000.0000000000, NULL, NULL, '2018-01-04 02:27:06', '2018-01-04 02:27:06', NULL),
	(369, 142, 198, NULL, 2, NULL, 10000000.0000, 20000000.0000000000, NULL, NULL, '2018-01-04 02:27:06', '2018-01-04 02:27:06', NULL),
	(370, 143, 194, NULL, 23, NULL, 1400000.0000, 32200000.0000000000, NULL, NULL, '2018-01-04 02:33:01', '2018-01-04 02:33:01', NULL),
	(371, 143, 195, NULL, 11, NULL, 1050000.0000, 11550000.0000000000, NULL, NULL, '2018-01-04 02:33:01', '2018-01-04 02:33:01', NULL),
	(372, 143, 196, NULL, 11, NULL, 2300000.0000, 25300000.0000000000, NULL, NULL, '2018-01-04 02:33:01', '2018-01-04 02:33:01', NULL),
	(373, 143, 198, NULL, 1, NULL, 10000000.0000, 10000000.0000000000, NULL, NULL, '2018-01-04 02:33:01', '2018-01-04 02:33:01', NULL),
	(374, 144, 194, NULL, 21, NULL, 1400000.0000, 29400000.0000000000, NULL, NULL, '2018-01-04 02:39:06', '2018-01-04 02:39:06', NULL),
	(375, 144, 195, NULL, 6, NULL, 1050000.0000, 6300000.0000000000, NULL, NULL, '2018-01-04 02:39:06', '2018-01-04 02:39:06', NULL),
	(376, 145, 199, NULL, 5400, NULL, 1900.0000, 10260000.0000000000, NULL, NULL, '2018-01-04 02:45:09', '2018-01-04 02:45:09', NULL),
	(377, 148, 202, NULL, 1500, NULL, 2100.0000, 3150000.0000000000, NULL, NULL, '2018-01-04 03:17:05', '2018-01-04 03:17:05', NULL),
	(378, 148, 203, NULL, 1500, NULL, 2200.0000, 3300000.0000000000, NULL, NULL, '2018-01-04 03:17:05', '2018-01-04 03:17:05', NULL),
	(379, 148, 204, NULL, 500, NULL, 9200.0000, 4600000.0000000000, NULL, NULL, '2018-01-04 03:17:06', '2018-01-04 03:17:06', NULL),
	(380, 148, 205, NULL, 2500, NULL, 800.0000, 2000000.0000000000, NULL, NULL, '2018-01-04 03:17:06', '2018-01-04 03:17:06', NULL),
	(381, 148, 206, NULL, 8000, NULL, 170.0000, 1360000.0000000000, NULL, NULL, '2018-01-04 03:17:06', '2018-01-04 03:17:06', NULL),
	(382, 148, 207, NULL, 1000, NULL, 660.0000, 660000.0000000000, NULL, NULL, '2018-01-04 03:17:06', '2018-01-04 03:17:06', NULL),
	(383, 148, 208, NULL, 2000, NULL, 60.0000, 120000.0000000000, NULL, NULL, '2018-01-04 03:17:06', '2018-01-04 03:17:06', NULL),
	(384, 148, 209, NULL, 2000, NULL, 40.0000, 80000.0000000000, NULL, NULL, '2018-01-04 03:17:06', '2018-01-04 03:17:06', NULL),
	(385, 148, 210, NULL, 80, NULL, 4500.0000, 360000.0000000000, NULL, NULL, '2018-01-04 03:17:06', '2018-01-04 03:17:06', NULL),
	(386, 148, 211, NULL, 40, NULL, 3500.0000, 140000.0000000000, NULL, NULL, '2018-01-04 03:17:06', '2018-01-04 03:17:06', NULL),
	(387, 148, 212, NULL, 800, NULL, 3300.0000, 2640000.0000000000, NULL, NULL, '2018-01-04 03:17:06', '2018-01-04 03:17:06', NULL),
	(388, 148, 213, NULL, 40, NULL, 2400.0000, 96000.0000000000, NULL, NULL, '2018-01-04 03:17:07', '2018-01-04 03:17:07', NULL),
	(389, 148, 214, NULL, 300, NULL, 14400.0000, 4320000.0000000000, NULL, NULL, '2018-01-04 03:17:07', '2018-01-04 03:17:07', NULL),
	(390, 148, 215, NULL, 400, NULL, 1350.0000, 540000.0000000000, NULL, NULL, '2018-01-04 03:17:07', '2018-01-04 03:17:07', NULL),
	(391, 148, 216, NULL, 800, NULL, 1350.0000, 1080000.0000000000, NULL, NULL, '2018-01-04 03:17:07', '2018-01-04 03:17:07', NULL),
	(392, 148, 217, NULL, 400, NULL, 4395.0000, 1758000.0000000000, NULL, NULL, '2018-01-04 03:17:07', '2018-01-04 03:17:07', NULL),
	(393, 148, 218, NULL, 250, NULL, 3730.0000, 932500.0000000000, NULL, NULL, '2018-01-04 03:17:07', '2018-01-04 03:17:07', NULL),
	(394, 148, 219, NULL, 2800, NULL, 250.0000, 700000.0000000000, NULL, NULL, '2018-01-04 03:17:07', '2018-01-04 03:17:07', NULL),
	(395, 148, 220, NULL, 2800, NULL, 70.0000, 196000.0000000000, NULL, NULL, '2018-01-04 03:17:07', '2018-01-04 03:17:07', NULL),
	(396, 148, 221, NULL, 12000, NULL, 90.0000, 1080000.0000000000, NULL, NULL, '2018-01-04 03:17:07', '2018-01-04 03:17:07', NULL),
	(397, 148, 222, NULL, 12000, NULL, 60.0000, 720000.0000000000, NULL, NULL, '2018-01-04 03:17:07', '2018-01-04 03:17:07', NULL),
	(398, 148, 223, NULL, 1, NULL, 60000.0000, 60000.0000000000, NULL, NULL, '2018-01-04 03:17:08', '2018-01-04 03:17:08', NULL);
/*!40000 ALTER TABLE `trackers` ENABLE KEYS */;

-- Dumping structure for table tracker.users
DROP TABLE IF EXISTS `users`;
CREATE TABLE IF NOT EXISTS `users` (
  `id` int(10) unsigned NOT NULL AUTO_INCREMENT,
  `name` varchar(255) COLLATE utf8mb4_unicode_ci NOT NULL,
  `username` varchar(255) COLLATE utf8mb4_unicode_ci NOT NULL,
  `email` varchar(255) COLLATE utf8mb4_unicode_ci NOT NULL,
  `password` varchar(255) COLLATE utf8mb4_unicode_ci NOT NULL,
  `remember_token` varchar(100) COLLATE utf8mb4_unicode_ci DEFAULT NULL,
  `created_at` timestamp NULL DEFAULT NULL,
  `updated_at` timestamp NULL DEFAULT NULL,
  `role` int(11) DEFAULT NULL,
  PRIMARY KEY (`id`),
  UNIQUE KEY `users_username_unique` (`username`),
  UNIQUE KEY `users_email_unique` (`email`)
) ENGINE=InnoDB AUTO_INCREMENT=4 DEFAULT CHARSET=utf8mb4 COLLATE=utf8mb4_unicode_ci;

-- Dumping data for table tracker.users: ~1 rows (approximately)
DELETE FROM `users`;
/*!40000 ALTER TABLE `users` DISABLE KEYS */;
INSERT INTO `users` (`id`, `name`, `username`, `email`, `password`, `remember_token`, `created_at`, `updated_at`, `role`) VALUES
	(1, 'Phạm Bá Trung Thành', 'admin', 'admin@localhost', '$2y$10$/.32lpxrVBhXLS5oTrYReuU8pA1CXtRFi1E2OrfNiXj/OksoP0sMK', NULL, NULL, '2018-01-02 04:51:55', 0),
	(2, 'Nguyễn Thúy Phương', 'nguyen-thuy-phuong', 'nguyenthuyphuong@mec.vn', '$2y$10$eJYgZNnXE241XSlOUbLVX.R4ZZnTbcrjlwPa/T0Xnsrl1YJc1W8QW', NULL, '2018-01-02 05:24:14', '2018-01-02 05:24:14', 2),
	(3, 'Ngô Thúy Hằng', 'ngo-thuy-hang', 'ngothuyhang@mec.vn', '$2y$10$1wnW64DvgWJ0Q1QQnQtOe.a9tF7gGt/EnDzlAXUviesz1OXdc6xw.', NULL, '2018-01-03 02:24:26', '2018-01-03 02:24:26', 3);
/*!40000 ALTER TABLE `users` ENABLE KEYS */;

-- Dumping structure for table tracker.works
DROP TABLE IF EXISTS `works`;
CREATE TABLE IF NOT EXISTS `works` (
  `id` int(10) unsigned NOT NULL AUTO_INCREMENT,
  `name` varchar(255) COLLATE utf8mb4_unicode_ci NOT NULL,
  `description` text COLLATE utf8mb4_unicode_ci NOT NULL,
  `client` varchar(255) COLLATE utf8mb4_unicode_ci NOT NULL,
  `created_at` timestamp NULL DEFAULT NULL,
  `updated_at` timestamp NULL DEFAULT NULL,
  `image_cover` varchar(255) COLLATE utf8mb4_unicode_ci DEFAULT NULL,
  PRIMARY KEY (`id`)
) ENGINE=InnoDB AUTO_INCREMENT=2 DEFAULT CHARSET=utf8mb4 COLLATE=utf8mb4_unicode_ci;

-- Dumping data for table tracker.works: ~1 rows (approximately)
DELETE FROM `works`;
/*!40000 ALTER TABLE `works` DISABLE KEYS */;
INSERT INTO `works` (`id`, `name`, `description`, `client`, `created_at`, `updated_at`, `image_cover`) VALUES
	(1, 'Vũ Trọng Phụng', 'Mô tả', 'Công ty A', '2017-12-27 02:06:07', '2018-01-09 02:09:19', 'http://reatimes.vn/media/uploaded/21/2017/07/18/cong-trinh-xanh-qldt.jpg');
/*!40000 ALTER TABLE `works` ENABLE KEYS */;

/*!40101 SET SQL_MODE=IFNULL(@OLD_SQL_MODE, '') */;
/*!40014 SET FOREIGN_KEY_CHECKS=IF(@OLD_FOREIGN_KEY_CHECKS IS NULL, 1, @OLD_FOREIGN_KEY_CHECKS) */;
/*!40101 SET CHARACTER_SET_CLIENT=@OLD_CHARACTER_SET_CLIENT */;
