-- --------------------------------------------------------
-- Host:                         localhost
-- Server version:               5.7.19 - MySQL Community Server (GPL)
-- Server OS:                    Win64
-- HeidiSQL Version:             9.4.0.5125
-- --------------------------------------------------------

/*!40101 SET @OLD_CHARACTER_SET_CLIENT=@@CHARACTER_SET_CLIENT */;
/*!40101 SET NAMES utf8 */;
/*!50503 SET NAMES utf8mb4 */;
/*!40014 SET @OLD_FOREIGN_KEY_CHECKS=@@FOREIGN_KEY_CHECKS, FOREIGN_KEY_CHECKS=0 */;
/*!40101 SET @OLD_SQL_MODE=@@SQL_MODE, SQL_MODE='NO_AUTO_VALUE_ON_ZERO' */;


-- Dumping database structure for tracker
DROP DATABASE IF EXISTS `tracker`;
CREATE DATABASE IF NOT EXISTS `tracker` /*!40100 DEFAULT CHARACTER SET latin1 */;
USE `tracker`;

-- Dumping structure for table tracker.boqs
DROP TABLE IF EXISTS `boqs`;
CREATE TABLE IF NOT EXISTS `boqs` (
  `id` int(10) unsigned NOT NULL AUTO_INCREMENT,
  `material_id` bigint(20) NOT NULL,
  `name` varchar(255) COLLATE utf8mb4_unicode_ci NOT NULL,
  `description` varchar(255) COLLATE utf8mb4_unicode_ci NOT NULL,
  `unit` bigint(20) unsigned NOT NULL,
  `price` decimal(20,4) unsigned NOT NULL,
  `total` decimal(40,10) unsigned NOT NULL,
  `created_at` timestamp NULL DEFAULT NULL,
  `updated_at` timestamp NULL DEFAULT NULL,
  `vat` float(4,2) unsigned DEFAULT NULL,
  `vat_sum` decimal(40,10) DEFAULT NULL,
  PRIMARY KEY (`id`)
) ENGINE=InnoDB AUTO_INCREMENT=163 DEFAULT CHARSET=utf8mb4 COLLATE=utf8mb4_unicode_ci;

-- Dumping data for table tracker.boqs: ~143 rows (approximately)
DELETE FROM `boqs`;
/*!40000 ALTER TABLE `boqs` DISABLE KEYS */;
INSERT INTO `boqs` (`id`, `material_id`, `name`, `description`, `unit`, `price`, `total`, `created_at`, `updated_at`, `vat`, `vat_sum`) VALUES
	(19, 19, 'BOQ', '', 144, 551945.0000, 79480080.0000000000, '2018-01-03 03:30:15', '2018-01-03 03:30:15', 0.00, NULL),
	(21, 102, 'BOQ', '', 91111, 2862.0000, 260759682.0000000000, '2018-01-03 04:57:56', '2018-01-03 04:57:56', 0.00, NULL),
	(22, 103, 'BOQ', '', 74666, 4643.0000, 346674238.0000000000, '2018-01-03 04:57:56', '2018-01-03 04:57:56', 0.00, NULL),
	(23, 104, 'BOQ', '', 6109, 7291.0000, 44540719.0000000000, '2018-01-03 04:57:56', '2018-01-03 04:57:56', 0.00, NULL),
	(24, 105, 'BOQ', '', 4889, 10837.0000, 52982093.0000000000, '2018-01-03 04:57:56', '2018-01-03 04:57:56', 0.00, NULL),
	(25, 106, 'BOQ', '', 2667, 2862.0000, 7632954.0000000000, '2018-01-03 04:57:56', '2018-01-03 04:57:56', 0.00, NULL),
	(26, 107, 'BOQ', '', 37333, 4643.0000, 173337119.0000000000, '2018-01-03 04:57:56', '2018-01-03 04:57:56', 0.00, NULL),
	(27, 108, 'BOQ', '', 2444, 7291.0000, 17819204.0000000000, '2018-01-03 04:57:56', '2018-01-03 04:57:56', 0.00, NULL),
	(28, 109, 'BOQ', '', 2500, 10837.0000, 27092500.0000000000, '2018-01-03 04:57:57', '2018-01-03 04:57:57', 0.00, NULL),
	(29, 110, 'BOQ', '', 2673, 15100.0000, 40362300.0000000000, '2018-01-03 04:57:57', '2018-01-03 04:57:57', 0.00, NULL),
	(30, 111, 'BOQ', '', 7360, 27549.0000, 202760640.0000000000, '2018-01-03 07:03:08', '2018-01-03 07:03:08', 0.00, NULL),
	(31, 112, 'BOQ', '', 7360, 59623.0000, 438825280.0000000000, '2018-01-03 07:03:08', '2018-01-03 07:03:08', 0.00, NULL),
	(32, 113, 'BOQ', '', 1700, 7500.0000, 12750000.0000000000, '2018-01-03 07:21:51', '2018-01-03 07:21:51', 0.00, NULL),
	(33, 114, 'BOQ', '', 1700, 7500.0000, 12750000.0000000000, '2018-01-03 07:37:49', '2018-01-03 07:37:49', 0.00, NULL),
	(34, 116, 'BOQ', '', 1700, 7500.0000, 12750000.0000000000, '2018-01-03 07:37:55', '2018-01-03 07:37:55', 0.00, NULL),
	(35, 118, 'BOQ', '', 1700, 7500.0000, 12750000.0000000000, '2018-01-03 07:38:20', '2018-01-03 07:38:20', 0.00, NULL),
	(36, 120, 'BOQ', '', 1700, 7500.0000, 12750000.0000000000, '2018-01-03 07:41:26', '2018-01-03 07:41:26', 0.00, NULL),
	(37, 122, 'BOQ', '', 1700, 7500.0000, 12750000.0000000000, '2018-01-03 07:41:34', '2018-01-03 07:41:34', 0.00, NULL),
	(38, 123, 'BOQ', '', 2000, 15000.0000, 30000000.0000000000, '2018-01-03 07:41:34', '2018-01-03 07:41:34', 0.00, NULL),
	(39, 124, 'BOQ', '', 13793, 16913.0000, 233281009.0000000000, '2018-01-03 08:55:12', '2018-01-03 08:55:12', 0.00, NULL),
	(40, 125, 'BOQ', '', 2055, 6652.0000, 13669860.0000000000, '2018-01-03 08:55:12', '2018-01-03 08:55:12', 0.00, NULL),
	(41, 126, 'BOQ', '', 347, 46948.0000, 16290956.0000000000, '2018-01-03 08:55:12', '2018-01-03 08:55:12', 0.00, NULL),
	(42, 127, 'BOQ', '', 409, 2438.0000, 997142.0000000000, '2018-01-03 08:55:12', '2018-01-03 08:55:12', 0.00, NULL),
	(43, 128, 'BOQ', '', 5570, 2977.0000, 16581890.0000000000, '2018-01-03 08:55:13', '2018-01-03 08:55:13', 0.00, NULL),
	(44, 129, 'BOQ', '', 736, 4186.0000, 3080896.0000000000, '2018-01-03 08:55:13', '2018-01-03 08:55:13', 0.00, NULL),
	(45, 130, 'BOQ', '', 460, 9135.0000, 4202100.0000000000, '2018-01-03 08:55:13', '2018-01-03 08:55:13', 0.00, NULL),
	(46, 131, 'BOQ', '', 2935, 10735.0000, 31507225.0000000000, '2018-01-03 08:55:13', '2018-01-03 08:55:13', 0.00, NULL),
	(47, 132, 'BOQ', '', 288, 10735.0000, 3091680.0000000000, '2018-01-03 08:55:13', '2018-01-03 08:55:13', 0.00, NULL),
	(48, 133, 'BOQ', '', 4876, 6320.0000, 30816320.0000000000, '2018-01-03 08:55:13', '2018-01-03 08:55:13', 0.00, NULL),
	(49, 134, 'BOQ', '', 8000, 5474.0000, 43792000.0000000000, '2018-01-03 08:55:13', '2018-01-03 08:55:13', 0.00, NULL),
	(50, 135, 'BOQ', '', 2667, 5474.0000, 14599158.0000000000, '2018-01-03 08:55:13', '2018-01-03 08:55:13', 0.00, NULL),
	(51, 136, 'BOQ', '', 300, 6048.0000, 1814400.0000000000, '2018-01-03 08:55:14', '2018-01-03 08:55:14', 0.00, NULL),
	(52, 138, 'BOQ', '', 13793, 16913.0000, 233281009.0000000000, '2018-01-03 08:55:25', '2018-01-03 08:55:25', 0.00, NULL),
	(53, 139, 'BOQ', '', 2055, 6652.0000, 13669860.0000000000, '2018-01-03 08:55:25', '2018-01-03 08:55:25', 0.00, NULL),
	(54, 140, 'BOQ', '', 347, 46948.0000, 16290956.0000000000, '2018-01-03 08:55:26', '2018-01-03 08:55:26', 0.00, NULL),
	(55, 141, 'BOQ', '', 409, 2438.0000, 997142.0000000000, '2018-01-03 08:55:26', '2018-01-03 08:55:26', 0.00, NULL),
	(56, 142, 'BOQ', '', 5570, 2977.0000, 16581890.0000000000, '2018-01-03 08:55:26', '2018-01-03 08:55:26', 0.00, NULL),
	(57, 143, 'BOQ', '', 736, 4186.0000, 3080896.0000000000, '2018-01-03 08:55:26', '2018-01-03 08:55:26', 0.00, NULL),
	(58, 144, 'BOQ', '', 460, 9135.0000, 4202100.0000000000, '2018-01-03 08:55:26', '2018-01-03 08:55:26', 0.00, NULL),
	(59, 145, 'BOQ', '', 2935, 10735.0000, 31507225.0000000000, '2018-01-03 08:55:26', '2018-01-03 08:55:26', 0.00, NULL),
	(60, 146, 'BOQ', '', 288, 10735.0000, 3091680.0000000000, '2018-01-03 08:55:26', '2018-01-03 08:55:26', 0.00, NULL),
	(61, 147, 'BOQ', '', 4876, 6320.0000, 30816320.0000000000, '2018-01-03 08:55:26', '2018-01-03 08:55:26', 0.00, NULL),
	(62, 148, 'BOQ', '', 8000, 5474.0000, 43792000.0000000000, '2018-01-03 08:55:26', '2018-01-03 08:55:26', 0.00, NULL),
	(63, 149, 'BOQ', '', 2667, 5474.0000, 14599158.0000000000, '2018-01-03 08:55:26', '2018-01-03 08:55:26', 0.00, NULL),
	(64, 150, 'BOQ', '', 300, 6048.0000, 1814400.0000000000, '2018-01-03 08:55:27', '2018-01-03 08:55:27', 0.00, NULL),
	(65, 151, 'BOQ', '', 0, 0.0000, 0.0000000000, '2018-01-03 08:55:27', '2018-01-03 08:55:27', 0.00, NULL),
	(66, 152, 'BOQ', '', 18667, 1792.0000, 33451264.0000000000, '2018-01-03 08:55:27', '2018-01-03 08:55:27', 0.00, NULL),
	(67, 153, 'BOQ', '', 6000, 2278.0000, 13668000.0000000000, '2018-01-03 08:55:27', '2018-01-03 08:55:27', 0.00, NULL),
	(68, 154, 'BOQ', '', 440, 3784.0000, 1664960.0000000000, '2018-01-03 08:55:27', '2018-01-03 08:55:27', 0.00, NULL),
	(69, 155, 'BOQ', '', 144, 71885.0000, 10351440.0000000000, '2018-01-03 08:55:27', '2018-01-03 08:55:27', 0.00, NULL),
	(70, 156, 'BOQ', '', 684, 39260.0000, 26853840.0000000000, '2018-01-03 08:55:27', '2018-01-03 08:55:27', 0.00, NULL),
	(71, 157, 'BOQ', '', 34100, 711.0000, 24245100.0000000000, '2018-01-03 08:55:27', '2018-01-03 08:55:27', 0.00, NULL),
	(72, 158, 'BOQ', '', 7150, 1161.0000, 8301150.0000000000, '2018-01-03 08:55:27', '2018-01-03 08:55:27', 0.00, NULL),
	(73, 159, 'BOQ', '', 759, 1597.0000, 1212123.0000000000, '2018-01-03 08:55:28', '2018-01-03 08:55:28', 0.00, NULL),
	(74, 160, 'BOQ', '', 42385, 929.0000, 39375665.0000000000, '2018-01-03 08:55:28', '2018-01-03 08:55:28', 0.00, NULL),
	(75, 161, 'BOQ', '', 9491, 1597.0000, 15157127.0000000000, '2018-01-03 08:55:28', '2018-01-03 08:55:28', 0.00, NULL),
	(76, 162, 'BOQ', '', 1006, 1872.0000, 1883232.0000000000, '2018-01-03 08:55:28', '2018-01-03 08:55:28', 0.00, NULL),
	(77, 163, 'BOQ', '', 2667, 6920.0000, 18455640.0000000000, '2018-01-03 09:22:32', '2018-01-03 09:22:32', 0.00, NULL),
	(78, 171, 'BOQ', '', 1507, 245738.0000, 370327166.0000000000, '2018-01-03 10:07:46', '2018-01-03 10:07:46', 0.00, NULL),
	(79, 173, 'BOQ', '', 1507, 245738.0000, 370327166.0000000000, '2018-01-04 01:12:37', '2018-01-04 01:12:37', 0.00, NULL),
	(80, 174, 'BOQ', '', 0, 0.0000, 0.0000000000, '2018-01-04 01:12:37', '2018-01-04 01:12:37', 0.00, NULL),
	(81, 175, 'BOQ', '', 1600, 10603.0000, 16964800.0000000000, '2018-01-04 01:12:37', '2018-01-04 01:12:37', 0.00, NULL),
	(82, 176, 'BOQ', '', 40, 220790.0000, 8831600.0000000000, '2018-01-04 01:12:37', '2018-01-04 01:12:37', 0.00, NULL),
	(83, 177, 'BOQ', '', 0, 0.0000, 0.0000000000, '2018-01-04 01:12:37', '2018-01-04 01:12:37', 0.00, NULL),
	(84, 178, 'BOQ', '', 0, 0.0000, 0.0000000000, '2018-01-04 01:12:38', '2018-01-04 01:12:38', 0.00, NULL),
	(85, 179, 'BOQ', '', 40, 9356.0000, 374240.0000000000, '2018-01-04 01:12:38', '2018-01-04 01:12:38', 0.00, NULL),
	(86, 180, 'BOQ', '', 2816, 3119.0000, 8783104.0000000000, '2018-01-04 01:12:38', '2018-01-04 01:12:38', 0.00, NULL),
	(87, 181, 'BOQ', '', 1100, 21206.0000, 23326600.0000000000, '2018-01-04 01:12:38', '2018-01-04 01:12:38', 0.00, NULL),
	(88, 182, 'BOQ', '', 220, 69336.0000, 15253920.0000000000, '2018-01-04 01:12:38', '2018-01-04 01:12:38', 0.00, NULL),
	(89, 183, 'BOQ', '', 290, 52002.0000, 15080580.0000000000, '2018-01-04 01:12:38', '2018-01-04 01:12:38', 0.00, NULL),
	(90, 184, 'BOQ', '', 100, 30046.0000, 3004600.0000000000, '2018-01-04 01:12:38', '2018-01-04 01:12:38', 0.00, NULL),
	(91, 185, 'BOQ', '', 1333, 48535.0000, 64697155.0000000000, '2018-01-04 02:04:44', '2018-01-04 02:04:44', 0.00, NULL),
	(92, 186, 'BOQ', '', 133, 79736.0000, 10604888.0000000000, '2018-01-04 02:04:44', '2018-01-04 02:04:44', 0.00, NULL),
	(93, 187, 'BOQ', '', 520, 86670.0000, 45068400.0000000000, '2018-01-04 02:04:44', '2018-01-04 02:04:44', 0.00, NULL),
	(94, 188, 'BOQ', '', 44, 86670.0000, 3813480.0000000000, '2018-01-04 02:04:44', '2018-01-04 02:04:44', 0.00, NULL),
	(95, 189, 'BOQ', '', 13, 1109376.0000, 14421888.0000000000, '2018-01-04 02:04:44', '2018-01-04 02:04:44', 0.00, NULL),
	(96, 192, 'BOQ', '', 13, 1109376.0000, 14421888.0000000000, '2018-01-04 02:12:05', '2018-01-04 02:12:05', 0.00, NULL),
	(97, 193, 'BOQ', '', 0, 0.0000, 0.0000000000, '2018-01-04 02:12:06', '2018-01-04 02:12:06', 0.00, NULL),
	(98, 194, 'BOQ', '', 60, 2596100.0000, 155766000.0000000000, '2018-01-04 02:27:06', '2018-01-04 02:27:06', 0.00, NULL),
	(99, 195, 'BOQ', '', 24, 1755636.0000, 42135264.0000000000, '2018-01-04 02:27:06', '2018-01-04 02:27:06', 0.00, NULL),
	(100, 196, 'BOQ', '', 22, 3023892.0000, 66525624.0000000000, '2018-01-04 02:27:06', '2018-01-04 02:27:06', 0.00, NULL),
	(101, 197, 'BOQ', '', 13, 3063025.0000, 39819325.0000000000, '2018-01-04 02:27:06', '2018-01-04 02:27:06', 0.00, NULL),
	(102, 198, 'BOQ', '', 4, 17452260.0000, 69809040.0000000000, '2018-01-04 02:27:06', '2018-01-04 02:27:06', 0.00, NULL),
	(103, 199, 'BOQ', '', 8889, 3429.0000, 30480381.0000000000, '2018-01-04 02:45:09', '2018-01-04 02:45:09', 0.00, NULL),
	(104, 202, 'BOQ', '', 8640, 3467.0000, 29954880.0000000000, '2018-01-04 03:17:05', '2018-01-04 03:17:05', 0.00, NULL),
	(105, 203, 'BOQ', '', 8640, 2889.0000, 24960960.0000000000, '2018-01-04 03:17:05', '2018-01-04 03:17:05', 0.00, NULL),
	(106, 204, 'BOQ', '', 6912, 20801.0000, 143776512.0000000000, '2018-01-04 03:17:05', '2018-01-04 03:17:05', 0.00, NULL),
	(107, 205, 'BOQ', '', 28800, 1156.0000, 33292800.0000000000, '2018-01-04 03:17:06', '2018-01-04 03:17:06', 0.00, NULL),
	(108, 206, 'BOQ', '', 34560, 462.0000, 15966720.0000000000, '2018-01-04 03:17:06', '2018-01-04 03:17:06', 0.00, NULL),
	(109, 207, 'BOQ', '', 9600, 2311.0000, 22185600.0000000000, '2018-01-04 03:17:06', '2018-01-04 03:17:06', 0.00, NULL),
	(110, 208, 'BOQ', '', 0, 0.0000, 0.0000000000, '2018-01-04 03:17:06', '2018-01-04 03:17:06', 0.00, NULL),
	(111, 209, 'BOQ', '', 0, 0.0000, 0.0000000000, '2018-01-04 03:17:06', '2018-01-04 03:17:06', 0.00, NULL),
	(112, 210, 'BOQ', '', 340, 10400.0000, 3536000.0000000000, '2018-01-04 03:17:06', '2018-01-04 03:17:06', 0.00, NULL),
	(113, 211, 'BOQ', '', 300, 8089.0000, 2426700.0000000000, '2018-01-04 03:17:06', '2018-01-04 03:17:06', 0.00, NULL),
	(114, 212, 'BOQ', '', 1600, 6934.0000, 11094400.0000000000, '2018-01-04 03:17:06', '2018-01-04 03:17:06', 0.00, NULL),
	(115, 213, 'BOQ', '', 160, 5778.0000, 924480.0000000000, '2018-01-04 03:17:07', '2018-01-04 03:17:07', 0.00, NULL),
	(116, 214, 'BOQ', '', 4224, 27734.0000, 117148416.0000000000, '2018-01-04 03:17:07', '2018-01-04 03:17:07', 0.00, NULL),
	(117, 215, 'BOQ', '', 2348, 2889.0000, 6783372.0000000000, '2018-01-04 03:17:07', '2018-01-04 03:17:07', 0.00, NULL),
	(118, 216, 'BOQ', '', 3200, 2311.0000, 7395200.0000000000, '2018-01-04 03:17:07', '2018-01-04 03:17:07', 0.00, NULL),
	(119, 217, 'BOQ', '', 1920, 11556.0000, 22187520.0000000000, '2018-01-04 03:17:07', '2018-01-04 03:17:07', 0.00, NULL),
	(120, 218, 'BOQ', '', 1600, 10400.0000, 16640000.0000000000, '2018-01-04 03:17:07', '2018-01-04 03:17:07', 0.00, NULL),
	(121, 219, 'BOQ', '', 13440, 578.0000, 7768320.0000000000, '2018-01-04 03:17:07', '2018-01-04 03:17:07', 0.00, NULL),
	(122, 220, 'BOQ', '', 0, 0.0000, 0.0000000000, '2018-01-04 03:17:07', '2018-01-04 03:17:07', 0.00, NULL),
	(123, 221, 'BOQ', '', 0, 0.0000, 0.0000000000, '2018-01-04 03:17:07', '2018-01-04 03:17:07', 0.00, NULL),
	(124, 222, 'BOQ', '', 59200, 726.0000, 42979200.0000000000, '2018-01-04 03:17:07', '2018-01-04 03:17:07', 0.00, NULL),
	(125, 223, 'BOQ', '', 0, 0.0000, 0.0000000000, '2018-01-04 03:17:08', '2018-01-04 03:17:08', 0.00, NULL),
	(126, 235, 'BOQ', '', 1, 1000.0000, 1100.0000000000, '2018-03-30 04:30:32', '2018-03-30 04:30:32', 10.00, 100.0000000000),
	(127, 236, 'BOQ', '', 2, 1000.0000, 2200.0000000000, '2018-03-30 04:36:03', '2018-03-30 04:36:03', 10.00, 200.0000000000),
	(128, 237, 'BOQ', '', 20, 12000.0000, 264000.0000000000, '2018-03-30 04:54:14', '2018-03-30 04:54:14', 10.00, 24000.0000000000),
	(129, 238, 'BOQ', '', 1, 2.0000, 2.2000000000, '2018-03-30 07:18:15', '2018-03-30 07:18:15', 10.00, 0.2000000000),
	(130, 239, 'BOQ', '', 1, 315603100.0000, 347163410.0000000000, '2018-03-30 07:36:08', '2018-03-30 07:36:08', 10.00, 31560310.0000000000),
	(131, 240, 'BOQ', '', 1, 34167600.0000, 37584360.0000000000, '2018-03-30 07:36:08', '2018-03-30 07:36:08', 10.00, 3416760.0000000000),
	(132, 241, 'BOQ', '', 10, 25100400.0000, 276104400.0000000000, '2018-03-30 07:36:08', '2018-03-30 07:36:08', 10.00, 25100400.0000000000),
	(133, 242, 'BOQ', '', 1, 40147000.0000, 44161700.0000000000, '2018-03-30 07:36:08', '2018-03-30 07:36:08', 10.00, 4014700.0000000000),
	(134, 243, 'BOQ', '', 1, 26860000.0000, 29546000.0000000040, '2018-03-30 07:36:08', '2018-03-30 07:36:08', 10.00, 2686000.0000000000),
	(135, 244, 'BOQ', '', 1, 315603100.0000, 347163410.0000000000, '2018-03-30 07:45:55', '2018-03-30 07:45:55', 10.00, 31560310.0000000000),
	(136, 245, 'BOQ', '', 1, 34167600.0000, 37584360.0000000000, '2018-03-30 07:45:55', '2018-03-30 07:45:55', 10.00, 3416760.0000000000),
	(137, 246, 'BOQ', '', 10, 25100400.0000, 276104400.0000000000, '2018-03-30 07:45:55', '2018-03-30 07:45:55', 10.00, 25100400.0000000000),
	(138, 247, 'BOQ', '', 1, 40147000.0000, 44161700.0000000000, '2018-03-30 07:45:55', '2018-03-30 07:45:55', 10.00, 4014700.0000000000),
	(139, 248, 'BOQ', '', 1, 26860000.0000, 29546000.0000000040, '2018-03-30 07:45:55', '2018-03-30 07:45:55', 10.00, 2686000.0000000000),
	(140, 249, 'BOQ', '', 1, 40073500.0000, 44080850.0000000000, '2018-03-31 03:41:54', '2018-03-31 03:41:54', 10.00, 4007350.0000000000),
	(141, 250, 'BOQ', '', 1, 28962600.0000, 31858860.0000000040, '2018-03-31 03:41:54', '2018-03-31 03:41:54', 10.00, 2896260.0000000000),
	(142, 251, 'BOQ', '', 1, 29615400.0000, 32576940.0000000040, '2018-03-31 03:41:54', '2018-03-31 03:41:54', 10.00, 2961540.0000000000),
	(143, 252, 'BOQ', '', 1, 22542200.0000, 24796420.0000000040, '2018-03-31 03:41:54', '2018-03-31 03:41:54', 10.00, 2254220.0000000000),
	(144, 253, 'BOQ', '', 1, 28549200.0000, 31404120.0000000040, '2018-03-31 03:41:54', '2018-03-31 03:41:54', 10.00, 2854920.0000000000),
	(145, 254, 'BOQ', '', 1, 11093600.0000, 12202960.0000000020, '2018-03-31 03:41:55', '2018-03-31 03:41:55', 10.00, 1109360.0000000000),
	(146, 255, 'BOQ', '', 1, 11093600.0000, 12202960.0000000020, '2018-03-31 03:41:55', '2018-03-31 03:41:55', 10.00, 1109360.0000000000),
	(147, 256, 'BOQ', '', 1, 41957900.0000, 46153690.0000000100, '2018-03-31 03:41:55', '2018-03-31 03:41:55', 10.00, 4195790.0000000000),
	(148, 257, 'BOQ', '', 1, 28206300.0000, 31026930.0000000040, '2018-03-31 03:41:55', '2018-03-31 03:41:55', 10.00, 2820630.0000000000),
	(149, 258, 'BOQ', '', 1, 35954600.0000, 39550060.0000000000, '2018-03-31 03:41:55', '2018-03-31 03:41:55', 10.00, 3595460.0000000000),
	(150, 259, 'BOQ', '', 1, 10993200.0000, 12092520.0000000020, '2018-03-31 03:41:55', '2018-03-31 03:41:55', 10.00, 1099320.0000000000),
	(151, 260, 'BOQ', '', 1, 8246700.0000, 9071370.0000000000, '2018-03-31 03:41:55', '2018-03-31 03:41:55', 10.00, 824670.0000000000),
	(152, 261, 'BOQ', '', 1, 39296400.0000, 43226040.0000000000, '2018-03-31 03:41:55', '2018-03-31 03:41:55', 10.00, 3929640.0000000000),
	(153, 262, 'BOQ', '', 1, 27373600.0000, 30110960.0000000040, '2018-03-31 03:41:56', '2018-03-31 03:41:56', 10.00, 2737360.0000000000),
	(154, 263, 'BOQ', '', 1, 17821100.0000, 19603210.0000000000, '2018-03-31 03:41:56', '2018-03-31 03:41:56', 10.00, 1782110.0000000000),
	(155, 264, 'BOQ', '', 1, 39182400.0000, 43100640.0000000000, '2018-03-31 03:41:56', '2018-03-31 03:41:56', 10.00, 3918240.0000000000),
	(156, 265, 'BOQ', '', 1, 40350900.0000, 44385990.0000000000, '2018-03-31 03:41:56', '2018-03-31 03:41:56', 10.00, 4035090.0000000000),
	(157, 266, 'BOQ', '', 1, 27817500.0000, 30599250.0000000040, '2018-03-31 03:41:56', '2018-03-31 03:41:56', 10.00, 2781750.0000000000),
	(158, 267, 'BOQ', '', 1, 22332700.0000, 24565970.0000000040, '2018-03-31 03:41:56', '2018-03-31 03:41:56', 10.00, 2233270.0000000000),
	(159, 268, 'BOQ', '', 1, 16048300.0000, 17653130.0000000000, '2018-03-31 03:41:56', '2018-03-31 03:41:56', 10.00, 1604830.0000000000),
	(160, 269, 'BOQ', '', 1, 64448900.0000, 70893790.0000000000, '2018-03-31 03:41:56', '2018-03-31 03:41:56', 10.00, 6444890.0000000000),
	(161, 270, 'BOQ', '', 1, 30122000.0000, 33134200.0000000040, '2018-03-31 03:41:57', '2018-03-31 03:41:57', 10.00, 3012200.0000000000),
	(162, 271, 'BOQ', '', 1, 6548000.0000, 7202800.0000000010, '2018-03-31 03:41:57', '2018-03-31 03:41:57', 10.00, 654800.0000000000);
/*!40000 ALTER TABLE `boqs` ENABLE KEYS */;

-- Dumping structure for table tracker.categories
DROP TABLE IF EXISTS `categories`;
CREATE TABLE IF NOT EXISTS `categories` (
  `id` int(10) unsigned NOT NULL AUTO_INCREMENT,
  `label` varchar(255) COLLATE utf8mb4_unicode_ci NOT NULL,
  `order` int(11) NOT NULL,
  `workgroup_id` int(11) NOT NULL,
  `created_at` timestamp NULL DEFAULT NULL,
  `updated_at` timestamp NULL DEFAULT NULL,
  PRIMARY KEY (`id`)
) ENGINE=InnoDB DEFAULT CHARSET=utf8mb4 COLLATE=utf8mb4_unicode_ci;

-- Dumping data for table tracker.categories: ~0 rows (approximately)
DELETE FROM `categories`;
/*!40000 ALTER TABLE `categories` DISABLE KEYS */;
/*!40000 ALTER TABLE `categories` ENABLE KEYS */;

-- Dumping structure for table tracker.files
DROP TABLE IF EXISTS `files`;
CREATE TABLE IF NOT EXISTS `files` (
  `id` int(10) unsigned NOT NULL AUTO_INCREMENT,
  `parent_type` varchar(255) COLLATE utf8mb4_unicode_ci NOT NULL,
  `parent_id` varchar(255) COLLATE utf8mb4_unicode_ci NOT NULL,
  `url` varchar(255) COLLATE utf8mb4_unicode_ci NOT NULL,
  `name` varchar(255) COLLATE utf8mb4_unicode_ci NOT NULL,
  `creator_id` int(11) NOT NULL,
  `created_at` timestamp NULL DEFAULT NULL,
  `updated_at` timestamp NULL DEFAULT NULL,
  PRIMARY KEY (`id`)
) ENGINE=InnoDB DEFAULT CHARSET=utf8mb4 COLLATE=utf8mb4_unicode_ci;

-- Dumping data for table tracker.files: ~0 rows (approximately)
DELETE FROM `files`;
/*!40000 ALTER TABLE `files` DISABLE KEYS */;
/*!40000 ALTER TABLE `files` ENABLE KEYS */;

-- Dumping structure for table tracker.histories
DROP TABLE IF EXISTS `histories`;
CREATE TABLE IF NOT EXISTS `histories` (
  `id` int(10) unsigned NOT NULL AUTO_INCREMENT,
  `reference_table` varchar(255) COLLATE utf8mb4_unicode_ci DEFAULT NULL,
  `reference_id` int(10) unsigned DEFAULT NULL,
  `affected_type` varchar(255) COLLATE utf8mb4_unicode_ci NOT NULL,
  `affected_id` int(10) unsigned NOT NULL,
  `actor_id` int(10) unsigned NOT NULL,
  `body` varchar(255) COLLATE utf8mb4_unicode_ci NOT NULL,
  `created_at` timestamp NULL DEFAULT NULL,
  `updated_at` timestamp NULL DEFAULT NULL,
  PRIMARY KEY (`id`)
) ENGINE=InnoDB DEFAULT CHARSET=utf8mb4 COLLATE=utf8mb4_unicode_ci;

-- Dumping data for table tracker.histories: ~0 rows (approximately)
DELETE FROM `histories`;
/*!40000 ALTER TABLE `histories` DISABLE KEYS */;
/*!40000 ALTER TABLE `histories` ENABLE KEYS */;

-- Dumping structure for table tracker.invoices
DROP TABLE IF EXISTS `invoices`;
CREATE TABLE IF NOT EXISTS `invoices` (
  `id` int(10) unsigned NOT NULL AUTO_INCREMENT,
  `work_id` int(10) unsigned NOT NULL,
  `provider_id` int(10) unsigned NOT NULL,
  `buyer_id` int(10) unsigned NOT NULL,
  `type` varchar(255) COLLATE utf8mb4_unicode_ci NOT NULL DEFAULT 'invoice',
  `payment_total` decimal(40,10) DEFAULT NULL,
  `name` varchar(255) COLLATE utf8mb4_unicode_ci NOT NULL,
  `slug` varchar(255) COLLATE utf8mb4_unicode_ci NOT NULL,
  `signed_at` date DEFAULT NULL,
  `total` decimal(40,10) unsigned DEFAULT NULL,
  `uid` varchar(255) COLLATE utf8mb4_unicode_ci DEFAULT NULL,
  `created_at` timestamp NULL DEFAULT NULL,
  `updated_at` timestamp NULL DEFAULT NULL,
  PRIMARY KEY (`id`)
) ENGINE=InnoDB AUTO_INCREMENT=168 DEFAULT CHARSET=utf8mb4 COLLATE=utf8mb4_unicode_ci;

-- Dumping data for table tracker.invoices: ~31 rows (approximately)
DELETE FROM `invoices`;
/*!40000 ALTER TABLE `invoices` DISABLE KEYS */;
INSERT INTO `invoices` (`id`, `work_id`, `provider_id`, `buyer_id`, `type`, `payment_total`, `name`, `slug`, `signed_at`, `total`, `uid`, `created_at`, `updated_at`) VALUES
	(22, 1, 16, 2, 'invoice', 0.0000000000, 'Tủ điện', 'tu-dien', '2017-06-22', 17800000.0000000000, 'TĐ1', '2018-01-03 03:30:15', '2018-01-24 09:52:40'),
	(23, 1, 17, 2, 'invoice', 0.0000000000, 'Tủ điện', 'tu-dien', '2017-06-22', 45344000.0000000000, NULL, '2018-01-03 04:03:16', '2018-01-03 04:03:16'),
	(106, 1, 18, 2, 'invoice', 287927970.0000000000, 'Dây cáp điện', 'day-cap-dien', '2017-07-04', 261752700.0000000000, 'DCD1', '2018-01-03 04:57:56', '2018-01-05 07:36:46'),
	(107, 1, 18, 2, 'contract', 0.0000000000, 'Dây cáp điện', 'day-cap-dien', '2017-08-21', 710174470.0000000000, '0507/HĐKT/QT-VH', '2018-01-03 07:03:07', '2018-01-03 07:03:08'),
	(108, 1, 18, 2, 'invoice', 139680493.0000000000, 'Dây cáp điện', 'day-cap-dien', '2017-08-07', 126982266.0000000000, 'DCD2', '2018-01-03 07:06:37', '2018-01-05 07:34:25'),
	(109, 1, 18, 2, 'invoice', 62289063.0000000000, 'Dây cáp điện', 'day-cap-dien', '2017-09-07', 70783026.0000000000, 'DCD3', '2018-01-03 07:08:38', '2018-01-05 07:31:56'),
	(110, 1, 18, 2, 'invoice', 332651156.0000000000, 'Dây cáp điện', 'day-cap-dien', '2017-10-06', 378013710.0000000000, 'DCD4', '2018-01-03 07:13:50', '2018-01-05 07:28:51'),
	(111, 1, 18, 2, 'invoice', 155473912.0000000000, 'Dây cáp điện', 'day-cap-dien', '2017-11-10', 176674900.0000000000, 'DCD5', '2018-01-03 07:17:28', '2018-01-05 07:20:52'),
	(112, 1, 18, 2, 'invoice', 6458400.0000000000, 'Dây cáp điện', 'day-cap-dien', '2017-10-16', 5871600.0000000000, 'DCD6', '2018-01-03 07:21:51', '2018-01-05 07:22:39'),
	(117, 1, 20, 2, 'invoice', 8459440.0000000000, 'Dây cáp điện', 'day-cap-dien', '2017-06-27', 7690400.0000000000, 'DCD8', '2018-01-03 07:41:34', '2018-01-09 02:43:03'),
	(119, 1, 23, 2, 'invoice', 127223166.0000000000, 'Ống điện và phụ kiện', 'ong-dien-va-phu-kien', '2017-06-14', 115657424.0000000000, 'OD1', '2018-01-03 08:55:25', '2018-01-09 03:09:10'),
	(120, 1, 23, 2, 'invoice', 28775450.0000000000, 'Ống điện và phụ kiện', 'ong-dien-va-phu-kien', '2017-06-20', 26159500.0000000000, 'OD2', '2018-01-03 09:10:03', '2018-01-24 05:00:25'),
	(121, 1, 23, 2, 'invoice', 217744885.0000000000, 'Ống điện và phụ kiện', 'ong-dien-va-phu-kien', '2017-07-07', 197949896.0000000000, 'OD3', '2018-01-03 09:22:31', '2018-01-09 03:03:03'),
	(122, 1, 23, 2, 'invoice', 21224115.0000000000, 'Ống điện và phụ kiện', 'ong-dien-va-phu-kien', '2017-08-04', 19294650.0000000000, 'OD4', '2018-01-03 09:28:52', '2018-01-09 02:59:38'),
	(123, 1, 23, 2, 'invoice', 77767878.0000000000, 'Ống điện và phụ kiện', 'ong-dien-va-phu-kien', '2017-09-07', 70698071.0000000000, 'OD5', '2018-01-03 09:38:02', '2018-01-09 02:58:14'),
	(124, 1, 23, 2, 'invoice', 5426000.0000000000, 'Ống điện và phụ kiện', 'ong-dien-va-phu-kien', '2017-08-04', 4932650.0000000000, 'OD6', '2018-01-03 09:43:46', '2018-01-09 03:01:42'),
	(125, 1, 23, 2, 'invoice', 3780150.0000000000, 'Ống điện và phụ kiện', 'ong-dien-va-phu-kien', '2017-10-06', 3436500.0000000000, 'OD7', '2018-01-03 09:45:24', '2018-01-09 02:54:25'),
	(126, 1, 23, 2, 'invoice', 7859000.0000000000, 'Ống điện và phụ kiện', 'ong-dien-va-phu-kien', '2017-10-17', 23815469.0000000000, 'OD8', '2018-01-03 09:51:57', '2018-01-09 02:49:03'),
	(135, 1, 32, 2, 'invoice', 0.0000000000, 'Thang máng cáp', 'thang-mang-cap', '2017-07-10', 95119500.0000000000, 'TMC1', '2018-01-04 01:12:37', '2018-01-04 01:12:38'),
	(136, 1, 32, 2, 'invoice', 99597700.0000000000, 'Thang máng cáp', 'thang-mang-cap', '2017-08-08', 126907000.0000000000, 'TMC2', '2018-01-04 01:44:38', '2018-01-10 07:33:45'),
	(137, 1, 32, 2, 'invoice', 79465100.0000000000, 'Thang máng cáp', 'thang-mang-cap', '2017-10-07', 72241000.0000000000, 'TMC3', '2018-01-04 01:50:58', '2018-01-16 05:13:18'),
	(138, 1, 33, 2, 'invoice', 57319120.0000000000, 'Thép UV', 'thep-uv', '2017-08-14', 52108291.0000000000, '14.8/2017/XDVN-MEC', '2018-01-04 02:04:43', '2018-01-05 06:26:28'),
	(141, 1, 33, 2, 'invoice', 843440.0000000000, 'Thép UV', 'thep-uv', '2017-11-22', 8434400.0000000000, 'TUV2', '2018-01-04 02:12:05', '2018-01-05 06:33:32'),
	(142, 1, 34, 2, 'invoice', 77561000.0000000000, 'Cáp điện nhẹ', 'cap-dien-nhe', '2017-07-22', 70510000.0000000000, 'CDN1', '2018-01-04 02:27:06', '2018-01-05 07:07:03'),
	(143, 1, 34, 2, 'invoice', 86955000.0000000000, 'Cáp điện nhẹ', 'cap-dien-nhe', '2017-10-06', 79050000.0000000000, 'CDN2', '2018-01-04 02:33:01', '2018-01-05 06:58:30'),
	(144, 1, 34, 2, 'invoice', 14530000.0000000000, 'Cáp điện nhẹ CDN3', 'cap-dien-nhe-cdn3', '2017-11-09', 35700000.0000000000, 'CND3', '2018-01-04 02:39:05', '2018-01-17 07:01:45'),
	(145, 1, 35, 2, 'invoice', 11286000.0000000000, 'Dây cáp quang DCQ1', 'day-cap-quang-dcq1', '2017-07-21', 10260000.0000000000, 'DCQ1', '2018-01-04 02:45:09', '2018-01-09 02:46:54'),
	(148, 1, 38, 2, 'invoice', 5000000.0000000000, 'Vật tư phụ', 'vat-tu-phu', '2017-06-28', 29892500.0000000000, 'VTP1', '2018-01-04 03:17:05', '2018-01-10 03:24:32'),
	(153, 1, 18, 2, 'invoice', 0.0000000000, 'Dây cáp điện', 'day-cap-dien', '2017-11-09', 0.0000000000, 'DCD7', '2018-03-29 09:58:55', '2018-03-29 09:58:55'),
	(166, 2, 44, 2, 'invoice', 0.0000000000, 'Tủ điện hạ thế đợt 1', 'tu-dien-ha-the-dot-1', '2018-10-18', 645645000.0000000000, '02/HĐMB/SEAE-MECI/2017', '2018-03-30 07:45:54', '2018-03-30 07:45:55'),
	(167, 2, 43, 2, 'invoice', 0.0000000000, 'Tủ điện hạ thế đợt 2', 'tu-dien-ha-the-dot-2', '2018-01-24', 485562000.0000000000, '01/HĐMB/SEAE-MECI/2018', '2018-03-31 03:41:53', '2018-03-31 03:41:57');
/*!40000 ALTER TABLE `invoices` ENABLE KEYS */;

-- Dumping structure for table tracker.materials
DROP TABLE IF EXISTS `materials`;
CREATE TABLE IF NOT EXISTS `materials` (
  `id` int(10) unsigned NOT NULL AUTO_INCREMENT,
  `uid` varchar(255) COLLATE utf8mb4_unicode_ci DEFAULT NULL,
  `name` varchar(255) COLLATE utf8mb4_unicode_ci NOT NULL,
  `brand` varchar(255) COLLATE utf8mb4_unicode_ci DEFAULT NULL,
  `work_id` int(10) NOT NULL,
  `currency` varchar(255) COLLATE utf8mb4_unicode_ci NOT NULL DEFAULT 'vnđ',
  `total_unit` bigint(20) NOT NULL DEFAULT '0',
  `_lft` int(10) NOT NULL DEFAULT '0',
  `_rgt` int(10) NOT NULL DEFAULT '0',
  `parent_id` int(10) DEFAULT '0',
  `total_price` decimal(50,10) NOT NULL DEFAULT '0.0000000000',
  `invoice_count` bigint(20) NOT NULL DEFAULT '0',
  `description` text COLLATE utf8mb4_unicode_ci,
  `per` varchar(255) COLLATE utf8mb4_unicode_ci DEFAULT NULL,
  `created_at` timestamp NULL DEFAULT NULL,
  `updated_at` timestamp NULL DEFAULT NULL,
  `received_unit` int(11) DEFAULT '0',
  PRIMARY KEY (`id`)
) ENGINE=InnoDB AUTO_INCREMENT=272 DEFAULT CHARSET=utf8mb4 COLLATE=utf8mb4_unicode_ci;

-- Dumping data for table tracker.materials: ~132 rows (approximately)
DELETE FROM `materials`;
/*!40000 ALTER TABLE `materials` DISABLE KEYS */;
INSERT INTO `materials` (`id`, `uid`, `name`, `brand`, `work_id`, `currency`, `total_unit`, `_lft`, `_rgt`, `parent_id`, `total_price`, `invoice_count`, `description`, `per`, `created_at`, `updated_at`, `received_unit`) VALUES
	(19, NULL, 'Tủ át 14 - 18 MCB  Model : MIP22118', 'Schneider', 1, 'vnđ', 143, 2, 3, 224, 63142900.0000000000, 2, NULL, 'Cái', '2018-01-03 03:30:15', '2018-03-29 09:53:18', 0),
	(102, NULL, 'Cu/PVC 1x1.5mm2 ( 1351105 )', 'Cadisun', 1, 'vnđ', 84299, 6, 7, 225, 190520811.8000000000, 4, NULL, 'm', '2018-01-03 04:57:56', '2018-03-29 09:55:41', 0),
	(103, NULL, 'Cu/PVC 1x2.5mm2 ( 1351106 )', 'Cadisun', 1, 'vnđ', 78200, 8, 9, 225, 287228400.0000000000, 4, NULL, 'm', '2018-01-03 04:57:56', '2018-02-05 02:58:27', 0),
	(104, NULL, 'Cu/PVC 1x4mm2 ( 1351107 )', 'Cadisun', 1, 'vnđ', 7800, 10, 11, 225, 45090000.0000000000, 4, NULL, 'm', '2018-01-03 04:57:56', '2018-02-05 02:58:28', 0),
	(105, NULL, 'Cu/PVC 1x6mm2 ( 1351108 )', 'Cadisun', 1, 'vnđ', 7900, 12, 13, 225, 68526900.0000000000, 4, NULL, 'm', '2018-01-03 04:57:56', '2018-02-05 02:58:28', 0),
	(106, NULL, 'Dây tiếp địa Cu/PVC 1x1.5mm2( 1351105 )', 'Cadisun', 1, 'vnđ', 1000, 14, 15, 225, 2265000.0000000000, 2, NULL, 'm', '2018-01-03 04:57:56', '2018-02-05 02:58:28', 0),
	(107, NULL, 'Dây Tiếp địa Cu/PVC 1x2.5mm2 ( 1351106 )', 'Cadisun', 1, 'vnđ', 13000, 16, 17, 225, 47775000.0000000000, 2, NULL, 'm', '2018-01-03 04:57:56', '2018-02-05 02:58:28', 0),
	(108, NULL, 'Dây tiếp đia Cu/PVC 1x4mm2 ( 1351107 )', 'Cadisun', 1, 'vnđ', 900, 18, 19, 225, 5193000.0000000000, 2, NULL, 'm', '2018-01-03 04:57:56', '2018-02-05 02:58:28', 0),
	(109, NULL, 'Dây tiếp địa Cu/PVC 1x6mm2 ( 1351108 )', 'Cadisun', 1, 'vnđ', 900, 20, 21, 225, 7719300.0000000000, 2, NULL, 'm', '2018-01-03 04:57:57', '2018-02-05 02:58:28', 0),
	(110, NULL, 'Cu/PVC/PVC 2x2.5 mm2', 'Cadisun', 1, 'vnđ', 1200, 22, 23, 225, 9822000.0000000000, 2, NULL, 'm', '2018-01-03 04:57:57', '2018-02-05 02:58:28', 0),
	(111, NULL, 'Cu/PVC 1x16mm2 n(25212151Y1/G1 )', 'Cadisun', 1, 'vnđ', 4911, 24, 25, 225, 108395592.0000000000, 3, NULL, 'm', '2018-01-03 07:03:08', '2018-02-05 02:58:28', 0),
	(112, NULL, 'Cu/XLPE/PVC 2x16mm2( 25322551 )', 'Cadisun', 1, 'vnđ', 4911, 26, 27, 225, 241670310.0000000000, 3, NULL, 'm', '2018-01-03 07:03:08', '2018-02-05 02:58:28', 0),
	(113, NULL, 'Cu/PVC/PVC 2x1.5mm2', 'Trần Phú', 1, 'vnđ', 900, 28, 29, 225, 5871600.0000000000, 1, NULL, 'm', '2018-01-03 07:21:51', '2018-02-09 08:56:18', 900),
	(122, NULL, 'Cu/PVC/PVC 2x1.5mm2', 'Trần Phú', 1, 'vnđ', 800, 30, 31, 225, 5440000.0000000000, 1, NULL, 'm', '2018-01-03 07:41:34', '2018-02-09 09:33:22', 800),
	(123, NULL, 'Cu/PVC/PVC 2x2.5 mm2', 'Trần Phú', 1, 'vnđ', 200, 32, 33, 225, 2250400.0000000000, 1, NULL, 'm', '2018-01-03 07:41:34', '2018-02-09 09:33:22', 200),
	(138, NULL, 'Ống luồn dây điện 750N - SP20 (2,92m/cây) SP9020', 'SP', 1, 'vnđ', 13644, 36, 37, 226, 187045596.0000000000, 4, NULL, 'cây', '2018-01-03 08:55:25', '2018-02-05 02:58:28', 0),
	(139, NULL, 'Ống luồn dây điện 750N - SP25 (2,92m/cây) SP9025', 'SP', 1, 'vnđ', 3375, 38, 39, 226, 63817875.0000000000, 3, NULL, 'cây', '2018-01-03 08:55:25', '2018-02-09 09:35:50', 685),
	(140, NULL, 'Ống luồn dây điện 750N - SP32 (2,92m/cây) SP9032', 'SP', 1, 'vnđ', 150, 40, 41, 226, 5708250.0000000000, 1, NULL, 'cây', '2018-01-03 08:55:25', '2018-02-09 09:35:50', 150),
	(141, NULL, 'Ống luồn đàn hồi - SP16 (50m/cuộn) SP9016CM', 'SP', 1, 'vnđ', 150, 42, 43, 226, 283250.0000000000, 2, NULL, 'm', '2018-01-03 08:55:26', '2018-02-09 09:35:50', 100),
	(142, NULL, 'Ống luồn đàn hồi - SP20 (50m/cuộn) SP9020CM', 'SP', 1, 'vnđ', 3900, 44, 45, 226, 8552700.0000000000, 3, NULL, 'm', '2018-01-03 08:55:26', '2018-02-09 09:59:01', 500),
	(143, NULL, 'Ống luồn đàn hồi - SP25 (40m/cuộn) SP9025CM', 'SP', 1, 'vnđ', 1160, 46, 47, 226, 3578600.0000000000, 3, NULL, 'm', '2018-01-03 08:55:26', '2018-02-09 09:35:50', 160),
	(144, NULL, 'Ống luồn đàn hồi - SP32 (25m/cuộn) SP9032CM', 'SP', 1, 'vnđ', 400, 48, 49, 226, 2692800.0000000000, 2, NULL, 'm', '2018-01-03 08:55:26', '2018-02-09 09:35:50', 100),
	(145, NULL, 'Đế âm nhựa tự chống cháy dùng cho ổ cạo râu và ổ đôi 3 chấu kiểu Anh ET257', 'SP', 1, 'vnđ', 2295, 50, 51, 226, 20737620.0000000000, 2, NULL, 'cái', '2018-01-03 08:55:26', '2018-02-05 02:58:28', 0),
	(146, NULL, 'Đế âm nhựa tự chống cháy dùng cho mặt chữ nhật S2157', 'SP', 1, 'vnđ', 288, 52, 53, 226, 556416.0000000000, 2, NULL, 'cái', '2018-01-03 08:55:26', '2018-02-09 09:35:50', 80),
	(147, NULL, 'Đế âm nhựa tự chống cháy dùng cho mặt vuông - loại sâu S3157H', 'SP', 1, 'vnđ', 3262, 54, 55, 226, 11041870.0000000000, 4, NULL, 'cái', '2018-01-03 08:55:26', '2018-02-05 02:58:28', 0),
	(148, NULL, 'Hộp chia ngả 3 đường D20 E240/20/3', 'SP', 1, 'vnđ', 5685, 56, 57, 226, 20903745.0000000000, 4, NULL, 'cái', '2018-01-03 08:55:26', '2018-02-05 02:58:28', 0),
	(149, NULL, 'Hộp chia ngả 4 đường D20 E240/20/4', 'SP', 1, 'vnđ', 2051, 58, 59, 226, 7541527.0000000000, 4, NULL, 'cái', '2018-01-03 08:55:26', '2018-02-09 09:59:01', 600),
	(150, NULL, 'Hộp chia ngả 3 đường D25 E240/25/3', 'SP', 1, 'vnđ', 310, 60, 61, 226, 1289600.0000000000, 3, NULL, 'cái', '2018-01-03 08:55:27', '2018-02-09 09:59:01', 40),
	(151, NULL, 'Nắp đậy hộp chia ngả E240LS', 'SP', 1, 'vnđ', 8046, 62, 63, 226, 7490826.0000000000, 5, NULL, 'cái', '2018-01-03 08:55:27', '2018-02-05 02:58:28', 0),
	(152, NULL, 'Đầu + khớp nối ren D20 E258+281/20', 'SP', 1, 'vnđ', 12200, 64, 65, 226, 16722000.0000000000, 4, NULL, 'cái', '2018-01-03 08:55:27', '2018-02-05 02:58:28', 0),
	(153, NULL, 'Đầu + khớp nối ren D25 E258+281/25', 'SP', 1, 'vnđ', 4900, 66, 67, 226, 8569400.0000000000, 3, NULL, 'cái', '2018-01-03 08:55:27', '2018-02-05 02:58:28', 0),
	(154, NULL, 'Đầu + khớp nối ren D32 E258+281/32', 'SP', 1, 'vnđ', 350, 68, 69, 226, 997850.0000000000, 1, NULL, 'cái', '2018-01-03 08:55:27', '2018-02-09 09:59:01', 350),
	(155, NULL, 'Hộp nối dây tự chống cháy 235x235x80 E265/53', 'SP', 1, 'vnđ', 144, 70, 71, 226, 8713296.0000000000, 2, NULL, 'cái', '2018-01-03 08:55:27', '2018-02-05 02:58:28', 0),
	(156, NULL, 'Hộp nối dây tự chống cháy 160x160x80 E265/33', 'SP', 1, 'vnđ', 612, 72, 73, 226, 20224764.0000000000, 3, NULL, 'cái', '2018-01-03 08:55:27', '2018-02-05 02:58:28', 0),
	(157, NULL, 'Khớp nối trơn D20 E242/20', 'SP', 1, 'vnđ', 23100, 74, 75, 226, 13167000.0000000000, 3, NULL, 'cái', '2018-01-03 08:55:27', '2018-02-09 09:34:01', 16000),
	(158, NULL, 'Khớp nối trơn D25 E242/25', 'SP', 1, 'vnđ', 6100, 76, 77, 226, 5679100.0000000000, 3, NULL, 'cái', '2018-01-03 08:55:27', '2018-02-09 09:35:50', 5300),
	(159, NULL, 'Khớp nối trơn D32 E242/32', 'SP', 1, 'vnđ', 200, 78, 79, 226, 256000.0000000000, 1, NULL, 'cái', '2018-01-03 08:55:27', '2018-02-09 09:35:50', 200),
	(160, NULL, 'Kẹp đỡ ống D20 E280/20', 'SP', 1, 'vnđ', 36975, 80, 81, 226, 27546375.0000000000, 5, NULL, 'cái', '2018-01-03 08:55:28', '2018-02-09 09:35:50', 19000),
	(161, NULL, 'Kẹp đỡ ống D25 E280/25', 'SP', 1, 'vnđ', 10000, 82, 83, 226, 12800000.0000000000, 5, NULL, 'cái', '2018-01-03 08:55:28', '2018-02-09 09:35:50', 4700),
	(162, NULL, 'Kẹp đỡ ống D32 E280/32', 'SP', 1, 'vnđ', 200, 84, 85, 226, 300200.0000000000, 1, NULL, 'cái', '2018-01-03 08:55:28', '2018-02-09 09:35:50', 200),
	(163, NULL, 'Dây điện thoại - 0,5mm X2p TLD/0,5MMx2P', 'Sino', 1, 'vnđ', 2500, 86, 87, 226, 5727500.0000000000, 2, NULL, 'm', '2018-01-03 09:22:32', '2018-02-09 09:27:38', 1500),
	(173, NULL, 'Máng 200x50x1.5 ( thanh 2500mm) + Mạ kẽm nhúng nóng', NULL, 1, 'vnđ', 1291, 92, 93, 227, 140664500.0000000000, 3, NULL, 'm', '2018-01-04 01:12:37', '2018-01-25 04:37:19', 0),
	(174, NULL, 'Nắp máng', NULL, 1, 'vnđ', 1290, 94, 95, 227, 105780000.0000000000, 3, NULL, 'm', '2018-01-04 01:12:37', '2018-01-25 04:37:19', 0),
	(175, NULL, 'Nối máng-Mạ kẽm nhúng nóng', NULL, 1, 'vnđ', 1440, 96, 97, 227, 9360000.0000000000, 3, NULL, 'm', '2018-01-04 01:12:37', '2018-01-25 04:37:19', 0),
	(176, NULL, 'Co ngang máng 200x50-Mạ kẽm nhúng nóng', NULL, 1, 'vnđ', 40, 98, 99, 227, 6499000.0000000000, 3, NULL, 'm', '2018-01-04 01:12:37', '2018-01-25 04:37:19', 0),
	(177, NULL, 'Nắp co ngang máng 200x50', NULL, 1, 'vnđ', 19, 100, 101, 227, 1577000.0000000000, 3, NULL, 'm', '2018-01-04 01:12:37', '2018-01-25 04:37:19', 0),
	(178, NULL, 'Co đứng máng 200x50-Mạ kẽm nhúng nóng', NULL, 1, 'vnđ', 27, 102, 103, 227, 4779000.0000000000, 3, NULL, 'm', '2018-01-04 01:12:38', '2018-01-25 04:37:19', 0),
	(179, NULL, 'Bịt cuối máng 200x50-Mạ kẽm nhúng nóng', NULL, 1, 'vnđ', 40, 104, 105, 227, 300000.0000000000, 3, NULL, 'm', '2018-01-04 01:12:38', '2018-01-25 04:37:19', 0),
	(180, NULL, 'Kẹp máng 200-Mạ kẽm nhúng nóng', NULL, 1, 'vnđ', 1820, 106, 107, 227, 4550000.0000000000, 3, NULL, 'm', '2018-01-04 01:12:38', '2018-01-25 04:37:19', 0),
	(181, NULL, 'Giá đỡ máng 200-Mạ kẽm nhúng nóng', NULL, 1, 'vnđ', 912, 108, 109, 227, 12768000.0000000000, 3, NULL, 'm', '2018-01-04 01:12:38', '2018-01-25 04:37:19', 0),
	(182, NULL, 'Giá đỡ 7-8 ống PPR D25-Mạ kẽm nhúng nóng', NULL, 1, 'vnđ', 206, 110, 111, 227, 3090000.0000000000, 3, NULL, 'm', '2018-01-04 01:12:38', '2018-01-25 04:37:19', 0),
	(183, NULL, 'Giá đỡ 4-6 ống PPR D25-Mạ kẽm nhúng nóng', NULL, 1, 'vnđ', 266, 112, 113, 227, 3724000.0000000000, 3, NULL, 'm', '2018-01-04 01:12:38', '2018-01-25 04:37:19', 0),
	(184, NULL, 'Giá đỡ 1-3 ống PPR D25-Mạ kẽm nhúng nóng', NULL, 1, 'vnđ', 84, 90, 91, 227, 1176000.0000000000, 3, NULL, 'm', '2018-01-04 01:12:38', '2018-02-05 02:58:29', 0),
	(185, NULL, 'V 30x3x6m', NULL, 1, 'vnđ', 60, 116, 117, 228, 1452000.0000000000, 1, NULL, 'm', '2018-01-04 02:04:44', '2018-01-25 04:37:19', 0),
	(186, NULL, 'V 50x5x6m', NULL, 1, 'vnđ', 180, 118, 119, 228, 7614000.0000000000, 1, NULL, 'm', '2018-01-04 02:04:44', '2018-01-25 04:37:19', 0),
	(187, NULL, 'U 65x6m', NULL, 1, 'vnđ', 420, 120, 121, 228, 35574000.0000000000, 1, NULL, 'm', '2018-01-04 02:04:44', '2018-01-25 04:37:19', 0),
	(188, NULL, 'U 80x6m', NULL, 1, 'vnđ', 72, 122, 123, 228, 6559200.0000000000, 1, NULL, 'm', '2018-01-04 02:04:44', '2018-01-25 04:37:19', 0),
	(189, NULL, 'Vận chuyển', NULL, 1, 'vnđ', 1, 124, 125, 228, 909091.0000000000, 1, NULL, 'chuyến', '2018-01-04 02:04:44', '2018-01-25 04:37:19', 0),
	(192, NULL, 'U80x3.5x6m', NULL, 1, 'vnđ', 12, 126, 127, 228, 7934400.0000000000, 1, NULL, 'cây', '2018-01-04 02:12:05', '2018-01-25 04:37:19', 0),
	(194, NULL, 'Cáp mạng vi tính  CAT5E UTP 4P-0.5 ( 305m/Cuộn) 301-10008E-03GY', 'Alantek', 1, 'vnđ', 58, 130, 131, 229, 81200000.0000000000, 3, NULL, 'cuộn', '2018-01-04 02:27:06', '2018-02-05 02:58:29', 0),
	(195, NULL, 'Cáp đồng trục RG - 6U (305m/Cuộn) 301-RG0600-SSBK-1223', 'Alantek', 1, 'vnđ', 28, 132, 133, 229, 29400000.0000000000, 3, NULL, 'cuộn', '2018-01-04 02:27:06', '2018-02-05 02:58:29', 0),
	(196, NULL, 'Cáp đồng trục RG11 301-RG1100-SSBK-2223', 'Alantek', 1, 'vnđ', 19, 134, 135, 229, 43700000.0000000000, 2, NULL, 'cuộn', '2018-01-04 02:27:06', '2018-02-05 02:58:29', 0),
	(197, NULL, 'Cáp đồng trục  RG 59U 301-RG59-SSBK-1223', 'Alantek', 1, 'vnđ', 1, 136, 137, 229, 960000.0000000000, 1, NULL, 'cuộn', '2018-01-04 02:27:06', '2018-02-05 02:58:29', 0),
	(198, NULL, 'Cáp điều khiển 16AWG (500m/Cuôn) 301-CI9501-05LS', 'Alantek', 1, 'vnđ', 3, 138, 139, 229, 30000000.0000000000, 2, NULL, 'cuộn', '2018-01-04 02:27:06', '2018-02-05 02:58:29', 0),
	(199, NULL, 'Dây thuê bao quang 2Fo', NULL, 1, 'vnđ', 5400, 142, 143, 230, 10260000.0000000000, 1, NULL, 'm', '2018-01-04 02:45:09', '2018-02-05 02:58:29', 0),
	(202, NULL, 'DT_15A21 - Đai treo 15A(21)', NULL, 1, 'vnđ', 1500, 154, 155, 231, 3150000.0000000000, 1, NULL, 'm', '2018-01-04 03:17:05', '2018-02-05 02:58:29', 0),
	(203, NULL, 'DT_20A28 - Đai treo 20A(28)', NULL, 1, 'vnđ', 1500, 156, 157, 231, 3300000.0000000000, 1, NULL, 'm', '2018-01-04 03:17:05', '2018-02-05 02:58:29', 0),
	(204, NULL, 'TREN_M8X2M - Thanh ren M8 2m', NULL, 1, 'vnđ', 500, 158, 159, 231, 4600000.0000000000, 1, NULL, 'cây', '2018-01-04 03:17:05', '2018-02-05 02:58:29', 0),
	(205, NULL, 'ND_M8 - Nở đóng M8', NULL, 1, 'vnđ', 2500, 160, 161, 231, 2000000.0000000000, 1, NULL, 'm', '2018-01-04 03:17:06', '2018-02-05 02:58:29', 0),
	(206, NULL, 'ECU_M8 - ECU M8+ LD_M8 - LONG ĐEN M8', NULL, 1, 'vnđ', 8000, 162, 163, 231, 1360000.0000000000, 1, NULL, 'm', '2018-01-04 03:17:06', '2018-02-05 02:58:29', 0),
	(207, NULL, 'UB_20AM6 - UBOLT 20A(28) M6', NULL, 1, 'vnđ', 1000, 164, 165, 231, 660000.0000000000, 1, NULL, 'm', '2018-01-04 03:17:06', '2018-02-05 02:58:29', 0),
	(208, NULL, 'ECU_M6 - ECU M6', NULL, 1, 'vnđ', 2000, 166, 167, 231, 120000.0000000000, 1, NULL, 'm', '2018-01-04 03:17:06', '2018-02-05 02:58:29', 0),
	(209, NULL, 'LD_M6 - LONG ĐEN M6', NULL, 1, 'vnđ', 2000, 168, 169, 231, 80000.0000000000, 1, NULL, 'm', '2018-01-04 03:17:06', '2018-02-05 02:58:29', 0),
	(210, NULL, 'DT_100A110 - Đai treo 100A(110)', NULL, 1, 'vnđ', 80, 170, 171, 231, 360000.0000000000, 1, NULL, 'm', '2018-01-04 03:17:06', '2018-02-05 02:58:29', 0),
	(211, NULL, 'DT_80A90 - Đai treo 80A(90)', NULL, 1, 'vnđ', 40, 172, 173, 231, 140000.0000000000, 1, NULL, 'm', '2018-01-04 03:17:06', '2018-02-05 02:58:29', 0),
	(212, NULL, 'DT_65A76 - Đai treo 65A(76)', NULL, 1, 'vnđ', 800, 174, 175, 231, 2640000.0000000000, 1, NULL, 'm', '2018-01-04 03:17:06', '2018-02-05 02:58:29', 0),
	(213, NULL, 'DT_32A43 - Đai treo 32A(43)', NULL, 1, 'vnđ', 40, 176, 177, 231, 96000.0000000000, 1, NULL, 'm', '2018-01-04 03:17:07', '2018-02-05 02:58:29', 0),
	(214, NULL, 'TREN_M10X2M - Thanh ren M10 2m', NULL, 1, 'vnđ', 300, 178, 179, 231, 4320000.0000000000, 1, NULL, 'cây', '2018-01-04 03:17:07', '2018-02-05 02:58:29', 0),
	(215, NULL, 'NS_M10X60 - Nở sắt M10x60', NULL, 1, 'vnđ', 400, 180, 181, 231, 540000.0000000000, 1, NULL, 'm', '2018-01-04 03:17:07', '2018-02-05 02:58:29', 0),
	(216, NULL, 'ND_M10 - Nở đóng M10', NULL, 1, 'vnđ', 800, 182, 183, 231, 1080000.0000000000, 1, NULL, 'm', '2018-01-04 03:17:07', '2018-02-05 02:58:29', 0),
	(217, NULL, 'UB_125AM10 - UBOLT 125A(140)  M10', NULL, 1, 'vnđ', 400, 184, 185, 231, 1758000.0000000000, 1, NULL, 'm', '2018-01-04 03:17:07', '2018-02-05 02:58:29', 0),
	(218, NULL, 'UB_100AM10 - UBOLT 100A(110-114)  M10', NULL, 1, 'vnđ', 250, 186, 187, 231, 932500.0000000000, 1, NULL, 'm', '2018-01-04 03:17:07', '2018-02-05 02:58:29', 0),
	(219, NULL, 'ECU_M10 - ECU M10', NULL, 1, 'vnđ', 2800, 188, 189, 231, 700000.0000000000, 1, NULL, 'm', '2018-01-04 03:17:07', '2018-02-05 02:58:29', 0),
	(220, NULL, 'LD_M10 - LONG ĐEN M10', NULL, 1, 'vnđ', 2800, 190, 191, 231, 196000.0000000000, 1, NULL, 'm', '2018-01-04 03:17:07', '2018-02-05 02:58:29', 0),
	(221, NULL, 'VIT_530 - Vít 530', NULL, 1, 'vnđ', 12000, 192, 193, 231, 1080000.0000000000, 1, NULL, 'm', '2018-01-04 03:17:07', '2018-02-05 02:58:29', 0),
	(222, NULL, 'NN_M6 - Nở nhựa 6', NULL, 1, 'vnđ', 12000, 194, 195, 231, 720000.0000000000, 1, NULL, 'm', '2018-01-04 03:17:07', '2018-02-05 02:58:29', 0),
	(223, NULL, 'Vận chuyển', NULL, 1, 'vnđ', 1, 196, 197, 231, 60000.0000000000, 1, NULL, 'chuyến', '2018-01-04 03:17:08', '2018-02-05 02:58:29', 0),
	(224, NULL, 'Tủ Điện', NULL, 1, '', 0, 1, 4, NULL, 0.0000000000, 1, NULL, NULL, '2018-01-25 04:25:43', '2018-03-29 09:52:57', 0),
	(225, NULL, 'Dây cáp điện', NULL, 1, '', 0, 5, 34, NULL, 0.0000000000, 1, NULL, NULL, '2018-01-25 04:27:43', '2018-03-29 09:55:26', 0),
	(226, NULL, 'Ống điện và phụ kiện', NULL, 1, '', 0, 35, 88, NULL, 0.0000000000, 0, NULL, NULL, '2018-01-25 04:28:00', '2018-02-05 02:58:29', 0),
	(227, NULL, 'Thang máng cáp', NULL, 1, '', 0, 89, 114, NULL, 0.0000000000, 0, NULL, NULL, '2018-01-25 04:28:32', '2018-02-05 02:58:29', 0),
	(228, NULL, 'Thép UV', NULL, 1, '', 0, 115, 128, NULL, 0.0000000000, 0, NULL, NULL, '2018-01-25 04:28:45', '2018-01-25 04:37:19', 0),
	(229, NULL, 'Cáp điện nhẹ', NULL, 1, '', 0, 129, 140, NULL, 0.0000000000, 0, NULL, NULL, '2018-01-25 04:28:57', '2018-02-05 02:58:29', 0),
	(230, NULL, 'Dây cáp quang', NULL, 1, '', 0, 141, 152, NULL, 0.0000000000, 0, NULL, NULL, '2018-01-25 04:29:06', '2018-02-05 02:58:29', 0),
	(231, NULL, 'Vật tư phụ', NULL, 1, '', 0, 153, 198, NULL, 0.0000000000, 0, NULL, NULL, '2018-01-25 04:29:20', '2018-02-05 02:58:29', 0),
	(232, NULL, 'Cu/pvc/pvc 2x1.5 mm2', 'Trần Phú', 1, 'vnđ', 0, 199, 200, NULL, 0.0000000000, 0, NULL, NULL, '2018-03-29 08:43:11', '2018-03-29 08:48:32', 0),
	(233, NULL, 'Cu/pvc/pvc 2x1.5mm2', 'Trần Phú', 1, 'vnđ', 0, 201, 202, NULL, 0.0000000000, 0, NULL, NULL, '2018-03-29 08:50:46', '2018-03-29 09:56:07', 0),
	(234, NULL, 'Cu/pvc/pvc 2x1.5mm2', 'Schneider', 1, 'vnđ', 2000, 203, 204, NULL, 15087600.0000000020, 1, NULL, NULL, '2018-03-29 09:58:55', '2018-03-29 09:58:55', 0),
	(238, NULL, 'ff', 'g', 2, 'v', 0, 205, 206, NULL, 0.0000000000, 0, NULL, NULL, '2018-03-30 07:18:15', '2018-03-30 07:18:53', 0),
	(239, NULL, 'Tủ điện MSB', 'Schneider', 2, 'vnđ', 0, 207, 216, NULL, 0.0000000000, 0, NULL, NULL, '2018-03-30 07:36:08', '2018-03-30 07:36:46', 0),
	(240, NULL, 'Tủ điện MCCP-AC-BF', 'Schneider', 2, 'vnđ', 0, 208, 215, 239, 0.0000000000, 0, NULL, NULL, '2018-03-30 07:36:08', '2018-03-30 07:36:46', 0),
	(241, NULL, 'Tủ điện DB-4F....DB-13F', 'Schneider', 2, 'vnđ', 0, 209, 214, 240, 0.0000000000, 0, NULL, NULL, '2018-03-30 07:36:08', '2018-03-30 07:36:46', 0),
	(242, NULL, 'Tủ điện MCCP-AC-15F', 'Schneider', 2, 'vnđ', 0, 210, 213, 241, 0.0000000000, 0, NULL, NULL, '2018-03-30 07:36:08', '2018-03-30 07:36:46', 0),
	(243, NULL, 'Tủ điện DB-AN', 'Schneider', 2, 'vnđ', 0, 211, 212, 242, 0.0000000000, 0, NULL, NULL, '2018-03-30 07:36:08', '2018-03-30 07:36:46', 0),
	(244, NULL, 'Tủ điện MSB', 'Schneider', 2, 'vnđ', 1, 217, 226, NULL, 296400500.0000000000, 1, NULL, NULL, '2018-03-30 07:45:55', '2018-03-30 07:45:55', 0),
	(245, NULL, 'Tủ điện MCCP-AC-BF', 'Schneider', 2, 'vnđ', 1, 218, 225, 244, 36391300.0000000000, 1, NULL, NULL, '2018-03-30 07:45:55', '2018-03-30 07:45:55', 0),
	(246, NULL, 'Tủ điện DB-4F....DB-13F', 'Schneider', 2, 'vnđ', 10, 219, 224, 245, 254914000.0000000300, 1, NULL, NULL, '2018-03-30 07:45:55', '2018-03-30 07:45:55', 0),
	(247, NULL, 'Tủ điện MCCP-AC-15F', 'Schneider', 2, 'vnđ', 1, 220, 223, 246, 38528600.0000000000, 1, NULL, NULL, '2018-03-30 07:45:55', '2018-03-30 07:45:55', 0),
	(248, NULL, 'Tủ điện DB-AN', 'Schneider', 2, 'vnđ', 1, 221, 222, 247, 19410600.0000000000, 1, NULL, NULL, '2018-03-30 07:45:55', '2018-03-30 07:45:55', 0),
	(249, NULL, 'Tủ điện DB-BF', 'schneider', 2, 'vnđ', 1, 227, 272, NULL, 31515000.0000000040, 1, NULL, NULL, '2018-03-31 03:41:54', '2018-03-31 03:41:54', 0),
	(250, NULL, 'Tủ điện DB-K-BF', 'Schneider', 2, 'vnđ', 1, 228, 271, 249, 24934800.0000000040, 1, NULL, NULL, '2018-03-31 03:41:54', '2018-03-31 03:41:54', 0),
	(251, NULL, 'Tủ điện DB-MS', 'Schneider', 2, 'vnđ', 1, 229, 270, 250, 7229200.0000000010, 1, NULL, NULL, '2018-03-31 03:41:54', '2018-03-31 03:41:54', 0),
	(252, NULL, 'Tủ điện MCCP-MV-BF', 'Schneider', 2, 'vnđ', 1, 230, 269, 251, 29451400.0000000040, 1, NULL, NULL, '2018-03-31 03:41:54', '2018-03-31 03:41:54', 0),
	(253, NULL, 'Tủ điện MCCP-SWP-BF', 'Schneider', 2, 'vnđ', 1, 231, 268, 252, 21013300.0000000000, 1, NULL, NULL, '2018-03-31 03:41:54', '2018-03-31 03:41:54', 0),
	(254, NULL, 'Tủ điện MCCP-SP-BF1', 'Schneider', 2, 'vnđ', 1, 232, 267, 253, 10953800.0000000000, 1, NULL, NULL, '2018-03-31 03:41:54', '2018-03-31 03:41:54', 0),
	(255, NULL, 'TỦ điện MCCP-SP-BF', 'Schneider', 2, 'vnđ', 1, 233, 266, 254, 10953800.0000000000, 1, NULL, NULL, '2018-03-31 03:41:55', '2018-03-31 03:41:55', 0),
	(256, NULL, 'Tủ điện  DB-GF', 'Schneider', 2, 'vnđ', 1, 234, 265, 255, 27212900.0000000040, 1, NULL, NULL, '2018-03-31 03:41:55', '2018-03-31 03:41:55', 0),
	(257, NULL, 'Tủ điện DB-1F', 'Schneider', 2, 'vnđ', 1, 235, 264, 256, 22036300.0000000000, 1, NULL, NULL, '2018-03-31 03:41:55', '2018-03-31 03:41:55', 0),
	(258, NULL, 'Tủ điện DB-2F', 'Schneider', 2, 'vnđ', 1, 236, 263, 257, 23148400.0000000040, 1, NULL, NULL, '2018-03-31 03:41:55', '2018-03-31 03:41:55', 0),
	(259, NULL, 'Tủ điện DB-EL', 'Schneider', 2, 'vnđ', 1, 237, 262, 258, 10290500.0000000000, 1, NULL, NULL, '2018-03-31 03:41:55', '2018-03-31 03:41:55', 0),
	(260, NULL, 'Tủ điện DB-EL1', 'Schneider', 2, 'vnđ', 1, 238, 261, 259, 6191900.0000000010, 1, NULL, NULL, '2018-03-31 03:41:55', '2018-03-31 03:41:55', 0),
	(261, NULL, 'Tủ điện DB-2FL', 'Schneider', 2, 'vnđ', 1, 239, 260, 260, 33400400.0000000040, 1, NULL, NULL, '2018-03-31 03:41:55', '2018-03-31 03:41:55', 0),
	(262, NULL, 'Tủ điện DB-BAKE', 'Schneider', 2, 'vnđ', 1, 240, 259, 261, 25528800.0000000040, 1, NULL, NULL, '2018-03-31 03:41:56', '2018-03-31 03:41:56', 0),
	(263, NULL, 'Tủ điện DB-K2-FL', 'schneider', 2, 'vnđ', 1, 241, 258, 262, 24644400.0000000040, 1, NULL, NULL, '2018-03-31 03:41:56', '2018-03-31 03:41:56', 0),
	(264, NULL, 'Tủ điện DB-3F', 'Schneider', 2, 'vnđ', 1, 242, 257, 263, 44533500.0000000000, 1, NULL, NULL, '2018-03-31 03:41:56', '2018-03-31 03:41:56', 0),
	(265, NULL, 'Tủ điện DB-14F', 'Schneider', 2, 'vnđ', 1, 243, 256, 264, 34951400.0000000000, 1, NULL, NULL, '2018-03-31 03:41:56', '2018-03-31 03:41:56', 0),
	(266, NULL, 'Tủ điện DB-15F', 'Schneider', 2, 'vnđ', 1, 244, 255, 265, 24304500.0000000040, 1, NULL, NULL, '2018-03-31 03:41:56', '2018-03-31 03:41:56', 0),
	(267, NULL, 'Tủ điện MCCP-BP-15F', 'Schneider', 2, 'vnđ', 1, 245, 254, 266, 14715800.0000000020, 1, NULL, NULL, '2018-03-31 03:41:56', '2018-03-31 03:41:56', 0),
	(268, NULL, 'Tủ điện DB-LIFT1,2', 'Schneider', 2, 'vnđ', 1, 246, 253, 267, 10254200.0000000000, 1, NULL, NULL, '2018-03-31 03:41:56', '2018-03-31 03:41:56', 0),
	(269, NULL, 'Tủ điện MCCP-BP2-RF', 'Schneider', 2, 'vnđ', 1, 247, 252, 268, 19774700.0000000000, 1, NULL, NULL, '2018-03-31 03:41:56', '2018-03-31 03:41:56', 0),
	(270, NULL, 'Tủ điện MCCP-LD', 'Schneider', 2, 'vnđ', 1, 248, 251, 269, 25223000.0000000040, 1, NULL, NULL, '2018-03-31 03:41:57', '2018-03-31 03:41:57', 0),
	(271, NULL, 'Tủ điện DK Trung tâm', 'Schneider', 2, 'vnđ', 1, 249, 250, 270, 3300000.0000000005, 1, NULL, NULL, '2018-03-31 03:41:57', '2018-03-31 03:41:57', 0);
/*!40000 ALTER TABLE `materials` ENABLE KEYS */;

-- Dumping structure for table tracker.messages
DROP TABLE IF EXISTS `messages`;
CREATE TABLE IF NOT EXISTS `messages` (
  `id` int(10) unsigned NOT NULL AUTO_INCREMENT,
  `user_id` int(11) NOT NULL,
  `task_id` int(11) NOT NULL,
  `description` varchar(255) COLLATE utf8mb4_unicode_ci DEFAULT NULL,
  `content` int(11) NOT NULL,
  `created_at` timestamp NULL DEFAULT NULL,
  `updated_at` timestamp NULL DEFAULT NULL,
  PRIMARY KEY (`id`)
) ENGINE=InnoDB DEFAULT CHARSET=utf8mb4 COLLATE=utf8mb4_unicode_ci;

-- Dumping data for table tracker.messages: ~0 rows (approximately)
DELETE FROM `messages`;
/*!40000 ALTER TABLE `messages` DISABLE KEYS */;
/*!40000 ALTER TABLE `messages` ENABLE KEYS */;

-- Dumping structure for table tracker.migrations
DROP TABLE IF EXISTS `migrations`;
CREATE TABLE IF NOT EXISTS `migrations` (
  `id` int(10) unsigned NOT NULL AUTO_INCREMENT,
  `migration` varchar(255) COLLATE utf8mb4_unicode_ci NOT NULL,
  `batch` int(11) NOT NULL,
  PRIMARY KEY (`id`)
) ENGINE=InnoDB AUTO_INCREMENT=38 DEFAULT CHARSET=utf8mb4 COLLATE=utf8mb4_unicode_ci;

-- Dumping data for table tracker.migrations: ~27 rows (approximately)
DELETE FROM `migrations`;
/*!40000 ALTER TABLE `migrations` DISABLE KEYS */;
INSERT INTO `migrations` (`id`, `migration`, `batch`) VALUES
	(1, '2014_10_12_000000_create_users_table', 1),
	(2, '2014_10_12_100000_create_password_resets_table', 1),
	(3, '2016_06_01_000001_create_oauth_auth_codes_table', 1),
	(4, '2016_06_01_000002_create_oauth_access_tokens_table', 1),
	(5, '2016_06_01_000003_create_oauth_refresh_tokens_table', 1),
	(6, '2016_06_01_000004_create_oauth_clients_table', 1),
	(7, '2016_06_01_000005_create_oauth_personal_access_clients_table', 1),
	(8, '2017_10_30_082858_create_works_table', 1),
	(9, '2017_10_30_082926_create_materials_table', 1),
	(10, '2017_10_30_083240_create_trackers_table', 1),
	(11, '2017_11_02_025902_create_categories_table', 1),
	(12, '2017_12_20_183957_create_table_providers', 1),
	(13, '2017_12_21_034539_create_table_invoices', 1),
	(14, '2017_12_24_173852_create_boq_table', 1),
	(15, '2017_12_24_174901_create_notes_table', 1),
	(16, '2017_12_24_174912_create_payments_table', 1),
	(17, '2017_12_26_024109_create_receives_table', 1),
	(18, '2017_12_26_040032_create_receive_tracker_pivot_table', 1),
	(21, '2018_01_10_041113_create_histories_table', 2),
	(22, '2018_02_08_025656_create_tasks_table', 3),
	(23, '2018_03_17_025818_create_messages_table', 3),
	(24, '2018_03_17_030041_create_files_table', 3),
	(25, '2018_03_17_030209_create_projects_table', 3),
	(28, '2018_03_17_030453_create_categories_table', 4),
	(35, '2018_03_17_035624_create_task_user_table', 5),
	(36, '2018_03_19_071621_create_workgroups_table', 5),
	(37, '2018_03_19_073017_create_user_workgroup_table', 5);
/*!40000 ALTER TABLE `migrations` ENABLE KEYS */;

-- Dumping structure for table tracker.notes
DROP TABLE IF EXISTS `notes`;
CREATE TABLE IF NOT EXISTS `notes` (
  `id` int(10) unsigned NOT NULL AUTO_INCREMENT,
  `parent_id` bigint(20) NOT NULL,
  `parent_type` varchar(255) COLLATE utf8mb4_unicode_ci NOT NULL,
  `content` varchar(255) COLLATE utf8mb4_unicode_ci NOT NULL,
  `title` varchar(255) COLLATE utf8mb4_unicode_ci DEFAULT NULL,
  `actor_id` int(11) NOT NULL,
  `action` varchar(50) COLLATE utf8mb4_unicode_ci NOT NULL,
  `created_at` timestamp NULL DEFAULT NULL,
  `updated_at` timestamp NULL DEFAULT NULL,
  PRIMARY KEY (`id`)
) ENGINE=InnoDB AUTO_INCREMENT=76 DEFAULT CHARSET=utf8mb4 COLLATE=utf8mb4_unicode_ci;

-- Dumping data for table tracker.notes: ~12 rows (approximately)
DELETE FROM `notes`;
/*!40000 ALTER TABLE `notes` DISABLE KEYS */;
INSERT INTO `notes` (`id`, `parent_id`, `parent_type`, `content`, `title`, `actor_id`, `action`, `created_at`, `updated_at`) VALUES
	(64, 31, 'App\\Models\\Payment', 'Sua ten', NULL, 1, 'edit', '2018-01-10 07:39:40', '2018-01-10 07:39:40'),
	(65, 31, 'App\\Models\\Payment', 'Sửa lại tên', NULL, 1, 'edit', '2018-01-10 07:53:51', '2018-01-10 07:53:51'),
	(66, 35, 'App\\Models\\Payment', 'Thanh toán tiền theo hóa đơn 686 ngày 20.10', NULL, 3, 'create', '2018-01-16 05:13:18', '2018-01-16 05:13:18'),
	(67, 36, 'App\\Models\\Payment', 'Thanh toán công nợ hóa đơn 1111 ngày 11.11): 14.530.000đ ( thanh toán cùng với 85.470.000đ của Cao VT', NULL, 3, 'create', '2018-01-17 07:01:45', '2018-01-17 07:01:45'),
	(68, 37, 'App\\Models\\Payment', '1', NULL, 1, 'create', '2018-01-24 04:36:53', '2018-01-24 04:36:53'),
	(69, 38, 'App\\Models\\Payment', '1', NULL, 1, 'create', '2018-01-24 05:00:25', '2018-01-24 05:00:25'),
	(70, 39, 'App\\Models\\Payment', 'Mẫu thử sẽ xóa sau ít phút', NULL, 1, 'create', '2018-01-24 06:54:37', '2018-01-24 06:54:37'),
	(71, 40, 'App\\Models\\Payment', 'test', NULL, 1, 'create', '2018-01-24 06:59:34', '2018-01-24 06:59:34'),
	(72, 41, 'App\\Models\\Payment', 'Tạo thanh toán', NULL, 1, 'create', '2018-01-24 07:01:32', '2018-01-24 07:01:32'),
	(73, 42, 'App\\Models\\Payment', 'Tạo thanh toán', NULL, 1, 'create', '2018-01-24 09:47:55', '2018-01-24 09:47:55'),
	(74, 43, 'App\\Models\\Payment', 'Tạo thanh toán', NULL, 1, 'create', '2018-01-24 09:51:27', '2018-01-24 09:51:27'),
	(75, 44, 'App\\Models\\Payment', 'Tạo thanh toán', NULL, 1, 'create', '2018-01-24 09:52:35', '2018-01-24 09:52:35');
/*!40000 ALTER TABLE `notes` ENABLE KEYS */;

-- Dumping structure for table tracker.oauth_access_tokens
DROP TABLE IF EXISTS `oauth_access_tokens`;
CREATE TABLE IF NOT EXISTS `oauth_access_tokens` (
  `id` varchar(100) COLLATE utf8mb4_unicode_ci NOT NULL,
  `user_id` int(11) DEFAULT NULL,
  `client_id` int(11) NOT NULL,
  `name` varchar(255) COLLATE utf8mb4_unicode_ci DEFAULT NULL,
  `scopes` text COLLATE utf8mb4_unicode_ci,
  `revoked` tinyint(1) NOT NULL,
  `created_at` timestamp NULL DEFAULT NULL,
  `updated_at` timestamp NULL DEFAULT NULL,
  `expires_at` datetime DEFAULT NULL,
  PRIMARY KEY (`id`),
  KEY `oauth_access_tokens_user_id_index` (`user_id`)
) ENGINE=InnoDB DEFAULT CHARSET=utf8mb4 COLLATE=utf8mb4_unicode_ci;

-- Dumping data for table tracker.oauth_access_tokens: ~145 rows (approximately)
DELETE FROM `oauth_access_tokens`;
/*!40000 ALTER TABLE `oauth_access_tokens` DISABLE KEYS */;
INSERT INTO `oauth_access_tokens` (`id`, `user_id`, `client_id`, `name`, `scopes`, `revoked`, `created_at`, `updated_at`, `expires_at`) VALUES
	('01427078813d454eb9ef8b915f4ab851569f53ad2725cd11b5eec8ec50e82d8a1136010161cc6cfb', 1, 2, NULL, '[]', 0, '2017-12-27 08:17:57', '2017-12-27 08:17:57', '2018-12-27 08:17:57'),
	('035a23aa9c9ba62e6f7835528f0466f6f86f26676d1ec23207626ee36dea4a9c6fdabc993f5417d5', 1, 2, NULL, '["*"]', 0, '2018-02-26 01:49:50', '2018-02-26 01:49:50', '2019-02-26 01:49:50'),
	('03843ef1abdd641f3dfdca5b7225170209171cd44996a1879bf26e78887b00c7bef48ab17b231224', 1, 2, NULL, '["*"]', 0, '2018-02-26 03:51:27', '2018-02-26 03:51:27', '2019-02-26 03:51:27'),
	('03b32cea6c52bfde6a005df0319498a04e9d1f007520eb0bcc3849fcd627979d2a08381bc27baca5', 1, 2, NULL, '[]', 0, '2017-12-29 03:07:59', '2017-12-29 03:07:59', '2018-12-29 03:07:59'),
	('04b0071c508609cfc8918bc8cb4eb3336ef9d54af3d914934f6522635597c29081557643a8b4d88e', 1, 2, NULL, '["*"]', 0, '2018-02-26 04:13:31', '2018-02-26 04:13:31', '2019-02-26 04:13:31'),
	('0771798c48d110342a9eb1db0c9eb9601d7f1e04e85d5bd2dfc94928c18e7d7c6ce7a236c46b5589', 1, 2, NULL, '["*"]', 0, '2018-02-27 04:23:47', '2018-02-27 04:23:47', '2019-02-27 04:23:47'),
	('0815dfa01c6ed59ce5981a6f3b12a927f9f0b43df3902a017bb383e40910edc38bc0543fed8fb165', 1, 2, NULL, '["*"]', 0, '2018-02-26 07:15:45', '2018-02-26 07:15:45', '2019-02-26 07:15:45'),
	('086c7ec015edff709a901fb8915d7259f488359f38242d1b4e47c8162d95a010380b3e90ce7f058d', 1, 2, NULL, '[]', 0, '2017-12-28 02:41:03', '2017-12-28 02:41:03', '2018-12-28 02:41:03'),
	('08ac45cf0875487ce4a6650cf32de7bbe162bfb9d7566a3f6c491607f40015d15b35685a97d7aa8e', 1, 2, NULL, '["*"]', 0, '2018-02-28 02:44:23', '2018-02-28 02:44:23', '2019-02-28 02:44:23'),
	('09602976b0c291dfd4a3aedc72e15332a617726fe91aa29aa4456a3a6a425d4aa1d13c440e367538', 1, 2, NULL, '["*"]', 0, '2018-02-26 05:06:01', '2018-02-26 05:06:01', '2019-02-26 05:06:01'),
	('09cc54621a627e42c3cbb7b636471a5ade6125eafcfecbd0c989f52bdadc25c0841b44c1406e0d8f', 1, 2, NULL, '[]', 0, '2017-12-27 08:13:17', '2017-12-27 08:13:17', '2018-12-27 08:13:17'),
	('0a555f508bd909d196390654e38f652e40842686f91088ba74889fc4a751cf02aff058c51218f34e', 1, 2, NULL, '["*"]', 0, '2018-02-26 09:35:56', '2018-02-26 09:35:56', '2019-02-26 09:35:56'),
	('0ab2c20812f4798409d3e14e1908229523c9188d562c9cad6d7a9720d03567f282bea70aea9bcfb2', 1, 2, NULL, '["*"]', 0, '2018-02-26 03:17:36', '2018-02-26 03:17:36', '2019-02-26 03:17:36'),
	('0cd974368fbdb9ca6efc29d90dda9a1100725364451b83349c5c9fc182ea2bad2e1793faf64dd699', 3, 2, NULL, '[]', 0, '2018-01-09 02:37:06', '2018-01-09 02:37:06', '2019-01-09 02:37:06'),
	('0dceaf323022e9b95739878d471f3b5c69dbd4d92f84ad0a08464b01b494fd2d4fda0ad90ae021ff', 1, 2, NULL, '["*"]', 0, '2018-02-26 06:43:40', '2018-02-26 06:43:40', '2019-02-26 06:43:40'),
	('0dde90587c721163577fb3ee9bf8cf70ea47a33932628d122a1e3d7ec402980b57ef5c962ec82a51', 1, 2, NULL, '["*"]', 0, '2018-02-26 03:33:35', '2018-02-26 03:33:35', '2019-02-26 03:33:35'),
	('0e947ca7551663ff3166764f590e7fc1756a4406ac32ab8e0e3f9d341f02d8d52f1392af80443e7c', 1, 2, NULL, '[]', 0, '2017-12-27 08:15:28', '2017-12-27 08:15:28', '2018-12-27 08:15:28'),
	('10f66d215591ce07111a31440f8115a4993addcbffefaecf636ea34f9921d8cb1a2f3257972985d3', 2, 2, NULL, '["*"]', 0, '2018-03-17 04:30:26', '2018-03-17 04:30:26', '2019-03-17 04:30:26'),
	('117ad66a50d7ab66a96efd1304b52358755caf63314ee34180c64c85af84cd7b18f5785d63048b7d', 1, 2, NULL, '[]', 0, '2017-12-27 02:05:48', '2017-12-27 02:05:48', '2018-12-27 02:05:48'),
	('11e8e825df16af0e211a1682c625e775ee0c644c1ef399b24c539d39fb72944db889d50f9e50b361', 1, 2, NULL, '[]', 0, '2017-12-27 08:16:50', '2017-12-27 08:16:50', '2018-12-27 08:16:50'),
	('11eb68342398db653e550461fa78f945577ed49c5255727e599d339acc8e3eb831e302fccbf1b8d6', 1, 2, NULL, '["*"]', 1, '2018-03-13 09:13:18', '2018-03-13 09:13:18', '2019-03-13 09:13:18'),
	('131bcbb30e07d44489f8ae19ba39210aaf70c914c45874e5be6e90592eb25ed946dbf142c58b0f4b', 1, 2, NULL, '["*"]', 0, '2018-02-26 03:59:17', '2018-02-26 03:59:17', '2019-02-26 03:59:17'),
	('136fb3cf3e825b1642e8ba986d6c0cca5b8194aeba55b30056e3ff42c749b79a0fe00fad8b8e65cc', 1, 2, NULL, '["*"]', 0, '2018-02-26 04:18:09', '2018-02-26 04:18:09', '2019-02-26 04:18:09'),
	('1395d69896c911e52155bb2ed938e0f87261d8c92db1dd5281e8b668307c3cc4ff6b2b3923d96ecc', 1, 2, NULL, '[]', 0, '2017-12-27 08:14:27', '2017-12-27 08:14:27', '2018-12-27 08:14:27'),
	('13b9e67236f5332c6b3b16b191ed0b7219b785d0347e7a1e9cc70ea85046cdcad531e7e86020b29b', 1, 2, NULL, '["*"]', 0, '2018-02-26 03:06:02', '2018-02-26 03:06:02', '2019-02-26 03:06:02'),
	('13c098681ac1c6fb31dff708152ca721336e4a9aa55c80e76b4add6e011a0a7e72559cb9b308d1a8', 1, 2, NULL, '[]', 0, '2018-01-12 03:49:26', '2018-01-12 03:49:26', '2019-01-12 03:49:26'),
	('14d20f553e187ef75a8cb43e746b71e24bf507c44f8c9e23babc361e35b936aba34ed816b0f19eca', 3, 2, NULL, '[]', 0, '2018-01-10 08:10:57', '2018-01-10 08:10:57', '2019-01-10 08:10:57'),
	('17c87d5bbd43d5c8007b0090b7fcc41061aa7d55833c66618452379b7fe97352ca35695956535ace', 1, 2, NULL, '["*"]', 0, '2018-02-26 05:09:49', '2018-02-26 05:09:49', '2019-02-26 05:09:49'),
	('1b994b6adcd6353cf0c8a7d785f03858a26af6df2454bb174f76578fb2e743d7e6d27626fb932cfe', 1, 2, NULL, '["*"]', 0, '2018-02-28 02:27:51', '2018-02-28 02:27:51', '2019-02-28 02:27:51'),
	('1c619f19d4cfd0587f82849cff660a0ce9905a602bffbb22a0f63dfdb8e74106123b1a69619779eb', 1, 2, NULL, '["*"]', 1, '2018-03-13 08:57:55', '2018-03-13 08:57:55', '2019-03-13 08:57:55'),
	('1d834b8ce742d79d1008db6b0ee52aac8728218cee7c2e008aa12ae44c20d1b7a8b1a6eb33eddda7', 1, 2, NULL, '["*"]', 1, '2018-03-13 09:02:17', '2018-03-13 09:02:17', '2019-03-13 09:02:17'),
	('1dcdc9a534b5fce24c8276e93fad6be3db03994a0b13b46913d2caf3fa282a5eba563ab8da781a5d', 1, 2, NULL, '["*"]', 0, '2018-02-28 03:13:45', '2018-02-28 03:13:45', '2019-02-28 03:13:45'),
	('207580f30d1dc95b18fe4c197176a6c53b98d902d2e990b6c4731536057f144058bd2efe9355a4ba', 1, 2, NULL, '["*"]', 0, '2018-02-27 04:47:27', '2018-02-27 04:47:27', '2019-02-27 04:47:27'),
	('21b8ba1705b6a1da83a585629c64ee5517d0e6f4ffc75d01f5697f4ad40d45285c27699a300479fa', 1, 2, NULL, '["*"]', 0, '2018-02-26 01:49:21', '2018-02-26 01:49:21', '2019-02-26 01:49:21'),
	('22db73bc65b2655a3456e03bbaeaa0aab11f6e7019bef3e9cec65d2fa0ae816e079ba0c95615ea99', 1, 2, NULL, '["*"]', 1, '2018-03-13 08:51:19', '2018-03-13 08:51:19', '2019-03-13 08:51:19'),
	('252db2ba75bb471860e5de6b85a7679a467fc5fb8ee2c7101d11fc2b1cc6b5301464986e8fa313fe', 1, 2, NULL, '["*"]', 1, '2018-03-13 09:03:40', '2018-03-13 09:03:40', '2019-03-13 09:03:40'),
	('2545ba4ffc215154c9747bfdc4686b62d71640870efd2e40c343e1636b6dcbfc23631d648e01ad6f', 2, 2, NULL, '["*"]', 1, '2018-03-30 03:26:54', '2018-03-30 03:26:54', '2019-03-30 03:26:54'),
	('278d6506ac0ab86a80855188890b0db74579f009447cc914124ac5877eb5af0db352f7e9ea09864b', 1, 2, NULL, '["*"]', 0, '2018-02-27 03:00:02', '2018-02-27 03:00:02', '2019-02-27 03:00:02'),
	('2b39350f6507266eb5bc1356027e40a2eba68143cdfa83dfd6c1ecd59e46c69378d1fd09eba92b03', 1, 2, NULL, '["*"]', 0, '2018-02-27 04:17:52', '2018-02-27 04:17:52', '2019-02-27 04:17:52'),
	('2b76318662c5942aeb893501e7ca4321914db4e0f8e8c7f1a9c3090e3056bd649370a677f599071e', 1, 2, NULL, '["*"]', 0, '2018-02-26 03:41:56', '2018-02-26 03:41:56', '2019-02-26 03:41:56'),
	('2c603d5323904cf37c4f09fcfeb1b50f33b61bb129114c726cbd77f4ac7c4ce3e66e54d383bda1e0', 1, 2, NULL, '["*"]', 0, '2018-02-26 05:30:57', '2018-02-26 05:30:57', '2019-02-26 05:30:57'),
	('2d8f117305bde11a07c8d8635551e528d7447959d635c75d36c427e12d82f563fc67040c159ea847', 1, 2, NULL, '["*"]', 0, '2018-02-28 02:51:39', '2018-02-28 02:51:39', '2019-02-28 02:51:39'),
	('2ddc53974469675bdfed7c30d6d3bb82b5c63934ce2016b2a40e2355654bd06421e1bfe2fc616d48', 3, 2, NULL, '[]', 0, '2018-01-03 04:25:32', '2018-01-03 04:25:32', '2019-01-03 04:25:32'),
	('2e64cd5c2894da6e61ff7f7af65c90b3f7551b9bb7df6476c075f8306b1e975e722c182844c39e30', 1, 2, NULL, '["*"]', 0, '2018-02-26 06:50:56', '2018-02-26 06:50:56', '2019-02-26 06:50:56'),
	('2ffe4b57531bd50fbab4bdc08f511ef36c20a2d36c2288c3865af51b6598297ffbada9a9da17769e', 1, 2, NULL, '["*"]', 0, '2018-02-26 03:29:06', '2018-02-26 03:29:06', '2019-02-26 03:29:06'),
	('30d645693b7572c71dc9ed6f01bb75410bf0da900ef6885b83ad11a3056c5f3d73146b8f9ea4cecb', 1, 2, NULL, '["*"]', 1, '2018-03-13 09:11:38', '2018-03-13 09:11:38', '2019-03-13 09:11:38'),
	('317d846033393fb79c91e258469e3be9253b2380878867e32edd21c5c8ff692e6d202f36c27d67cf', 1, 2, NULL, '["*"]', 0, '2018-02-26 03:52:15', '2018-02-26 03:52:15', '2019-02-26 03:52:15'),
	('319db679e466a472bb1371ccb233c1a5c22860bb121a19bdac9e638089ca8d46f1a141b6a7011f90', 1, 2, NULL, '["*"]', 0, '2018-02-28 02:27:21', '2018-02-28 02:27:21', '2019-02-28 02:27:21'),
	('326dd1cc31c6da339403a979bf6c6e7d7bbc7d6cffb52a9c76c27c1e701810da1d243815b7b8ba3e', 2, 2, NULL, '["*"]', 0, '2018-03-17 04:37:17', '2018-03-17 04:37:17', '2019-03-17 04:37:17'),
	('358d55827ac83102fe8d7bd3aeceddffdd9a8b0f89b6f388fb600166208d0d933e0c2e56133f7d7c', 1, 2, NULL, '["*"]', 0, '2018-02-26 05:59:05', '2018-02-26 05:59:05', '2019-02-26 05:59:05'),
	('35e4bcf3fece8409048f2ac3a7bf6d08e706d925c314ae7522cb3f04c97dca7dd120bc7b6af0973a', 1, 2, NULL, '["*"]', 1, '2018-03-13 08:54:57', '2018-03-13 08:54:57', '2019-03-13 08:54:57'),
	('38508c6db18eb4d832fe716e13b9a5b9eaa413c3cf75d85f4e3df2a245aa40a39c2b289ae3284bc3', 1, 2, NULL, '[]', 0, '2017-12-27 03:22:01', '2017-12-27 03:22:01', '2018-12-27 03:22:01'),
	('3be8db74344124d87aea2a358fddfb5d1744f3861efc0ab93763b91518666fb2ee05b290108c6862', 1, 2, NULL, '["*"]', 0, '2018-02-27 04:40:41', '2018-02-27 04:40:41', '2019-02-27 04:40:41'),
	('43b82047b4907181bdc1444f86473934a9c22b8b41bc35cf2423f45ffecf37859d65b74a13523a8a', 1, 2, NULL, '[]', 0, '2018-01-12 03:59:20', '2018-01-12 03:59:20', '2019-01-12 03:59:20'),
	('4aa8e4bf24a030ae80a61e3dac26275aa3e4b43f3e22b9577326eeb1e20842e39d4347d2f9cd5150', 1, 2, NULL, '[]', 0, '2018-01-05 04:53:56', '2018-01-05 04:53:56', '2019-01-05 04:53:56'),
	('4c33c7ceede1a0c4ec6c4c0208337a45e35cc8af09a9dd268bf2160df56600b877abd67e2c49fc82', 1, 2, NULL, '["*"]', 0, '2018-02-26 04:17:46', '2018-02-26 04:17:46', '2019-02-26 04:17:46'),
	('4c7954e1ab78cb61fb4fadbe99daec86c0d2cc46ea7a518c4deb4cbd2d289ff0ffe04a651008be81', 1, 2, NULL, '["*"]', 0, '2018-02-26 05:03:14', '2018-02-26 05:03:14', '2019-02-26 05:03:14'),
	('4d14629ec9c7c4b9d405b4e4f4a94120e3a446e852312b936b40487eb55d0040410ed89c437bee8b', 1, 2, NULL, '[]', 0, '2018-01-08 03:56:12', '2018-01-08 03:56:12', '2019-01-08 03:56:12'),
	('4d5e39b4d0e85d01f4a5333980af7fdce04f8fb8294c6a481b573bf94fd85e1d86bd6bf93675e04c', 1, 2, NULL, '["*"]', 0, '2018-02-26 05:20:58', '2018-02-26 05:20:58', '2019-02-26 05:20:58'),
	('4e072b0c22d8c5905f14838a2261ea29418f69f5bdbb9924f7c82232deb9eae400cf938eb52aa6a1', 1, 2, NULL, '["*"]', 0, '2018-02-26 05:32:28', '2018-02-26 05:32:28', '2019-02-26 05:32:28'),
	('4e5d8c8970c1094a2737ec79789dfb9f554109edf8793911b17753883489f27f4a276bebde03e0b4', 1, 2, NULL, '["*"]', 0, '2018-02-27 04:51:18', '2018-02-27 04:51:18', '2019-02-27 04:51:18'),
	('4e73bf274b6df1e4058854da48c0436b1ae1bb29a5b0ea2efb10aa52e88e7149448f3baed12a68d1', 1, 2, NULL, '["*"]', 0, '2018-02-26 05:54:23', '2018-02-26 05:54:23', '2019-02-26 05:54:23'),
	('5076497b9d0bbe21198f390920e3ccf55087f767f867d25be81b6f46fde37c3d934bd4d1177ed19d', 1, 2, NULL, '[]', 0, '2017-12-29 07:45:35', '2017-12-29 07:45:35', '2018-12-29 07:45:35'),
	('53e163452ed4cc35f7ef5eeee7d423f3374ea8eb45e8423da44bc0a8e0691df589b820733132c385', 1, 2, NULL, '["*"]', 0, '2018-02-26 05:06:40', '2018-02-26 05:06:40', '2019-02-26 05:06:40'),
	('55ceca799913762e7b94e8bb5ce2a778cf12048c0393b1b27b5e01cf688cb0fd3e6c47ae5bae3efb', 1, 2, NULL, '["*"]', 0, '2018-02-26 08:25:15', '2018-02-26 08:25:15', '2019-02-26 08:25:15'),
	('562ca527d772e3fd1034207f9f19deab272ee700791083f52acfa130f94ec4d3cc8c2434dce66ccc', 1, 2, NULL, '[]', 0, '2018-01-05 01:41:19', '2018-01-05 01:41:19', '2019-01-05 01:41:19'),
	('57ebe86144cc93611062fab0170657156412baa362761392e43b46c6b89e7d78aa9783d2050e8e8a', 1, 2, NULL, '["*"]', 0, '2018-02-27 04:44:03', '2018-02-27 04:44:03', '2019-02-27 04:44:03'),
	('586993b0ae74b12144950b12fd9f82f91c833e21c16de8687f694621a2073ddf3e0231ce27dbe9e7', 1, 2, NULL, '["*"]', 0, '2018-02-26 05:44:02', '2018-02-26 05:44:02', '2019-02-26 05:44:02'),
	('5e126c5631735a2f793300ec2de259873bf200141f3c0744ff3f094221f1a2d64ba4d6c292a90b3c', 1, 2, NULL, '["*"]', 1, '2018-03-13 09:05:21', '2018-03-13 09:05:21', '2019-03-13 09:05:21'),
	('5ef92468877cb3941c3ca5a0448534da78bfc3c9c92c8de37e5f3c44cf4afdcc5b590c43a4fd83e5', 1, 2, NULL, '["*"]', 0, '2018-02-28 02:33:04', '2018-02-28 02:33:04', '2019-02-28 02:33:04'),
	('5fac296c986b10b4ccf08bdf465124bf7dbbcfa7bba5b2de856beab4c1a8bf3d45375ef1f0f9d9f9', 1, 2, NULL, '[]', 0, '2017-12-29 03:18:10', '2017-12-29 03:18:10', '2018-12-29 03:18:10'),
	('608f2119f6aeb085f27b160f684c0816150cc434586e87c8a63c8c17e30bd1bd00320b901336b34b', 1, 2, NULL, '["*"]', 1, '2018-03-13 08:59:50', '2018-03-13 08:59:50', '2019-03-13 08:59:50'),
	('60fe2ac29380c25836f06c01b5c574c9292bd0d037493e8f0ed544e400d6342ef1086e9cd0cdd45b', 1, 2, NULL, '["*"]', 0, '2018-02-26 04:58:14', '2018-02-26 04:58:14', '2019-02-26 04:58:14'),
	('615a01869dec35bd82f60967a459038e652916749ff041f0df093fee22f1c5904ac34a68a331c359', 1, 2, NULL, '["*"]', 0, '2018-02-26 03:55:30', '2018-02-26 03:55:30', '2019-02-26 03:55:30'),
	('624641f677fe82b3a856688c81940433289f7bfb20b87c7426469474ac73815cd2b92ede91b7f26c', 1, 2, NULL, '["*"]', 1, '2018-03-13 09:03:25', '2018-03-13 09:03:25', '2019-03-13 09:03:25'),
	('63df25ff2537f9d0774a15d16b796ef406a51c5e1dfaaaf6bb662554054e65dc105d836f3e56cbe1', 1, 2, NULL, '["*"]', 0, '2018-02-26 05:07:49', '2018-02-26 05:07:49', '2019-02-26 05:07:49'),
	('642c4e3a054751f975ad118617c4a5e43822f7ed5489d7b94b6fecf9079bb612cc6dfa6f2294a174', 1, 2, NULL, '["*"]', 0, '2018-02-26 05:47:46', '2018-02-26 05:47:46', '2019-02-26 05:47:46'),
	('6495e23ab2ac2dc036b57cc25574e0930c5227483f5e8edc079ceb3bcce0d4ffb420bb93b22ffed2', 1, 2, NULL, '[]', 0, '2018-01-02 01:38:03', '2018-01-02 01:38:03', '2019-01-02 01:38:03'),
	('66d54e68cadaa6da4b05ba5c13d5d1548a66d3604406713d9366dd89feda292ab33ef81bbf7a4bc5', 1, 2, NULL, '["*"]', 0, '2018-02-26 02:56:51', '2018-02-26 02:56:51', '2019-02-26 02:56:51'),
	('68c3a1c49652ddfad20bf89c2db667430b80422b52aa1e373f4014b52a080e8db560554d72a199e7', 1, 2, NULL, '[]', 0, '2018-01-12 03:21:27', '2018-01-12 03:21:27', '2019-01-12 03:21:27'),
	('6aff86c6474f2df6da0559c38194556c164420a14a2328eaea09e8baadfe40a8c92f5b373766ade5', 1, 2, NULL, '["*"]', 0, '2018-02-26 05:50:25', '2018-02-26 05:50:25', '2019-02-26 05:50:25'),
	('6b70e0398d8630e62701b344d2cf5ae08347f152a8bee731bc1d12448d64623bd75ef49c976c7653', 1, 2, NULL, '["*"]', 1, '2018-03-13 09:09:22', '2018-03-13 09:09:22', '2019-03-13 09:09:22'),
	('6d5932238a3f1e141c79105159582dc2514e218e72fcc0070030ad2e7cc303559977c047ef1611cf', 1, 2, NULL, '[]', 0, '2017-12-27 08:30:15', '2017-12-27 08:30:15', '2018-12-27 08:30:15'),
	('6db083af2e6563d62888fe13c5056951c4edca5e11036ae0f8458f43c7f36713016314c1eb09c816', 1, 2, NULL, '[]', 0, '2017-12-27 08:11:16', '2017-12-27 08:11:16', '2018-12-27 08:11:16'),
	('6ef48e40aa094acf72bef2ac66abf65c23ff3fa2b51021f49b0a76346b3e4dd52d9e55b657b1bcc4', 1, 2, NULL, '["*"]', 0, '2018-02-27 04:52:10', '2018-02-27 04:52:10', '2019-02-27 04:52:10'),
	('70bbb0600cb9f769c7cb98df5f639bf65b7cb22f3f48fc60f646234ecc132ad07736a651ad8e43d9', 1, 2, NULL, '["*"]', 0, '2018-02-26 05:09:05', '2018-02-26 05:09:05', '2019-02-26 05:09:05'),
	('734506ef6a089fd0e9a883b19b69257ad0d5f1596b67c4067e3db45c245c68a8fcf728fa94a38776', 1, 2, NULL, '["*"]', 0, '2018-02-26 05:15:25', '2018-02-26 05:15:25', '2019-02-26 05:15:25'),
	('74a632f2c1b8dc0423055a434335efcffbe38a2a257431cab21cf6254998b07588adf3cedd823deb', 1, 2, NULL, '[]', 0, '2017-12-27 08:03:03', '2017-12-27 08:03:03', '2018-12-27 08:03:03'),
	('74d48708bd64723d405bc05c0bfdd4a7ae6b69c127bda718f8055bc3a368d94cc569e304bae1b28f', 1, 2, NULL, '["*"]', 0, '2018-02-28 02:23:25', '2018-02-28 02:23:25', '2019-02-28 02:23:25'),
	('7679e7d284413bac36c412b31379a1b97518b2ae6ab0edf774f4c1d43d70f076c448962253d7040b', 1, 2, NULL, '[]', 0, '2018-01-05 01:17:17', '2018-01-05 01:17:17', '2019-01-05 01:17:17'),
	('7a57437cf2e5b43b0c6238273fd0c0e7246e104a4b30743693ec3b52750332cb57852a2d9cc6d440', 1, 2, NULL, '[]', 0, '2018-01-03 02:17:19', '2018-01-03 02:17:19', '2019-01-03 02:17:19'),
	('7a6c76f4bcdbcb4f85fbc011a16cd9c73e951bdb510e5bd7e44a3bc91b26a76383132cba89fcf20a', 1, 2, NULL, '[]', 0, '2018-01-12 03:45:29', '2018-01-12 03:45:29', '2019-01-12 03:45:29'),
	('7af07e130a8a3bcda5ec20cc2a80d47e1f76fe993b0d0da2fad0fee9dbaf0fd61af71449cab8946d', 2, 2, NULL, '[]', 0, '2018-01-05 07:45:09', '2018-01-05 07:45:09', '2019-01-05 07:45:09'),
	('7d0ad0ddf0c7b7aa7ea825e003f89b4fc8c616734a1ae1247884bfae85ae7e22c1bdc6a52e586104', 1, 2, NULL, '[]', 0, '2018-01-08 01:23:05', '2018-01-08 01:23:05', '2019-01-08 01:23:05'),
	('7ed38f58df7b1bb286f3b60298da9fb88e12c57f7c060e17c99b8fcd081e1b8de38f5e18d7f7a6f6', 2, 2, NULL, '["*"]', 0, '2018-03-29 09:51:06', '2018-03-29 09:51:06', '2019-03-29 09:51:06'),
	('7f5a91962872378d39c5105c762d27ccf40bd90f42ce2e9c462b0b34dd67bbae1dc2960ef2664cef', 1, 2, NULL, '["*"]', 0, '2018-02-26 03:04:25', '2018-02-26 03:04:25', '2019-02-26 03:04:25'),
	('7f95d41f0e6616254c560c88b2f852b775c86cfc5fb6839537b27c529e7e926f74aa54157022e5ee', 1, 2, NULL, '[]', 0, '2018-01-12 03:19:07', '2018-01-12 03:19:07', '2019-01-12 03:19:07'),
	('822321a6f85bc0a198304ef8bbc6232b110ca6377a0fa0f4b7feaa69b225ae31e78d40f642fc52a6', 1, 2, NULL, '["*"]', 0, '2018-02-27 04:38:24', '2018-02-27 04:38:24', '2019-02-27 04:38:24'),
	('824816e1902988e0958cc0a4158a254795bbc753c4cf76ade53ad2bcfaeef27e3f72846152b6fc7b', 1, 2, NULL, '["*"]', 0, '2018-02-26 04:12:24', '2018-02-26 04:12:24', '2019-02-26 04:12:24'),
	('8332ab0e006774e79b87af7cc4100c22414729ae63b9c2d7211264bac7ffbcd1e137679bf3ed63e4', 1, 2, NULL, '["*"]', 0, '2018-02-26 05:08:44', '2018-02-26 05:08:44', '2019-02-26 05:08:44'),
	('83bf03579eac2ff0804514faf65e6855366797b52f25ccd55d1b38bb722d8ebb116be4489f7e7a24', 2, 2, NULL, '[]', 0, '2018-01-05 07:00:58', '2018-01-05 07:00:58', '2019-01-05 07:00:58'),
	('84ccbc51e4aedbc76d8cf05c9f44d87ef999293d988e04e5c9bcdc6e9864da47c420f0489aa5bce5', 1, 2, NULL, '["*"]', 0, '2018-02-26 05:26:33', '2018-02-26 05:26:33', '2019-02-26 05:26:33'),
	('8c5aec42b1dd8fd3b941f93a188360a63b45e8f1de2c755328e5ba7a7af792ba70ae33b046eeb2e3', 1, 2, NULL, '[]', 0, '2018-01-12 03:52:15', '2018-01-12 03:52:15', '2019-01-12 03:52:15'),
	('8c63aa8edd04e0427e8c432c5bbee4b486e3f776cf5993ef40412d479a2dff59b1c6afedd6eced18', 1, 2, NULL, '["*"]', 0, '2018-02-26 01:50:45', '2018-02-26 01:50:45', '2019-02-26 01:50:45'),
	('8cc06eebf045e8ed3e63f8a6caaaa4e6999c22cfa3d83fb5cfc3811bf716d38301b4e8d29804ec5d', 1, 2, NULL, '[]', 0, '2018-01-12 03:54:26', '2018-01-12 03:54:26', '2019-01-12 03:54:26'),
	('8d69926ed02bd3400b32b062d2f7b7ae50a66c65f9ceafe6edc32c864b1666ba5811fc72c989ca1c', 1, 2, NULL, '["*"]', 0, '2018-02-26 07:17:33', '2018-02-26 07:17:33', '2019-02-26 07:17:33'),
	('8f41be4ae4e998410c158b725993973c19c814b6b0003e5c7908e51d1081f636f6642cadda15b6ff', 1, 2, NULL, '[]', 0, '2017-12-28 10:08:56', '2017-12-28 10:08:56', '2018-12-28 10:08:56'),
	('921b39ce1bd1d963446d64f0a251f7e456a76bde813b17aa5acbbbdcb794b6653648267506d053d3', 1, 2, NULL, '[]', 0, '2018-01-12 03:59:44', '2018-01-12 03:59:44', '2019-01-12 03:59:44'),
	('95d29e9ee74782a24d6921a6be770e26b0e8d85ce91d98eff58bf965d045aae8b85cd18180ac0960', 1, 2, NULL, '["*"]', 0, '2018-02-26 05:02:43', '2018-02-26 05:02:43', '2019-02-26 05:02:43'),
	('97df9e672390501249651f6d4fd70170eb1e5d5b806196ae83add5a0670a1eb1d8db6e74f67015c8', 1, 2, NULL, '["*"]', 0, '2018-02-26 05:46:21', '2018-02-26 05:46:21', '2019-02-26 05:46:21'),
	('9d57a831d2580792608b14f846ab2911c70472f6698198eacbd100d47dc5330b066098edb7a0f3bf', 3, 2, NULL, '[]', 0, '2018-01-05 01:38:44', '2018-01-05 01:38:44', '2019-01-05 01:38:44'),
	('9f5cdf4b04f7aa81ef5b28d168be11160dc131b901125349b0eb9a9e3615f3f950ba87235e2f63c6', 1, 2, NULL, '["*"]', 0, '2018-02-26 07:05:39', '2018-02-26 07:05:39', '2019-02-26 07:05:39'),
	('9fdde566e0ef550eeae605c4a822f3e47e1524463c909fee45b1a1c0b22edcc2585dc36a3ed6a322', 1, 2, NULL, '["*"]', 0, '2018-02-26 03:17:17', '2018-02-26 03:17:17', '2019-02-26 03:17:17'),
	('a409f5811e6839a3107ee3eb0c37e7832e1e23e503733921060792e069fcaeaf417aab4580553e9f', 1, 2, NULL, '["*"]', 1, '2018-02-28 03:22:52', '2018-02-28 03:22:52', '2019-02-28 03:22:52'),
	('a69ef973bf47f1a7f561925ff06e23c36210cb438fa82fe0520740316367a2cbb05fa9e31f6fa8e4', 1, 2, NULL, '[]', 0, '2017-12-30 01:47:38', '2017-12-30 01:47:38', '2018-12-30 01:47:38'),
	('a7467150d2a4227c5bb25edc2c577e99f42dc612137eecac40bf9790d8179832dfc8575e13441009', 1, 2, NULL, '[]', 0, '2018-01-02 04:49:03', '2018-01-02 04:49:03', '2019-01-02 04:49:03'),
	('a7d6f8adae336e95424d5542372cc7154fb979a41453dc7ebbe12faf2190f1ca6ca8804afe0f09ab', 1, 2, NULL, '["*"]', 0, '2018-02-26 05:29:29', '2018-02-26 05:29:29', '2019-02-26 05:29:29'),
	('ad987d25c4db301e3518e4b1c23289d644a588036a43f08577309763f2088694e3bf7ab11b877daa', 1, 2, NULL, '[]', 0, '2018-01-02 04:57:09', '2018-01-02 04:57:09', '2019-01-02 04:57:09'),
	('b228bd4a98b188f422ac10baac40019725d7ba96ac31af56a31b40070c2b7be432cf887525ea043b', 1, 2, NULL, '["*"]', 1, '2018-03-13 09:08:19', '2018-03-13 09:08:19', '2019-03-13 09:08:19'),
	('b2f0e4dde69426a5305cb43a34e049e7ce0655b6356d6d65bccf025ca4177f80f27918440a216b5c', 1, 2, NULL, '["*"]', 0, '2018-02-27 04:47:55', '2018-02-27 04:47:55', '2019-02-27 04:47:55'),
	('b30935177188d742a5be629c190d78c89afeb9b6d6b4015610265bd826091d52b6d0a1816d341007', 3, 2, NULL, '[]', 0, '2018-01-05 04:04:36', '2018-01-05 04:04:36', '2019-01-05 04:04:36'),
	('b43e162cb9af840e1f8e943d2d3ea0981991056c30bf8b89d9859fe0122b66a175eec35d77784f36', 1, 2, NULL, '[]', 0, '2017-12-30 01:45:11', '2017-12-30 01:45:11', '2018-12-30 01:45:11'),
	('ba983729d2b466ca745fe955a3cee9ea620260db8175033d5474ba4fe1bd9119ebd66d811d165fc3', 1, 2, NULL, '["*"]', 0, '2018-02-26 07:28:26', '2018-02-26 07:28:26', '2019-02-26 07:28:26'),
	('c04ff54b9815e70d639468cd1b9cc81869ffdddb95fc1b8c8a47ab5227686018b94c2864e4b61a84', 1, 2, NULL, '[]', 0, '2017-12-27 08:13:47', '2017-12-27 08:13:47', '2018-12-27 08:13:47'),
	('c0c8075cd34f2bb17b5752ba9b51a33b8094a1b6eeff52c466d8ec527c2520ed346c6d562bd0118b', 1, 2, NULL, '["*"]', 0, '2018-02-28 02:31:51', '2018-02-28 02:31:51', '2019-02-28 02:31:51'),
	('c1383469ecc4457a404d78885bba77a90cb1a57cf8a1ac40892c6e7de92e53f44a3a9a59d09824be', 1, 2, NULL, '["*"]', 0, '2018-02-26 05:34:42', '2018-02-26 05:34:42', '2019-02-26 05:34:42'),
	('c3910d202894c0f82353bbc3d37d49c8fe8d4bb84ca1c885bbabcab80366489db8d57a4f9ce331bd', 1, 2, NULL, '["*"]', 0, '2018-02-26 01:52:25', '2018-02-26 01:52:25', '2019-02-26 01:52:25'),
	('c66bba6866c9a0053d023d7aeda65c2cb22388441d517dc6354632ba5976eadcdb6dc86e7b5b6088', 1, 2, NULL, '[]', 0, '2017-12-27 08:35:22', '2017-12-27 08:35:22', '2018-12-27 08:35:22'),
	('c67f44ece946c72ee8e3524f185da6d2e3e965cec1eefabfaa6b0106e137ba5ae19ce559a6d18016', 1, 2, NULL, '[]', 0, '2017-12-29 07:46:04', '2017-12-29 07:46:04', '2018-12-29 07:46:04'),
	('c6a2d9c727dde0307f6c12901175fb91229bf3eb7102b320667068f5b4a7700260476973793ffa58', 1, 2, NULL, '["*"]', 0, '2018-02-27 04:53:03', '2018-02-27 04:53:03', '2019-02-27 04:53:03'),
	('c74f987e499768935a80f35248404e575aba2c74e857e7c3259e97d0cdf8cdf50622d499298bbecf', 1, 2, NULL, '["*"]', 0, '2018-02-26 07:14:09', '2018-02-26 07:14:09', '2019-02-26 07:14:09'),
	('c98fda300f21d70f6d7ce6dc51859c4631f563824d7de09db135171184fea6eba35ee302cb43593b', 1, 2, NULL, '[]', 0, '2018-01-02 01:30:16', '2018-01-02 01:30:16', '2019-01-02 01:30:16'),
	('cc99ad7d53bb37029412cfa05ff2b2bac58621a6b1f73c9b6e6264c1f7a33fba6bb062da0dc38736', 1, 2, NULL, '[]', 0, '2018-01-12 03:44:45', '2018-01-12 03:44:45', '2019-01-12 03:44:45'),
	('cd2c76b298e6c3021e904a1529bf02387d1f70c87f253f48f80ecc8371bc633d305377b1eab30a3c', 1, 2, NULL, '["*"]', 0, '2018-02-26 03:57:37', '2018-02-26 03:57:37', '2019-02-26 03:57:37'),
	('cd84654bbc741ee90b269c9cbd36043506c40d9f714dc1fd9b7042f91f728f5705503c3f74c8d88b', 1, 2, NULL, '["*"]', 1, '2018-03-13 08:59:00', '2018-03-13 08:59:00', '2019-03-13 08:59:00'),
	('cda54c38b2f80033de8ff64b1abd08d46238c513d5631e76184bded8dd79ecab294134ba3d9ba79e', 1, 2, NULL, '["*"]', 0, '2018-02-26 05:10:17', '2018-02-26 05:10:17', '2019-02-26 05:10:17'),
	('cdb0198ae0965d298878948580e8f105d0809bc803deb02199eba9c5b722eaf23f353597773a6c3f', 1, 2, NULL, '["*"]', 0, '2018-02-26 05:56:16', '2018-02-26 05:56:16', '2019-02-26 05:56:16'),
	('cdf39628584cf1a40f0cb575fa4414da68b7b16e03a57d97836135bf812c369476fd98603d2c2163', 1, 2, NULL, '[]', 0, '2017-12-30 01:43:49', '2017-12-30 01:43:49', '2018-12-30 01:43:49'),
	('ce81845e24b0dd307f1c5da9c40e84a135324074904f12c248d8a8d405fdbbbfded15f0841c346dd', 1, 2, NULL, '["*"]', 0, '2018-02-28 02:28:46', '2018-02-28 02:28:46', '2019-02-28 02:28:46'),
	('d0c71dd51be07bb5e3ee28529d6a7182c90f0e3e2e90edd1452d0c1440d9880a439a7b639232c033', 1, 2, NULL, '[]', 0, '2018-01-12 03:29:39', '2018-01-12 03:29:39', '2019-01-12 03:29:39'),
	('d19b6cfc1fcc09430287ee4d6541f83def13b9e6c7fe2fe199f5a1ffd119f21c0a657a1053a8ce51', 1, 2, NULL, '[]', 0, '2018-01-12 03:34:56', '2018-01-12 03:34:56', '2019-01-12 03:34:56'),
	('d236fa9a87884bb265c040fc999e3d8560b63bfa4f855c8d6655a8db912df5776c5d5541734e583b', 1, 2, NULL, '["*"]', 0, '2018-02-26 04:02:08', '2018-02-26 04:02:08', '2019-02-26 04:02:08'),
	('d5e263d123c056c65603e9dbc2c3ad86805c89efb030b1146e795bc9ded01cfadee3776dfae4d6e8', 1, 2, NULL, '["*"]', 0, '2018-02-27 04:34:23', '2018-02-27 04:34:23', '2019-02-27 04:34:23'),
	('d64ce31502d0550d93710ab1b388a1d85bf15f3ec9f5f541ff4a2164f1df2a30b94320cc25178e33', 1, 2, NULL, '["*"]', 0, '2018-02-27 04:52:37', '2018-02-27 04:52:37', '2019-02-27 04:52:37'),
	('d664768afbff10a6b5560a91a6d7c45e30640b6fbaa37d50350266ef4c18deb61fff48ea35085971', 1, 2, NULL, '[]', 0, '2017-12-28 08:35:00', '2017-12-28 08:35:00', '2018-12-28 08:35:00'),
	('d692b523626b5afdd2bc1beb476a7614f34df1abcb7f52e04149a56d2bba23d7d38cf783564b2cb5', 1, 2, NULL, '[]', 0, '2017-12-29 10:14:04', '2017-12-29 10:14:04', '2018-12-29 10:14:04'),
	('d6a17df50cfde1901e48b943125813f3d3ada229073a87d9384ac8e3f8e229aeb7eaab66b3fdd5d3', 2, 2, NULL, '[]', 0, '2018-01-03 01:36:38', '2018-01-03 01:36:38', '2019-01-03 01:36:38'),
	('d6a27c2ba6185a0dbb39bd55967b342a142645b5909fe2e1927ac8ce317430a84994694ef0bb29c9', 2, 2, NULL, '[]', 0, '2018-01-02 05:25:26', '2018-01-02 05:25:26', '2019-01-02 05:25:26'),
	('d7d46f21767ac4223b1a62567966db2b04cb834af61137ea15976102be43ca13f89bc23ee3e144a6', 1, 2, NULL, '["*"]', 0, '2018-02-26 03:09:07', '2018-02-26 03:09:07', '2019-02-26 03:09:07'),
	('da8b2b566681223238d393c1f31d8884446f3bc71ad73be58e2502ed5d3aa2ff76303b4624154fb7', 1, 2, NULL, '["*"]', 0, '2018-02-26 05:09:21', '2018-02-26 05:09:21', '2019-02-26 05:09:21'),
	('daf058d56bc527bccc29e5121dd5df0d95a6c3da9478f7c9ffda3b815f32ef5aa509d75f8ac46431', 1, 2, NULL, '["*"]', 0, '2018-02-26 03:04:58', '2018-02-26 03:04:58', '2019-02-26 03:04:58'),
	('ddf450a9968a5d89d538814e004d4ac88c5a4b83a388a0359c9ff3e9c88a85edfd790f87f906aa10', 1, 2, NULL, '["*"]', 1, '2018-03-13 09:00:13', '2018-03-13 09:00:13', '2019-03-13 09:00:13'),
	('e136e02a0646d2dffee0eadf20ff6288476ab9cef7e2ff1e4b8ae1fe4e014f784c853c9a74ad0305', 1, 2, NULL, '[]', 0, '2017-12-29 07:46:34', '2017-12-29 07:46:34', '2018-12-29 07:46:34'),
	('e3ed2d0adbf272248b0dad5cc67bb5e6b7953750c3b8f95293b9a5d67dfffb55be961c15282e259f', 1, 2, NULL, '["*"]', 0, '2018-02-27 04:39:59', '2018-02-27 04:39:59', '2019-02-27 04:39:59'),
	('e49493d857b7bbeee6771d34153f5f50ed5da267ef81f27ff3656106f40ad799117ffb85ff8f05c4', 1, 2, NULL, '["*"]', 0, '2018-02-26 05:31:21', '2018-02-26 05:31:21', '2019-02-26 05:31:21'),
	('e586caa31b1ac5e68905adbf4a78645e0731d763ef1f2bda4ddd4fbf385ce56ef9f558ca1d35a072', 2, 2, NULL, '[]', 0, '2018-01-02 06:50:42', '2018-01-02 06:50:42', '2019-01-02 06:50:42'),
	('e656f050898ee2ec4fc0c6c962caa74a40ce0440b4b98affae33b7707e43f6e6406bb4f72f158354', 1, 2, NULL, '[]', 0, '2018-01-12 03:42:42', '2018-01-12 03:42:42', '2019-01-12 03:42:42'),
	('e65e9febb6f4121415dae08f056df13c512ed689313d08237925e71148ed7c8dae471ec3dfb9697e', 1, 2, NULL, '["*"]', 0, '2018-02-27 04:50:33', '2018-02-27 04:50:33', '2019-02-27 04:50:33'),
	('e7d410785244685efde3feac3f87e22bdb4b181427b9db0c4689d6015e02fc6723b3a79e429048e2', 1, 2, NULL, '["*"]', 0, '2018-02-26 03:47:07', '2018-02-26 03:47:07', '2019-02-26 03:47:07'),
	('efc8498f8822623596b3e6d99f66b697025f520943b3b8481548162c7024ade42e9ffbd74820a3c0', 1, 2, NULL, '["*"]', 0, '2018-02-26 08:45:53', '2018-02-26 08:45:53', '2019-02-26 08:45:53'),
	('f26fe5a5df0dba8d8db7483b70a6d79db4fee17d6057e4e671efde4d3d413b54fc1088e45d93e84a', 1, 2, NULL, '["*"]', 0, '2018-03-13 09:46:01', '2018-03-13 09:46:01', '2019-03-13 09:46:01'),
	('f2ecf16d9f46a1c957a331850e745b197ab64110b757ab416302973c69cc204bd405f50adaad7c5b', 1, 2, NULL, '["*"]', 0, '2018-03-30 03:31:02', '2018-03-30 03:31:02', '2019-03-30 03:31:02'),
	('f5a1b763e7071d351298b129e4fef9890ccf687d2a986be179afddd6cb5b16a9b754dddf5c4813ea', 1, 2, NULL, '["*"]', 0, '2018-02-26 05:05:09', '2018-02-26 05:05:09', '2019-02-26 05:05:09'),
	('f7ba77fe8a6b14cabb8cf9f4ff0d80f874c043783370e47df24f185422f8143b9cbdc3f31ac33646', 1, 2, NULL, '["*"]', 0, '2018-02-27 04:43:20', '2018-02-27 04:43:20', '2019-02-27 04:43:20'),
	('fb753c3f0182ddaaa6632ef981f680a7cb1bc0a79cce7e42867bf80df756f80ba91893528f20b09f', 3, 2, NULL, '[]', 0, '2018-01-05 04:12:19', '2018-01-05 04:12:19', '2019-01-05 04:12:19');
/*!40000 ALTER TABLE `oauth_access_tokens` ENABLE KEYS */;

-- Dumping structure for table tracker.oauth_auth_codes
DROP TABLE IF EXISTS `oauth_auth_codes`;
CREATE TABLE IF NOT EXISTS `oauth_auth_codes` (
  `id` varchar(100) COLLATE utf8mb4_unicode_ci NOT NULL,
  `user_id` int(11) NOT NULL,
  `client_id` int(11) NOT NULL,
  `scopes` text COLLATE utf8mb4_unicode_ci,
  `revoked` tinyint(1) NOT NULL,
  `expires_at` datetime DEFAULT NULL,
  PRIMARY KEY (`id`)
) ENGINE=InnoDB DEFAULT CHARSET=utf8mb4 COLLATE=utf8mb4_unicode_ci;

-- Dumping data for table tracker.oauth_auth_codes: ~0 rows (approximately)
DELETE FROM `oauth_auth_codes`;
/*!40000 ALTER TABLE `oauth_auth_codes` DISABLE KEYS */;
/*!40000 ALTER TABLE `oauth_auth_codes` ENABLE KEYS */;

-- Dumping structure for table tracker.oauth_clients
DROP TABLE IF EXISTS `oauth_clients`;
CREATE TABLE IF NOT EXISTS `oauth_clients` (
  `id` int(10) unsigned NOT NULL AUTO_INCREMENT,
  `user_id` int(11) DEFAULT NULL,
  `name` varchar(255) COLLATE utf8mb4_unicode_ci NOT NULL,
  `secret` varchar(100) COLLATE utf8mb4_unicode_ci NOT NULL,
  `redirect` text COLLATE utf8mb4_unicode_ci NOT NULL,
  `personal_access_client` tinyint(1) NOT NULL,
  `password_client` tinyint(1) NOT NULL,
  `revoked` tinyint(1) NOT NULL,
  `created_at` timestamp NULL DEFAULT NULL,
  `updated_at` timestamp NULL DEFAULT NULL,
  PRIMARY KEY (`id`),
  KEY `oauth_clients_user_id_index` (`user_id`)
) ENGINE=InnoDB AUTO_INCREMENT=3 DEFAULT CHARSET=utf8mb4 COLLATE=utf8mb4_unicode_ci;

-- Dumping data for table tracker.oauth_clients: ~2 rows (approximately)
DELETE FROM `oauth_clients`;
/*!40000 ALTER TABLE `oauth_clients` DISABLE KEYS */;
INSERT INTO `oauth_clients` (`id`, `user_id`, `name`, `secret`, `redirect`, `personal_access_client`, `password_client`, `revoked`, `created_at`, `updated_at`) VALUES
	(1, NULL, 'Laravel Personal Access Client', 'Wwi5wwiftEsBsU8gd07W3r1YBnFjEkCrkjxDEFSm', 'http://localhost', 1, 0, 0, '2017-12-27 02:05:25', '2017-12-27 02:05:25'),
	(2, NULL, 'Laravel Password Grant Client', 'D8d2UvaXaBe6ommOdVgnVpwPrtmiJPDQN5k6cBNJ', 'http://localhost', 0, 1, 0, '2017-12-27 02:05:25', '2017-12-27 02:05:25');
/*!40000 ALTER TABLE `oauth_clients` ENABLE KEYS */;

-- Dumping structure for table tracker.oauth_personal_access_clients
DROP TABLE IF EXISTS `oauth_personal_access_clients`;
CREATE TABLE IF NOT EXISTS `oauth_personal_access_clients` (
  `id` int(10) unsigned NOT NULL AUTO_INCREMENT,
  `client_id` int(11) NOT NULL,
  `created_at` timestamp NULL DEFAULT NULL,
  `updated_at` timestamp NULL DEFAULT NULL,
  PRIMARY KEY (`id`),
  KEY `oauth_personal_access_clients_client_id_index` (`client_id`)
) ENGINE=InnoDB AUTO_INCREMENT=2 DEFAULT CHARSET=utf8mb4 COLLATE=utf8mb4_unicode_ci;

-- Dumping data for table tracker.oauth_personal_access_clients: ~0 rows (approximately)
DELETE FROM `oauth_personal_access_clients`;
/*!40000 ALTER TABLE `oauth_personal_access_clients` DISABLE KEYS */;
INSERT INTO `oauth_personal_access_clients` (`id`, `client_id`, `created_at`, `updated_at`) VALUES
	(1, 1, '2017-12-27 02:05:25', '2017-12-27 02:05:25');
/*!40000 ALTER TABLE `oauth_personal_access_clients` ENABLE KEYS */;

-- Dumping structure for table tracker.oauth_refresh_tokens
DROP TABLE IF EXISTS `oauth_refresh_tokens`;
CREATE TABLE IF NOT EXISTS `oauth_refresh_tokens` (
  `id` varchar(100) COLLATE utf8mb4_unicode_ci NOT NULL,
  `access_token_id` varchar(100) COLLATE utf8mb4_unicode_ci NOT NULL,
  `revoked` tinyint(1) NOT NULL,
  `expires_at` datetime DEFAULT NULL,
  PRIMARY KEY (`id`),
  KEY `oauth_refresh_tokens_access_token_id_index` (`access_token_id`)
) ENGINE=InnoDB DEFAULT CHARSET=utf8mb4 COLLATE=utf8mb4_unicode_ci;

-- Dumping data for table tracker.oauth_refresh_tokens: ~145 rows (approximately)
DELETE FROM `oauth_refresh_tokens`;
/*!40000 ALTER TABLE `oauth_refresh_tokens` DISABLE KEYS */;
INSERT INTO `oauth_refresh_tokens` (`id`, `access_token_id`, `revoked`, `expires_at`) VALUES
	('007fa8077fc7e40cdb5a758d93500d63d4a924f1f533cf2995f8c93dac2c86064d8f102a7cb64bb3', '17c87d5bbd43d5c8007b0090b7fcc41061aa7d55833c66618452379b7fe97352ca35695956535ace', 0, '2019-02-26 05:09:49'),
	('01d6f7e74e80610ce176748dc42c90f237a5565bc0bb80be7ec2da002a2e7f26f69de79bea3eb764', 'd19b6cfc1fcc09430287ee4d6541f83def13b9e6c7fe2fe199f5a1ffd119f21c0a657a1053a8ce51', 0, '2019-01-12 03:34:56'),
	('03761c644ef9a67c1acc3b0cd5a9cb8eaeb7ebbb6e7102d5c9b080cbb3f3c1e5670e5826318363eb', 'daf058d56bc527bccc29e5121dd5df0d95a6c3da9478f7c9ffda3b815f32ef5aa509d75f8ac46431', 0, '2019-02-26 03:04:58'),
	('04c7610976e524d9897626c47b6888bd3304d73843dad0bd09569817f5128d1fb1f16695c6326f29', '95d29e9ee74782a24d6921a6be770e26b0e8d85ce91d98eff58bf965d045aae8b85cd18180ac0960', 0, '2019-02-26 05:02:43'),
	('05eb19bed9d1b8cf7a24a47affc9627e9dd835d04c570edd3c07cb10df5d5786fa320bfa04094ef9', '7ed38f58df7b1bb286f3b60298da9fb88e12c57f7c060e17c99b8fcd081e1b8de38f5e18d7f7a6f6', 0, '2019-03-29 09:51:07'),
	('0644b28b2e2365f26c937ebabe651422a6bc71163c45ce3436f33ca7431d3ed6291b9921cdd11246', 'cda54c38b2f80033de8ff64b1abd08d46238c513d5631e76184bded8dd79ecab294134ba3d9ba79e', 0, '2019-02-26 05:10:17'),
	('06c4d1cf65581ced3175e7cf4bef198cdc8a38198c60048a67af657d37edd0e660a5cc3e8718e1b1', '11eb68342398db653e550461fa78f945577ed49c5255727e599d339acc8e3eb831e302fccbf1b8d6', 0, '2019-03-13 09:13:18'),
	('0711862745023f056e71c9d218075a4bef62733f1bd069603014a6cfc4877db70794c5522290a927', 'd5e263d123c056c65603e9dbc2c3ad86805c89efb030b1146e795bc9ded01cfadee3776dfae4d6e8', 0, '2019-02-27 04:34:23'),
	('0895739faa97e3de77596611fe3dc9a207739e5dd3b4b4231df75f01e171d92487490c39a2d3def1', '4c33c7ceede1a0c4ec6c4c0208337a45e35cc8af09a9dd268bf2160df56600b877abd67e2c49fc82', 0, '2019-02-26 04:17:46'),
	('08bbd9ea79c1fede410faf8f929afafd1e014aa45828edb176232e26f21cc2373c94eb19e3434bce', '04b0071c508609cfc8918bc8cb4eb3336ef9d54af3d914934f6522635597c29081557643a8b4d88e', 0, '2019-02-26 04:13:31'),
	('09953f28b9af876a1febe18877df0eff6a9adfa8ffadb1c588a479f2c6e92521898afc541e5bfd5a', '66d54e68cadaa6da4b05ba5c13d5d1548a66d3604406713d9366dd89feda292ab33ef81bbf7a4bc5', 0, '2019-02-26 02:56:51'),
	('0a32bc7bf1e3c8b3b2691ced4caf4e0db3f4e9e6ea45b944d8e1023e613ece47261cf2acdf37171a', 'c0c8075cd34f2bb17b5752ba9b51a33b8094a1b6eeff52c466d8ec527c2520ed346c6d562bd0118b', 0, '2019-02-28 02:31:51'),
	('0acb3beba6c4747042ee3e79a14702e335c0636d93904d2ea563fde9b4b5c9c7d5427c1af0ecd7c1', '0cd974368fbdb9ca6efc29d90dda9a1100725364451b83349c5c9fc182ea2bad2e1793faf64dd699', 0, '2019-01-09 02:37:06'),
	('0d18247c2dce1d4c151053aff55f7650fa2f5853b4e86e4f68d1ebd47de55c2a527cc3c33796a53a', '09602976b0c291dfd4a3aedc72e15332a617726fe91aa29aa4456a3a6a425d4aa1d13c440e367538', 0, '2019-02-26 05:06:01'),
	('0e479fd4244549e3a55fa72a4ba1f4de512b8c60a8a1f6bcd73e3ff9379bc076e4da4009fd20551f', '7af07e130a8a3bcda5ec20cc2a80d47e1f76fe993b0d0da2fad0fee9dbaf0fd61af71449cab8946d', 0, '2019-01-05 07:45:09'),
	('100bd75c673c13fc5671daedd3ccd9cfd1d5c4a0fb6033a73dca67d2aaf28f551933b805c21bc4b3', 'f26fe5a5df0dba8d8db7483b70a6d79db4fee17d6057e4e671efde4d3d413b54fc1088e45d93e84a', 0, '2019-03-13 09:46:01'),
	('10467cc77fc1386f34ca6032fa1fa62a5c18e09e4e5fa35281360fab4c5b3ee74439c8f95bec4085', '9d57a831d2580792608b14f846ab2911c70472f6698198eacbd100d47dc5330b066098edb7a0f3bf', 0, '2019-01-05 01:38:44'),
	('108e7ff420609f441a6135ccf4028b12805780a567665b07d4bb111a26fb678a3a35ac0cae313f36', '6aff86c6474f2df6da0559c38194556c164420a14a2328eaea09e8baadfe40a8c92f5b373766ade5', 0, '2019-02-26 05:50:25'),
	('11106abc786c40761e3de7eea26a5b74b663412f07c485e0e5faded6844ae692d00b253a61a13cae', '6db083af2e6563d62888fe13c5056951c4edca5e11036ae0f8458f43c7f36713016314c1eb09c816', 0, '2018-12-27 08:11:16'),
	('14b36a007db5ec5011c273ac7cb2dab940b2fa3d97d922d6ff2300fb079e173546ed58ecfe88c023', '4c7954e1ab78cb61fb4fadbe99daec86c0d2cc46ea7a518c4deb4cbd2d289ff0ffe04a651008be81', 0, '2019-02-26 05:03:14'),
	('175a1cbafbae8787a0cdab754a92f268360aed76f3fcdf261b87aecaa70c467ae095ed6e9cd54634', '0815dfa01c6ed59ce5981a6f3b12a927f9f0b43df3902a017bb383e40910edc38bc0543fed8fb165', 0, '2019-02-26 07:15:45'),
	('1922cb5e4c8ecf437cf3c4e1642b0eb779ad06436da778c18cafe64b1e2c2a13dee273fcbeadba61', 'c98fda300f21d70f6d7ce6dc51859c4631f563824d7de09db135171184fea6eba35ee302cb43593b', 0, '2019-01-02 01:30:16'),
	('1c3dae0fff43d5205e5b3241af72a0c2094ccbe9a2d0ecc4984f1ff854fbf183c3c5351ab2b13f8c', '6b70e0398d8630e62701b344d2cf5ae08347f152a8bee731bc1d12448d64623bd75ef49c976c7653', 0, '2019-03-13 09:09:22'),
	('1ea2f5716432da491f3394c5a52532dced582b254758fec65d4bc8e5343b81d71bcc1a2b987cfca2', '319db679e466a472bb1371ccb233c1a5c22860bb121a19bdac9e638089ca8d46f1a141b6a7011f90', 0, '2019-02-28 02:27:21'),
	('20f8d40778cfdfd1a165629d542e3489494f1d338c95cd5545c49282169b7cdae56ef8d19b5654c1', 'a7d6f8adae336e95424d5542372cc7154fb979a41453dc7ebbe12faf2190f1ca6ca8804afe0f09ab', 0, '2019-02-26 05:29:29'),
	('2301b9ae3b76ed4d558170b3a8c23a8ef462d3e254846b27c9bcf8e6c49c6f7d206af6d0d2a86378', 'fb753c3f0182ddaaa6632ef981f680a7cb1bc0a79cce7e42867bf80df756f80ba91893528f20b09f', 0, '2019-01-05 04:12:19'),
	('256162f602966607bec7512b031ac9165dafa860b5fafe8baaf2fa5e58246088463a007cf93f9d0b', '8cc06eebf045e8ed3e63f8a6caaaa4e6999c22cfa3d83fb5cfc3811bf716d38301b4e8d29804ec5d', 0, '2019-01-12 03:54:26'),
	('264ddddd4317dfb46d89124f4d3ee6ec8434df92b3c1ddfee4586d3609fb88b4d44b872452671ebf', '6ef48e40aa094acf72bef2ac66abf65c23ff3fa2b51021f49b0a76346b3e4dd52d9e55b657b1bcc4', 0, '2019-02-27 04:52:10'),
	('26abdb251119df0d4c85965f6a8abf3aa3bf6814d88bc8129446718e370f21944334884720e68614', 'f2ecf16d9f46a1c957a331850e745b197ab64110b757ab416302973c69cc204bd405f50adaad7c5b', 0, '2019-03-30 03:31:02'),
	('27fa7cebcc5f6cb0d19cbfe57e36af493ae467b0985927120b268eb7a803a257a75211effacb5637', '035a23aa9c9ba62e6f7835528f0466f6f86f26676d1ec23207626ee36dea4a9c6fdabc993f5417d5', 0, '2019-02-26 01:49:50'),
	('2801acce0ebd37291c3512ebef8ee033dc6989f2c80d27f23ad0398ce382ffb5ce97b04d3b8b3cc8', '278d6506ac0ab86a80855188890b0db74579f009447cc914124ac5877eb5af0db352f7e9ea09864b', 0, '2019-02-27 03:00:02'),
	('28f9d5f7ccf06c015e686754b49eac15887e76d60592fc6b0a1351cb188e0de8222ecb2736481f07', 'd0c71dd51be07bb5e3ee28529d6a7182c90f0e3e2e90edd1452d0c1440d9880a439a7b639232c033', 0, '2019-01-12 03:29:39'),
	('2c9f33fe7c57800ccc61e74cfe5ec0cf6d4f2e1b065aa2183fa66775a9cb2362be9e8cd34d67ee18', '84ccbc51e4aedbc76d8cf05c9f44d87ef999293d988e04e5c9bcdc6e9864da47c420f0489aa5bce5', 0, '2019-02-26 05:26:33'),
	('30eb29fffd1883fc972ac29de5e7a0e4b6e181a3a8ed4e00182f3d95024afab464093ed964c329a9', 'cdf39628584cf1a40f0cb575fa4414da68b7b16e03a57d97836135bf812c369476fd98603d2c2163', 0, '2018-12-30 01:43:49'),
	('31ab2e91c37ebdcb9555757e083128743861efdca0cb3097a8de333b833013170456b44c2ca22eac', '83bf03579eac2ff0804514faf65e6855366797b52f25ccd55d1b38bb722d8ebb116be4489f7e7a24', 0, '2019-01-05 07:00:58'),
	('352cc7c4ae55654aa7da2c76b2d7fda5c0a4e7031a1230c2056c021c8f268bc79d2f0e221353abc6', 'd664768afbff10a6b5560a91a6d7c45e30640b6fbaa37d50350266ef4c18deb61fff48ea35085971', 0, '2018-12-28 08:35:00'),
	('357554e3a1eca9e483ba203b7e355467a1c4ce15b7b5188e322a1153ed11f1cf846f9533fd19044d', '4e73bf274b6df1e4058854da48c0436b1ae1bb29a5b0ea2efb10aa52e88e7149448f3baed12a68d1', 0, '2019-02-26 05:54:23'),
	('36ee866b8bdee7734d58055541e6fc9aff6a9eac93998b0306542cbdd6f0c1ada19975ba1dec367e', '5076497b9d0bbe21198f390920e3ccf55087f767f867d25be81b6f46fde37c3d934bd4d1177ed19d', 0, '2018-12-29 07:45:35'),
	('3709fce142b04ae86efc8569c3d303e42232d66d7c51adc4b3036d8cf7222e9803070afb69f14464', '57ebe86144cc93611062fab0170657156412baa362761392e43b46c6b89e7d78aa9783d2050e8e8a', 0, '2019-02-27 04:44:03'),
	('376445ee5b387da3915d7ae7e6a449c3e3a8514a03ba1debda0cfd2b7df7b1b4f855d47925dc7aa1', 'ad987d25c4db301e3518e4b1c23289d644a588036a43f08577309763f2088694e3bf7ab11b877daa', 0, '2019-01-02 04:57:09'),
	('3941718d8017787fd53bcd0b4d65ddba55a3cd62a254a8443fb68bb29d0c9241f2e651d15fc3e946', 'a7467150d2a4227c5bb25edc2c577e99f42dc612137eecac40bf9790d8179832dfc8575e13441009', 0, '2019-01-02 04:49:03'),
	('3a6ae6cf994999f03284092e3da34b3f7354a96c1502dda4dfa6cf5ff15ca975af6f8ab94590eb9b', '358d55827ac83102fe8d7bd3aeceddffdd9a8b0f89b6f388fb600166208d0d933e0c2e56133f7d7c', 0, '2019-02-26 05:59:05'),
	('3b10729886e9e9a6712e9a76e940032ca67eb64ecb71b38dce9b9e6b8655ca3e98170b293addd62c', '13c098681ac1c6fb31dff708152ca721336e4a9aa55c80e76b4add6e011a0a7e72559cb9b308d1a8', 0, '2019-01-12 03:49:26'),
	('3b6538ef98e4a8a10e65c99f2df1ba02f80232acd71f31c8816866c87b12cbd02d602a38c50f59eb', '11e8e825df16af0e211a1682c625e775ee0c644c1ef399b24c539d39fb72944db889d50f9e50b361', 0, '2018-12-27 08:16:50'),
	('3c27cf5edf70ffa26f3f499e044b1d44f8583549e938919d26f9b891c2078e0d735cb0071c240225', '0dceaf323022e9b95739878d471f3b5c69dbd4d92f84ad0a08464b01b494fd2d4fda0ad90ae021ff', 0, '2019-02-26 06:43:40'),
	('3e39202d7049af7584128b30659745e48f83f1f6f0949d262bf73b9524331c41dc19d0a63391bd75', 'cc99ad7d53bb37029412cfa05ff2b2bac58621a6b1f73c9b6e6264c1f7a33fba6bb062da0dc38736', 0, '2019-01-12 03:44:45'),
	('3f606fcad3480ce6790a869a50662a9ba050c8d4d68c585b5a86f93e5c2a2d30b67cf1a5fc45fe6e', 'd6a27c2ba6185a0dbb39bd55967b342a142645b5909fe2e1927ac8ce317430a84994694ef0bb29c9', 0, '2019-01-02 05:25:26'),
	('3f96d40e9f0510f2887112fe4130725da147e918b94eadeb47bf04dfbdabcdec7a029d052b9d8d60', 'cd84654bbc741ee90b269c9cbd36043506c40d9f714dc1fd9b7042f91f728f5705503c3f74c8d88b', 0, '2019-03-13 08:59:00'),
	('4127390e6a921d53e2686ec15908400d47d64cc04c60813b9169dd5a110bd7e7a1142decf0f9f89a', '2e64cd5c2894da6e61ff7f7af65c90b3f7551b9bb7df6476c075f8306b1e975e722c182844c39e30', 0, '2019-02-26 06:50:56'),
	('450f2b4fee861ef5bb02447e01c89231e86233442e55171c35e75b25ff0d2ab077ca3489009b3b18', 'cdb0198ae0965d298878948580e8f105d0809bc803deb02199eba9c5b722eaf23f353597773a6c3f', 0, '2019-02-26 05:56:16'),
	('48e81ca5e44a288691b64b6ab4115b3518c2449ed79671cea24c80f1064b80f560d16371b46c2c8f', '1395d69896c911e52155bb2ed938e0f87261d8c92db1dd5281e8b668307c3cc4ff6b2b3923d96ecc', 0, '2018-12-27 08:14:27'),
	('4c265dfbc0d8175d81bfe9fc0001b7603aa2fa007d04db20223bd24ee0f2f809b1d4c36caf4f5a75', '7a57437cf2e5b43b0c6238273fd0c0e7246e104a4b30743693ec3b52750332cb57852a2d9cc6d440', 0, '2019-01-03 02:17:19'),
	('4c74c41656f5eb3523fbb69e5f6f875dfcd9b6d42bfbeb4bbece7dab917346e399f48cdb170136b6', '734506ef6a089fd0e9a883b19b69257ad0d5f1596b67c4067e3db45c245c68a8fcf728fa94a38776', 0, '2019-02-26 05:15:25'),
	('4e4acb4672961e3543a55068794b44f24596df8135a299707cc2f48c2ccd753cd3bc8c9840714331', '317d846033393fb79c91e258469e3be9253b2380878867e32edd21c5c8ff692e6d202f36c27d67cf', 0, '2019-02-26 03:52:15'),
	('4fddf5a408bb61428a81ccec923c9f5e6d375c436d2eae39c99d641ac3fc88f69b1969f1c9f8dfda', 'c1383469ecc4457a404d78885bba77a90cb1a57cf8a1ac40892c6e7de92e53f44a3a9a59d09824be', 0, '2019-02-26 05:34:42'),
	('5034f1f8068b4c3657dfa7d0e0e365effa923f850e062cc20307f8a6741b94c69f4bbd4fc780f469', '7a6c76f4bcdbcb4f85fbc011a16cd9c73e951bdb510e5bd7e44a3bc91b26a76383132cba89fcf20a', 0, '2019-01-12 03:45:29'),
	('510884cb72e8bdacfbf76de7c35fb63c1dcff5d767270ad8dff833c8283bf5d3b62b1dbf7dc6add7', '38508c6db18eb4d832fe716e13b9a5b9eaa413c3cf75d85f4e3df2a245aa40a39c2b289ae3284bc3', 0, '2018-12-27 03:22:01'),
	('526eca6fc08aea8706bcae4a62c13f2fa58a727453aebfbda715e467061fd481ccfcc23680340523', 'd692b523626b5afdd2bc1beb476a7614f34df1abcb7f52e04149a56d2bba23d7d38cf783564b2cb5', 0, '2018-12-29 10:14:04'),
	('53128383a5307ef5d246b4f0e9ac15683209c0616636c54e5ac7ece666ca2e9a96b24630058d226e', 'c74f987e499768935a80f35248404e575aba2c74e857e7c3259e97d0cdf8cdf50622d499298bbecf', 0, '2019-02-26 07:14:09'),
	('541e08711264d4a35015289846474adda58d4f2ae389e9fd9754d3bd01571bb6a642d3408177745c', '624641f677fe82b3a856688c81940433289f7bfb20b87c7426469474ac73815cd2b92ede91b7f26c', 0, '2019-03-13 09:03:25'),
	('5b26f7feed6f2ab7a5ab3b26fbd5640a99f4659c009d4228fe1fc254756d120a9ad5867deb9c171a', 'e49493d857b7bbeee6771d34153f5f50ed5da267ef81f27ff3656106f40ad799117ffb85ff8f05c4', 0, '2019-02-26 05:31:21'),
	('5e3e0ee15519a77ff06ea20007ca293547fde158c02cb8c028a9338ddeb9e770d0d4a61d6445c592', 'b30935177188d742a5be629c190d78c89afeb9b6d6b4015610265bd826091d52b6d0a1816d341007', 0, '2019-01-05 04:04:36'),
	('5ed6eaaec861ce2c8f6aa327dd9572c6f7c940bfec50a84c8f95a10bc6224fcb56756cac41265e43', '2c603d5323904cf37c4f09fcfeb1b50f33b61bb129114c726cbd77f4ac7c4ce3e66e54d383bda1e0', 0, '2019-02-26 05:30:57'),
	('611524d43899d283aef75804bf15fefac9077b6a7f599b739367a0ec80a23ef09a59657b0a3f5282', '8f41be4ae4e998410c158b725993973c19c814b6b0003e5c7908e51d1081f636f6642cadda15b6ff', 0, '2018-12-28 10:08:56'),
	('6523be121f39aa406d8e0a9ff57102d650501d6d49f8227c0584a13c21946e26b3a4d796a641f1a7', '0dde90587c721163577fb3ee9bf8cf70ea47a33932628d122a1e3d7ec402980b57ef5c962ec82a51', 0, '2019-02-26 03:33:35'),
	('65d49a874d8c5024d4aa346e126801a9c928a98a685a13cb2431a293df329a0651849128163ca088', '4e072b0c22d8c5905f14838a2261ea29418f69f5bdbb9924f7c82232deb9eae400cf938eb52aa6a1', 0, '2019-02-26 05:32:28'),
	('65f2c104212424b842e419fc70ada2d41eaa5a1e5f241c73cf2b856c3017a5c540739e6c8fdd915d', '14d20f553e187ef75a8cb43e746b71e24bf507c44f8c9e23babc361e35b936aba34ed816b0f19eca', 0, '2019-01-10 08:10:57'),
	('673ba930831b5dd2e494eef26f57e54bc6011f4d2f908d3029831bee7eba18880668f1833000ee31', 'b2f0e4dde69426a5305cb43a34e049e7ce0655b6356d6d65bccf025ca4177f80f27918440a216b5c', 0, '2019-02-27 04:47:55'),
	('68c2edf827eb7ee703f2512ac14f6e54157311718ef6339b7ccdc89d8a121f3876b30596ac0e0af2', '4d14629ec9c7c4b9d405b4e4f4a94120e3a446e852312b936b40487eb55d0040410ed89c437bee8b', 0, '2019-01-08 03:56:12'),
	('6da0537a5b82a4a18ba2a803e96b614f52f09b3f39d18e81b4b06e1c35314cdf71d0a67900a92b67', 'd6a17df50cfde1901e48b943125813f3d3ada229073a87d9384ac8e3f8e229aeb7eaab66b3fdd5d3', 0, '2019-01-03 01:36:38'),
	('6e3849f8f66d2f9918c2ce6c5e628e9a250e7292087c8c64cfbf32a884a79375e74227e5af44f063', '4aa8e4bf24a030ae80a61e3dac26275aa3e4b43f3e22b9577326eeb1e20842e39d4347d2f9cd5150', 0, '2019-01-05 04:53:56'),
	('6e7f8f2807a3592b2a10c9375235dda55b5e65222dba571627ec7d508be106146360ec78bcea0c15', 'e136e02a0646d2dffee0eadf20ff6288476ab9cef7e2ff1e4b8ae1fe4e014f784c853c9a74ad0305', 0, '2018-12-29 07:46:34'),
	('6eb3bf4c6039fc7178eee7236f8869a2fbf3ce9e6328f1636643e30a78c6b6286b812391b75a3a33', '822321a6f85bc0a198304ef8bbc6232b110ca6377a0fa0f4b7feaa69b225ae31e78d40f642fc52a6', 0, '2019-02-27 04:38:24'),
	('71d8266cb7cebd32bc3ac9a5b663d5790d9e0c07098af89d07d55f3c5851771da8e9b50c50834e0b', '586993b0ae74b12144950b12fd9f82f91c833e21c16de8687f694621a2073ddf3e0231ce27dbe9e7', 0, '2019-02-26 05:44:02'),
	('72ed26137538d423aca3158240b5b54eb63f1ce61aa57fbe8ee907833dbb091ecbe4f9a28eb2ae9b', '30d645693b7572c71dc9ed6f01bb75410bf0da900ef6885b83ad11a3056c5f3d73146b8f9ea4cecb', 0, '2019-03-13 09:11:38'),
	('7464e734cd70b62d979643f5a592843b585b31c7415f06cfbbc21953bd40fce38cbbc19a37b06f12', 'ba983729d2b466ca745fe955a3cee9ea620260db8175033d5474ba4fe1bd9119ebd66d811d165fc3', 0, '2019-02-26 07:28:26'),
	('790d95d22639830f0141ed11b3c893d8cfcf951f9a7fa1fecc81fce4e11b81ebe45507ffefeb0cb9', '09cc54621a627e42c3cbb7b636471a5ade6125eafcfecbd0c989f52bdadc25c0841b44c1406e0d8f', 0, '2018-12-27 08:13:17'),
	('7923b7b3c4a5effde680816511dcd9e623bfa30eb3effaa48c12160095dd76670e7acfaec1c606a5', '4e5d8c8970c1094a2737ec79789dfb9f554109edf8793911b17753883489f27f4a276bebde03e0b4', 0, '2019-02-27 04:51:18'),
	('79dbd2925a9808cb6db364c2c1cc870d4ec18b3dc22cd0074a3c47500abe0f81d47df5842b25cf01', '0771798c48d110342a9eb1db0c9eb9601d7f1e04e85d5bd2dfc94928c18e7d7c6ce7a236c46b5589', 0, '2019-02-27 04:23:47'),
	('7a7919950d7175e6c5dae628503815055c3888ede121a281ac8f252f214e7679c9f6000d63827fa9', 'c3910d202894c0f82353bbc3d37d49c8fe8d4bb84ca1c885bbabcab80366489db8d57a4f9ce331bd', 0, '2019-02-26 01:52:25'),
	('7b8c21f287892a92869eb305445a6900eea03d4636b3519091a55f45a44bbc7b5cc09bfb3fcb7a2a', '53e163452ed4cc35f7ef5eeee7d423f3374ea8eb45e8423da44bc0a8e0691df589b820733132c385', 0, '2019-02-26 05:06:40'),
	('7cc1fb39f12c84b7e05ae766645e0d92e6804d29fcda91338dcb1d70c4fa783ae26e037097560f5d', '55ceca799913762e7b94e8bb5ce2a778cf12048c0393b1b27b5e01cf688cb0fd3e6c47ae5bae3efb', 0, '2019-02-26 08:25:15'),
	('7cc8bb4646d47428ab3c83c366acd7ddf1931e9f0973cf93e6afacb2b8414a4e78ccb2895d00a758', '9f5cdf4b04f7aa81ef5b28d168be11160dc131b901125349b0eb9a9e3615f3f950ba87235e2f63c6', 0, '2019-02-26 07:05:39'),
	('7d112acbe9035a77163d9f0801358e8bfc5ec0bb798eb81661f7e6493c2f0e83fe5baeec0beb2c08', 'e65e9febb6f4121415dae08f056df13c512ed689313d08237925e71148ed7c8dae471ec3dfb9697e', 0, '2019-02-27 04:50:33'),
	('7ef1f72916799094a0edef274ea8518a5b86ef5cdfbd2863474e9a5bcd82e30412cf8a58ca740a7a', '086c7ec015edff709a901fb8915d7259f488359f38242d1b4e47c8162d95a010380b3e90ce7f058d', 0, '2018-12-28 02:41:03'),
	('806edc43d011569504913e3d3ca1d2ec67642ec39fe3ec95f173f648361e6ae0235e0868afe8ff63', '4d5e39b4d0e85d01f4a5333980af7fdce04f8fb8294c6a481b573bf94fd85e1d86bd6bf93675e04c', 0, '2019-02-26 05:20:58'),
	('81ddf34f41b2f6e2ae5201884bde895d4e7324db6a17234ef4e7222cbd175aaa64274b58811493cb', 'e3ed2d0adbf272248b0dad5cc67bb5e6b7953750c3b8f95293b9a5d67dfffb55be961c15282e259f', 0, '2019-02-27 04:39:59'),
	('82d19d412ad0a0f9815b363cf321020a1d5c8c5838f6e9c6d15fd67ce2b71f7b67db05fe094e4d77', '5ef92468877cb3941c3ca5a0448534da78bfc3c9c92c8de37e5f3c44cf4afdcc5b590c43a4fd83e5', 0, '2019-02-28 02:33:04'),
	('8354e1c5bd5bbc6ef69dce592c3e2fdbb75fc3d532e30dec0f858863ba5c5c8a3fca36bf98dd58a9', '2b76318662c5942aeb893501e7ca4321914db4e0f8e8c7f1a9c3090e3056bd649370a677f599071e', 0, '2019-02-26 03:41:56'),
	('86d9f21d59b4012802628c466802b60a5965244d31e4c1a4ee550102001fea2cda9579eac9fde187', 'd236fa9a87884bb265c040fc999e3d8560b63bfa4f855c8d6655a8db912df5776c5d5541734e583b', 0, '2019-02-26 04:02:08'),
	('879fe030804179af6550f69209c19803d2eb9f0f25205fa021986373a4ffce6682cd6bcc3ef2600b', '136fb3cf3e825b1642e8ba986d6c0cca5b8194aeba55b30056e3ff42c749b79a0fe00fad8b8e65cc', 0, '2019-02-26 04:18:09'),
	('8911b23beaafab1dc3a5f90785e9fba059f3cb9fbba9c488c4926e2c2028e16c1ab90d6a12349421', '0e947ca7551663ff3166764f590e7fc1756a4406ac32ab8e0e3f9d341f02d8d52f1392af80443e7c', 0, '2018-12-27 08:15:28'),
	('89565d0bd98d014183a5976e6804ae5ded3fbc271cc1cf77f5ca74c2c2d65d1557a2b1365b2b0488', '74a632f2c1b8dc0423055a434335efcffbe38a2a257431cab21cf6254998b07588adf3cedd823deb', 0, '2018-12-27 08:03:03'),
	('8b0da6e99c20b630bed0d21a4facf0a7d3b2d8afb126a8520e87bb285444c46c61cadb561b47acb7', 'd64ce31502d0550d93710ab1b388a1d85bf15f3ec9f5f541ff4a2164f1df2a30b94320cc25178e33', 0, '2019-02-27 04:52:37'),
	('8ea81e2674905703125a74989c6b2dda5fadaf4ec0024b2149228369c6974349687e35e8f440352a', 'c66bba6866c9a0053d023d7aeda65c2cb22388441d517dc6354632ba5976eadcdb6dc86e7b5b6088', 0, '2018-12-27 08:35:22'),
	('8f0edcb2b6c5cbf1c8f660fa8b5a48d7b934b2087b1d08f9ee9babfd382ced5764132d1494749fdd', 'ddf450a9968a5d89d538814e004d4ac88c5a4b83a388a0359c9ff3e9c88a85edfd790f87f906aa10', 0, '2019-03-13 09:00:13'),
	('8fb0ed7cdc5c758534af7b9d61044b135ca80cd8a184786a4e11bac6de8b148942074b916ee86117', '10f66d215591ce07111a31440f8115a4993addcbffefaecf636ea34f9921d8cb1a2f3257972985d3', 0, '2019-03-17 04:30:27'),
	('9051c2e955cf9377aa870b2a32eecde3de5c47d60056218137673374369f99a451a318f3e3512f92', '562ca527d772e3fd1034207f9f19deab272ee700791083f52acfa130f94ec4d3cc8c2434dce66ccc', 0, '2019-01-05 01:41:19'),
	('969e2af672dc0ac4b3029773594899b0db5a69abde219bc31e35cc9aed50fdb92d8fbd0ae636cab9', '63df25ff2537f9d0774a15d16b796ef406a51c5e1dfaaaf6bb662554054e65dc105d836f3e56cbe1', 0, '2019-02-26 05:07:49'),
	('99aa7a8a512dfdd4313be63adce78990650aec65783e10029cfc8b2b5ab36a472483cf2400ebc05b', 'cd2c76b298e6c3021e904a1529bf02387d1f70c87f253f48f80ecc8371bc633d305377b1eab30a3c', 0, '2019-02-26 03:57:37'),
	('9a645f21a57e40d2eaa834bfa3a9f2133a779ea4e6b9419f06adeaf6f13d2e8c8b5ffcb2ae22e88c', 'd7d46f21767ac4223b1a62567966db2b04cb834af61137ea15976102be43ca13f89bc23ee3e144a6', 0, '2019-02-26 03:09:07'),
	('9a7b3de917d2c864254c52fa9f4918419a82280a6cf74a69156a93214c74812cd481106144b73899', '326dd1cc31c6da339403a979bf6c6e7d7bbc7d6cffb52a9c76c27c1e701810da1d243815b7b8ba3e', 0, '2019-03-17 04:37:17'),
	('9a8b7987a8af90bf31aa78beb71b386a506f68cfdd79789316babd55ed1432b6a6c0533dd5e5cf91', '2b39350f6507266eb5bc1356027e40a2eba68143cdfa83dfd6c1ecd59e46c69378d1fd09eba92b03', 0, '2019-02-27 04:17:52'),
	('9dab8fdcae9d11d3c92bae0406443747a7a796457e8275744d52fcc15f210dc1dc506344be4202cc', '5fac296c986b10b4ccf08bdf465124bf7dbbcfa7bba5b2de856beab4c1a8bf3d45375ef1f0f9d9f9', 0, '2018-12-29 03:18:10'),
	('9decccffab4e6b32927a1d03dcf4b275b7b21de839b5d57ea1ad3ffd1098af06d4e3ca5dcd84cf45', '921b39ce1bd1d963446d64f0a251f7e456a76bde813b17aa5acbbbdcb794b6653648267506d053d3', 0, '2019-01-12 03:59:44'),
	('9fa73196c442203efef7de370af7666ebeb51af23166a4c31de01abfbf59c7f15fa8faae0364410f', '5e126c5631735a2f793300ec2de259873bf200141f3c0744ff3f094221f1a2d64ba4d6c292a90b3c', 0, '2019-03-13 09:05:21'),
	('a2a91992332807d1600d89683cc2db9ec469dcabd2309829758a16c392dc667d454d2cf55daebddb', '6d5932238a3f1e141c79105159582dc2514e218e72fcc0070030ad2e7cc303559977c047ef1611cf', 0, '2018-12-27 08:30:15'),
	('a2e1bd1b6c08b646acbf7b5bccf292f8530a39a9f536d9ef836d5004f3e0574bc883573b69b32291', '21b8ba1705b6a1da83a585629c64ee5517d0e6f4ffc75d01f5697f4ad40d45285c27699a300479fa', 0, '2019-02-26 01:49:21'),
	('a37454ba3ebcb892c82b03df891fc89425651f1db9927fc323a2f8d7f2bf71cfdb0174372ff6b96d', '7679e7d284413bac36c412b31379a1b97518b2ae6ab0edf774f4c1d43d70f076c448962253d7040b', 0, '2019-01-05 01:17:17'),
	('a81be4c83b79798557fbb64db1401be3ecda18b438e05f1cbe1f2f6948c509a9ace96afa70747691', 'a409f5811e6839a3107ee3eb0c37e7832e1e23e503733921060792e069fcaeaf417aab4580553e9f', 0, '2019-02-28 03:22:52'),
	('a94771e1195b7c7c45f59c03a0cac4533073f5871a8cd14bae63104e9e13ad77cb4eb40187ca9bc5', '1d834b8ce742d79d1008db6b0ee52aac8728218cee7c2e008aa12ae44c20d1b7a8b1a6eb33eddda7', 0, '2019-03-13 09:02:17'),
	('a9f5b193aa5ddb7a65186940f5db9a97d4e626bf32d4f39c0e8cd1f0d036b0cff7ccf6948fadcb88', '1b994b6adcd6353cf0c8a7d785f03858a26af6df2454bb174f76578fb2e743d7e6d27626fb932cfe', 0, '2019-02-28 02:27:52'),
	('ab729a38f52493f73f0103d6d861789b77217243e575462dd3f9a2450edc627e2b61279256445050', '60fe2ac29380c25836f06c01b5c574c9292bd0d037493e8f0ed544e400d6342ef1086e9cd0cdd45b', 0, '2019-02-26 04:58:14'),
	('b19e34fb8aeb7d3fe91cdb9abc650f756ca5ca7bd7855da6cb90d9fe40a05005f7f850c52048cb93', '8d69926ed02bd3400b32b062d2f7b7ae50a66c65f9ceafe6edc32c864b1666ba5811fc72c989ca1c', 0, '2019-02-26 07:17:33'),
	('b23208d7f4f5951c3e926b899a3948ca0b8542179a7508bcbb6717aab0d49e8e9b98e302dd8b5d3d', '43b82047b4907181bdc1444f86473934a9c22b8b41bc35cf2423f45ffecf37859d65b74a13523a8a', 0, '2019-01-12 03:59:20'),
	('b67285b64c1338363d7b96087e4b31166decaf603a1c707cf30c9daed73dc7a2b9d1734d2925017d', 'f5a1b763e7071d351298b129e4fef9890ccf687d2a986be179afddd6cb5b16a9b754dddf5c4813ea', 0, '2019-02-26 05:05:09'),
	('b8d8340d07f5649d251914ae503f3921479cfd5f71e15e9e640ffa95c351000128b36a2f08de6dcd', '615a01869dec35bd82f60967a459038e652916749ff041f0df093fee22f1c5904ac34a68a331c359', 0, '2019-02-26 03:55:30'),
	('b9cc0c45d2d57ee6c90a2ab304a1c9df21d4ff5ac83364ea2584e3e17bfb741b83ec8475f68795bf', '7d0ad0ddf0c7b7aa7ea825e003f89b4fc8c616734a1ae1247884bfae85ae7e22c1bdc6a52e586104', 0, '2019-01-08 01:23:05'),
	('ba10692729afc1ef74ed5109a7d85d3d9429826aaf723f47980e5e416fc7d700814a9770f30afbb3', '1dcdc9a534b5fce24c8276e93fad6be3db03994a0b13b46913d2caf3fa282a5eba563ab8da781a5d', 0, '2019-02-28 03:13:45'),
	('bcd2c29ce77a33a741458ae7072988514be407a85d22770bc392ededff6bfe466babedf15ab7b2ce', '9fdde566e0ef550eeae605c4a822f3e47e1524463c909fee45b1a1c0b22edcc2585dc36a3ed6a322', 0, '2019-02-26 03:17:17'),
	('be6c53ec83ea8fc52a1b969fe61a3a4810042e126c4fe6dedb07fd622c39ee8553ca9d8d28863e08', '03843ef1abdd641f3dfdca5b7225170209171cd44996a1879bf26e78887b00c7bef48ab17b231224', 0, '2019-02-26 03:51:27'),
	('bfe8b4c7bc6631087ba6efcc1639162e696eb44b1dbfa2c1069456808c37275cac8cd2b014c3e724', '97df9e672390501249651f6d4fd70170eb1e5d5b806196ae83add5a0670a1eb1d8db6e74f67015c8', 0, '2019-02-26 05:46:21'),
	('c0c7c751b1865e74cff8ca13974dd1d89c280c9e875719a46f98375e113038eade37f47c35d1cc01', 'a69ef973bf47f1a7f561925ff06e23c36210cb438fa82fe0520740316367a2cbb05fa9e31f6fa8e4', 0, '2018-12-30 01:47:38'),
	('c67601cd48af8c52c7865f48a91c8525777f19104f58479f279cbba9228f749cc8ac20a17bf99919', '7f95d41f0e6616254c560c88b2f852b775c86cfc5fb6839537b27c529e7e926f74aa54157022e5ee', 0, '2019-01-12 03:19:07'),
	('ca5f8ce2b10f75cd28dcc4a82f7389faa7f5f9da7486d7794de709d10c43f0992c811df50a1c33a0', '7f5a91962872378d39c5105c762d27ccf40bd90f42ce2e9c462b0b34dd67bbae1dc2960ef2664cef', 0, '2019-02-26 03:04:25'),
	('cb95df6b3ebbf5d7fc10ba51512d22c3f48c9a941eab1101dd8fabbb0ec5c39f597c3dbf1c754640', '3be8db74344124d87aea2a358fddfb5d1744f3861efc0ab93763b91518666fb2ee05b290108c6862', 0, '2019-02-27 04:40:41'),
	('ce08dfd30d3d175e690f3b15d67946edc45bacbfbc8997f59f145e276fc88661148b373f9406f314', 'e586caa31b1ac5e68905adbf4a78645e0731d763ef1f2bda4ddd4fbf385ce56ef9f558ca1d35a072', 0, '2019-01-02 06:50:42'),
	('cee585b3221378d5a31b3079853c84caf076767943b4a5b669d7285a12b2248b0b594e56548637fc', '01427078813d454eb9ef8b915f4ab851569f53ad2725cd11b5eec8ec50e82d8a1136010161cc6cfb', 0, '2018-12-27 08:17:57'),
	('cf766ed2f257271394017aa86ee7cc1268ce27857ee57302942525ece19a8fd211cb28091e079d20', '8c63aa8edd04e0427e8c432c5bbee4b486e3f776cf5993ef40412d479a2dff59b1c6afedd6eced18', 0, '2019-02-26 01:50:45'),
	('cfa50004fc675826e8d05e58088ca2e8d9beb758cd9e5c21458474282d5ccd508a4c488afded3cce', 'c04ff54b9815e70d639468cd1b9cc81869ffdddb95fc1b8c8a47ab5227686018b94c2864e4b61a84', 0, '2018-12-27 08:13:47'),
	('d1a36cc373607fa4e712ccc016d20d2dfcfb2734a4cf630a6af0c9451d606e1fc3102b46ca32e4e1', '74d48708bd64723d405bc05c0bfdd4a7ae6b69c127bda718f8055bc3a368d94cc569e304bae1b28f', 0, '2019-02-28 02:23:26'),
	('d20dd931d7765ffb8e15466688b83a711a4c8e21185275381903be1fe6f63defa64db3771d820c53', '2d8f117305bde11a07c8d8635551e528d7447959d635c75d36c427e12d82f563fc67040c159ea847', 0, '2019-02-28 02:51:39'),
	('d7f1c72f28a89caf41498149de0fc6fdfde301ae50b51b97ff1c845fb18f15f4749c034ad403dfb1', 'c67f44ece946c72ee8e3524f185da6d2e3e965cec1eefabfaa6b0106e137ba5ae19ce559a6d18016', 0, '2018-12-29 07:46:04'),
	('d915e7233645c784d044b2c2f15e87d4d47eb8c717a6b2f4e4d70cac99fbbb82560cf8b5077e1e78', '824816e1902988e0958cc0a4158a254795bbc753c4cf76ade53ad2bcfaeef27e3f72846152b6fc7b', 0, '2019-02-26 04:12:24'),
	('d9fa7e5abc26580af0a32c0958357a1d2966dc465cd8b762d28504d24a2404df76cf2caf6ed3195a', '0a555f508bd909d196390654e38f652e40842686f91088ba74889fc4a751cf02aff058c51218f34e', 0, '2019-02-26 09:35:56'),
	('db64fee96af9965eced7601812c439cc9861626c0aae032d628c83a03ec8b8d287a4963903d6b988', 'e7d410785244685efde3feac3f87e22bdb4b181427b9db0c4689d6015e02fc6723b3a79e429048e2', 0, '2019-02-26 03:47:07'),
	('ddc28c25b9e4cee05dd348642a9238cbf2754b26fd0b7b71e6f8def93434eccb6ab77979bb5b64b0', '08ac45cf0875487ce4a6650cf32de7bbe162bfb9d7566a3f6c491607f40015d15b35685a97d7aa8e', 0, '2019-02-28 02:44:23'),
	('deaa0ec53243383adb2d818dbca76b6b8fcd481c7bd0b6608e2a1c876dcb8756fe56bb4037c86436', '608f2119f6aeb085f27b160f684c0816150cc434586e87c8a63c8c17e30bd1bd00320b901336b34b', 0, '2019-03-13 08:59:50'),
	('e03b5f8b67d396a5fa3fe0d3a68e88bfae0cd5f39b6691aeae666512a2fea2f13bcf848394dc36a4', '22db73bc65b2655a3456e03bbaeaa0aab11f6e7019bef3e9cec65d2fa0ae816e079ba0c95615ea99', 0, '2019-03-13 08:51:19'),
	('e11dea1bfaf6b063e2006960faf22940798d95111200c387ffce0e7369ae5286e9a3a5d41711b39b', '2545ba4ffc215154c9747bfdc4686b62d71640870efd2e40c343e1636b6dcbfc23631d648e01ad6f', 0, '2019-03-30 03:26:54'),
	('e1501539398e5b2502f4ce141ee723a0fc0acc8ad7293ad186db1e12edac5d9c7dafc3d3e05165fb', 'efc8498f8822623596b3e6d99f66b697025f520943b3b8481548162c7024ade42e9ffbd74820a3c0', 0, '2019-02-26 08:45:53'),
	('e155929157922820c5b06979e68327edb636002dd4ceb3d43a8622d5fab4d0d026cf2c128827a94d', '8c5aec42b1dd8fd3b941f93a188360a63b45e8f1de2c755328e5ba7a7af792ba70ae33b046eeb2e3', 0, '2019-01-12 03:52:15'),
	('e1bbefcacb3c296dce4fe824dafc2a2125064ca397d9c5006938ba660f4455da30743f9b7da4dd6d', 'f7ba77fe8a6b14cabb8cf9f4ff0d80f874c043783370e47df24f185422f8143b9cbdc3f31ac33646', 0, '2019-02-27 04:43:20'),
	('e2aab2d762e11d7a592a1533cd418cefd5500cfe848659c0b951f2ca7bc95c9737ce09cba8f69c3d', '68c3a1c49652ddfad20bf89c2db667430b80422b52aa1e373f4014b52a080e8db560554d72a199e7', 0, '2019-01-12 03:21:27'),
	('e3df67961eeb2f2fa497edd30bc2fc04e4b2cee8eab2d847bad077db15a8341f7e1c343d6e431450', 'b43e162cb9af840e1f8e943d2d3ea0981991056c30bf8b89d9859fe0122b66a175eec35d77784f36', 0, '2018-12-30 01:45:11'),
	('e64b867b88bc1071b4bd623b37d08a675ba1136ae55479528f0faacacbb85f495cf2db53ef3cab4a', '117ad66a50d7ab66a96efd1304b52358755caf63314ee34180c64c85af84cd7b18f5785d63048b7d', 0, '2018-12-27 02:05:48'),
	('e7634b8ce1b091c6cbf4276df384a45f45a5e80fc6feba5aca77f4c19a7ff20c069ae4973a8854cf', 'da8b2b566681223238d393c1f31d8884446f3bc71ad73be58e2502ed5d3aa2ff76303b4624154fb7', 0, '2019-02-26 05:09:21'),
	('e7974a984a3196c0f3ac27ae18e0f337d698f624e01ed2780c5a98bfc3d7638d6303eed86c7ee87d', '03b32cea6c52bfde6a005df0319498a04e9d1f007520eb0bcc3849fcd627979d2a08381bc27baca5', 0, '2018-12-29 03:07:59'),
	('e9226dd3ec2300637da3211b1930f73d4dcfb0864a1496dc4a8eceddca0a45ae2ec61b49d0fb611d', '70bbb0600cb9f769c7cb98df5f639bf65b7cb22f3f48fc60f646234ecc132ad07736a651ad8e43d9', 0, '2019-02-26 05:09:05'),
	('ea7c2295f5310ff1df5919d5003f4ab77d5d59b3b9cb3f38398896bb9c014c8a2e2af645820f82df', 'e656f050898ee2ec4fc0c6c962caa74a40ce0440b4b98affae33b7707e43f6e6406bb4f72f158354', 0, '2019-01-12 03:42:42'),
	('ea991e81499efb86343aefe6af1a869e982484f2ed685c6c888ba66baa46feacd94b217e1babbec9', '1c619f19d4cfd0587f82849cff660a0ce9905a602bffbb22a0f63dfdb8e74106123b1a69619779eb', 0, '2019-03-13 08:57:55'),
	('eb411f9facda216bbdb8e5d85d7fcf9c251a4407bc12e6fbf5c8cd3917a01d233907164fa1f0dc30', '0ab2c20812f4798409d3e14e1908229523c9188d562c9cad6d7a9720d03567f282bea70aea9bcfb2', 0, '2019-02-26 03:17:36'),
	('ee03dc12d37d33d8e0f27cb95c5e2820ec2976842a07757ab7fb35ec40f2fe5447f476074a3dc766', 'b228bd4a98b188f422ac10baac40019725d7ba96ac31af56a31b40070c2b7be432cf887525ea043b', 0, '2019-03-13 09:08:19'),
	('f12c2f78ba162ae8f61b8ec8dcaf9ba17bd0ec9937f08f6f70f0d9c7941d244ac54942cd01196397', '642c4e3a054751f975ad118617c4a5e43822f7ed5489d7b94b6fecf9079bb612cc6dfa6f2294a174', 0, '2019-02-26 05:47:46'),
	('f134cefe91ee2163a35736c9ab14b6580c725e731e8ee038ea11d0fa8b12cf9c29bbe56d73d35eec', 'c6a2d9c727dde0307f6c12901175fb91229bf3eb7102b320667068f5b4a7700260476973793ffa58', 0, '2019-02-27 04:53:03'),
	('f2f32f0fd5f94e52e2b7b36f1b6e60f8e9f34156c4c27d4700a632925b28eca348e95a55227cf187', '2ffe4b57531bd50fbab4bdc08f511ef36c20a2d36c2288c3865af51b6598297ffbada9a9da17769e', 0, '2019-02-26 03:29:06'),
	('f39329e6b64127ff75e815b55bd627e4057e1b72af1c7fc54dabe3e1926b5530f251139adcab502f', '35e4bcf3fece8409048f2ac3a7bf6d08e706d925c314ae7522cb3f04c97dca7dd120bc7b6af0973a', 0, '2019-03-13 08:54:57'),
	('f3a24febcfa47a10ff4f59b51498a99f8992133c88025d9f6d1d97deb6e7110d7dba82e65b48d2f0', '6495e23ab2ac2dc036b57cc25574e0930c5227483f5e8edc079ceb3bcce0d4ffb420bb93b22ffed2', 0, '2019-01-02 01:38:03'),
	('f573b2fcb04217f31d4cddce10f827306092fe6aacc2b51717b819c1392ab37779ec38042c29cd02', '252db2ba75bb471860e5de6b85a7679a467fc5fb8ee2c7101d11fc2b1cc6b5301464986e8fa313fe', 0, '2019-03-13 09:03:40'),
	('f6e654d312b6b0a72b9e44f931b837fad4d4d56aff995d67a7150a3ddec0c5a39af404b1525d4985', '207580f30d1dc95b18fe4c197176a6c53b98d902d2e990b6c4731536057f144058bd2efe9355a4ba', 0, '2019-02-27 04:47:27'),
	('f707a068d84f1004660cd3df77eef5a661b2b67fe02426f65ae752bfc813c7046abe82ccec995648', '131bcbb30e07d44489f8ae19ba39210aaf70c914c45874e5be6e90592eb25ed946dbf142c58b0f4b', 0, '2019-02-26 03:59:17'),
	('f7ae24dadef35a58835416eeb23a8e05c37716a37be8dad4f171d8b052ec96348c295e7fd5363972', '13b9e67236f5332c6b3b16b191ed0b7219b785d0347e7a1e9cc70ea85046cdcad531e7e86020b29b', 0, '2019-02-26 03:06:02'),
	('fb03ac731209bb06d9bb1e9cab1b8949a647879b76c0bef95b1765246e5605d07cdbff2fa271a329', '2ddc53974469675bdfed7c30d6d3bb82b5c63934ce2016b2a40e2355654bd06421e1bfe2fc616d48', 0, '2019-01-03 04:25:32'),
	('fdda45414009705712ffe492217a5fbc540a57c84b0b74cbd6bd5452c04cf1797d3c78f31368dbb7', 'ce81845e24b0dd307f1c5da9c40e84a135324074904f12c248d8a8d405fdbbbfded15f0841c346dd', 0, '2019-02-28 02:28:46'),
	('ff23d3de255aad2a4ef7e9b14e33b5b123aae6108e998f097dd205b5bfcf8968d6fd441bfef1a5ef', '8332ab0e006774e79b87af7cc4100c22414729ae63b9c2d7211264bac7ffbcd1e137679bf3ed63e4', 0, '2019-02-26 05:08:44');
/*!40000 ALTER TABLE `oauth_refresh_tokens` ENABLE KEYS */;

-- Dumping structure for table tracker.password_resets
DROP TABLE IF EXISTS `password_resets`;
CREATE TABLE IF NOT EXISTS `password_resets` (
  `email` varchar(255) COLLATE utf8mb4_unicode_ci NOT NULL,
  `token` varchar(255) COLLATE utf8mb4_unicode_ci NOT NULL,
  `created_at` timestamp NULL DEFAULT NULL,
  KEY `password_resets_email_index` (`email`)
) ENGINE=InnoDB DEFAULT CHARSET=utf8mb4 COLLATE=utf8mb4_unicode_ci;

-- Dumping data for table tracker.password_resets: ~0 rows (approximately)
DELETE FROM `password_resets`;
/*!40000 ALTER TABLE `password_resets` DISABLE KEYS */;
/*!40000 ALTER TABLE `password_resets` ENABLE KEYS */;

-- Dumping structure for table tracker.payments
DROP TABLE IF EXISTS `payments`;
CREATE TABLE IF NOT EXISTS `payments` (
  `id` int(10) unsigned NOT NULL AUTO_INCREMENT,
  `invoice_id` bigint(20) unsigned NOT NULL,
  `method` varchar(255) COLLATE utf8mb4_unicode_ci NOT NULL,
  `paid_on` date NOT NULL,
  `created_at` timestamp NULL DEFAULT NULL,
  `updated_at` timestamp NULL DEFAULT NULL,
  `amount` decimal(40,10) DEFAULT NULL,
  `content` varchar(255) COLLATE utf8mb4_unicode_ci DEFAULT NULL,
  `name` varchar(255) COLLATE utf8mb4_unicode_ci DEFAULT NULL,
  `created_by` int(11) DEFAULT NULL,
  PRIMARY KEY (`id`)
) ENGINE=InnoDB AUTO_INCREMENT=37 DEFAULT CHARSET=utf8mb4 COLLATE=utf8mb4_unicode_ci;

-- Dumping data for table tracker.payments: ~33 rows (approximately)
DELETE FROM `payments`;
/*!40000 ALTER TABLE `payments` DISABLE KEYS */;
INSERT INTO `payments` (`id`, `invoice_id`, `method`, `paid_on`, `created_at`, `updated_at`, `amount`, `content`, `name`, `created_by`) VALUES
	(1, 138, 'bank_transfer', '2017-08-18', '2018-01-05 06:25:35', '2018-01-10 05:29:13', 17195736.0000000000, 'Tạm ứng 30% hợp đồng 14.8', 'Thanh toán lần 1', 3),
	(2, 138, 'bank_transfer', '2017-09-22', '2018-01-05 06:26:28', '2018-01-10 05:29:13', 40123384.0000000000, 'Thanh toán 70% hợp đồng 14.8', 'Thanh toán lần 2', 3),
	(3, 141, 'cash', '2017-12-06', '2018-01-05 06:33:32', '2018-01-10 05:29:13', 843440.0000000000, 'Thanh toán tiền thuế GTGT của hóa đơn 792 tiền hàng đã thanh toán ngoài công trường VTP', 'Thanh toán lần 1', 3),
	(4, 143, 'bank_transfer', '2017-10-13', '2018-01-05 06:57:42', '2018-01-10 05:29:13', 26086500.0000000000, 'Tạm ứng 30%', 'Thanh toán lần 1', 3),
	(5, 143, 'bank_transfer', '2017-12-22', '2018-01-05 06:58:30', '2018-01-10 05:29:13', 60868500.0000000000, 'Thanh toán 70%', 'Thanh toán lần 2', 3),
	(6, 142, 'bank_transfer', '2017-08-08', '2018-01-05 07:03:40', '2018-01-10 05:29:13', 23268300.0000000000, 'Tạm ứng 30% đơn hàng 210717', 'Thanh toán lần 1', 3),
	(7, 142, 'bank_transfer', '2017-11-08', '2018-01-05 07:07:02', '2018-01-10 05:29:13', 54292700.0000000000, 'Thanh toán 70% hóa đơn 689+690 (số tiền 54.292.700đ,chuyển cùng với 70% của hợp đồng 592017 số tiền 44.614.500đ)', 'Thanh toán lần 2', 3),
	(8, 111, 'bank_transfer', '2017-11-10', '2018-01-05 07:20:52', '2018-01-10 05:29:13', 155473912.0000000000, 'Thanh toán 80% tiền hàng đợt 3 của hợp đồng nguyên tắc 0507 ( đã tạm ứng 20% tổng giá trị hợp đồng rồi giờ chỉ thanh toán 80% còn lại của đơn hàng đợt 3) chưa giao hóa đơn', 'Thanh toán lần 1', 3),
	(9, 112, 'bank_transfer', '2017-10-17', '2018-01-05 07:22:39', '2018-01-10 05:29:13', 6458400.0000000000, 'Thanh toán 100% tiền hàng của đơn hàng lẻ ngoài hợp đồng, chưa giao hóa đơn', 'Thanh toán lần 1', 3),
	(10, 110, 'bank_transfer', '2017-10-12', '2018-01-05 07:25:37', '2018-01-10 05:29:13', 174902156.0000000000, 'Thanh toán 80% tiền của giá trị  218.627.695đ thuộc đơn hàng đợt 2 của hợp đồng 0507 ( giá trị đơn hàng đợt 2 là 415.815.081đ nhưng tách thành 2 đợt giao: 218.627.695đ và 197.187.386đ) chưa giao hóa đơn', 'Thanh toán lần 1', 3),
	(11, 110, 'bank_transfer', '2017-10-18', '2018-01-05 07:28:51', '2018-01-10 05:29:13', 157749000.0000000000, 'Thanh toán 80% của giá trị 197.187.386 thuộc đợt 2 của hợp đồng nguyên tắc 0507 ( tổng giá trị đợt 2 là  415.815.081đ nhưng tách thành 2 đợt giá trị 218.627.695 và 197.187.386) chưa giao hóa đơn', 'Thanh toán lần 2', 3),
	(12, 109, 'bank_transfer', '2017-09-22', '2018-01-05 07:31:55', '2018-01-10 05:29:13', 62289063.0000000000, 'Thanh toán 80% của đơn hàng đợt 1 thuộc hợp đồng nguyên tắc 0507 ( đã tạm ứng 20% tổng giá trị hợp đồng rồi giờ chỉ thanh toán 80% tiền của đơn hàng ) hóa đơn số 438 ngày 8.9', 'Thanh toán lần 1', 3),
	(13, 108, 'bank_transfer', '2017-08-08', '2018-01-05 07:34:25', '2018-01-10 05:29:13', 139680493.0000000000, 'Thanh toán 100% giá trị đơn hàng ngày 7.8 lẻ ngoài hợp đồng hóa đơn 239 ngày 7.8', 'Thanh toán lần 1', 3),
	(14, 106, 'bank_transfer', '2017-07-07', '2018-01-05 07:35:45', '2018-01-10 05:29:13', 28792797.0000000000, 'Tạm ứng 10% tiền của hợp đồng 001 ngày 6.7', 'Thanh toán lần 1', 3),
	(15, 106, 'bank_transfer', '2017-07-10', '2018-01-05 07:36:46', '2018-01-10 05:29:13', 259135173.0000000000, 'Thanh toán 90% tiền của hợp đồng 001 ngày 6.7 hóa đơn 12 ngày 6.7', 'Thanh toán lần 2', 3),
	(16, 117, 'bank_transfer', '2017-10-17', '2018-01-09 02:42:33', '2018-01-10 05:29:13', 7209400.0000000000, 'Thanh toán công nợ hóa đơn 353+375 lần 1', 'Thanh toán lần 1', 3),
	(17, 117, 'bank_transfer', '2017-10-27', '2018-01-09 02:43:03', '2018-01-10 05:29:13', 1250040.0000000000, 'Thanh toán hóa đơn 353+375 lần 2', 'Thanh toán lần 2', 3),
	(18, 145, 'bank_transfer', '2017-08-08', '2018-01-09 02:46:54', '2018-01-10 05:29:13', 11286000.0000000000, 'Thanh toán 100% tiền hàng ( hóa đơn 1829 ngày 26.8', 'Thanh toán lần 1', 3),
	(19, 126, 'bank_transfer', '2017-10-18', '2018-01-09 02:49:03', '2018-01-10 05:29:13', 7859000.0000000000, 'Tạm ứng 30% tiền hàng hóa đơn 69831+70470+70471', 'Thanh toán lần 1', 3),
	(21, 125, 'bank_transfer', '2017-10-10', '2018-01-09 02:54:25', '2018-01-10 05:29:13', 3780150.0000000000, 'Thanh toán 100% tiền hàng, hóa đơn 68144 ngày 10.10', 'Thanh toán lần 1', 3),
	(22, 123, 'bank_transfer', '2017-09-08', '2018-01-09 02:56:18', '2018-01-10 05:29:13', 23330363.0000000000, 'Tạm ứng 30% tiền hàng', 'Thanh toán lần 1', 3),
	(23, 123, 'bank_transfer', '2017-11-17', '2018-01-09 02:58:14', '2018-01-10 05:29:13', 54437515.0000000000, 'Thanh toán 70% tiền hàng còn lại là 54.437.515đ cùng với 100% tiền hàng của đơn 4 hóa đơn 55778 ngày 8.8 giá trị 21.224.115đ', 'Thanh toán lần 2', 3),
	(24, 122, 'bank_transfer', '2017-11-17', '2018-01-09 02:59:38', '2018-01-10 05:29:13', 21224115.0000000000, 'Thanh toán 100% tiền hàng hóa đơn 55778 ngày 8.8 giá trị 21.224.115đ cùng với 70% tiền hàng của đơn 5 giá trị 54.437.515đ', 'Thanh toán lần 1', 3),
	(25, 124, 'cash', '2017-10-18', '2018-01-09 03:01:42', '2018-01-10 05:29:13', 5426000.0000000000, 'Thanh toán 100% tiền hàng hóa đơn 67718 ngày 18.10', 'Thanh toán lần 1', 3),
	(26, 121, 'bank_transfer', '2017-09-08', '2018-01-09 03:03:03', '2018-01-10 05:29:13', 217744885.0000000000, 'THanh toán 100% tiền hàng theo bảo lãnh hóa đơn 49920+50145+50144+50146', 'Thanh toán lần 1', 3),
	(27, 120, 'bank_transfer', '2017-06-30', '2018-01-09 03:05:16', '2018-01-10 05:29:13', 8632635.0000000000, 'Tạm ứng 30% tiền hàng trước thuế của đơn hàng 2 hóa đơn 48220 ngày 3.7', 'Thanh toán lần 1', 3),
	(28, 120, 'bank_transfer', '2017-08-07', '2018-01-09 03:06:30', '2018-01-10 05:29:13', 20142815.0000000000, 'Thanh toán 70% tiền hàng còn lại của đơn hàng  số 2 hóa đơn 48220 ngày 3.7 giá trị 20.142.815đ  chuyển cùng với 70% tiền của đơn hàng số 1 giá trị 92.525.939đ', 'Thanh toán lần 2', 3),
	(29, 119, 'bank_transfer', '2017-06-15', '2018-01-09 03:07:50', '2018-01-10 05:29:13', 34697227.0000000000, 'Tạm ứng 30% tiền hàng theo đơn hàng số 1 trước VAT', 'Thanh toán lần 1', 3),
	(30, 119, 'bank_transfer', '2017-08-07', '2018-01-09 03:09:10', '2018-01-10 05:29:13', 92525939.0000000000, 'Thanh toán 70% tiền hàng còn lại giá trị 92.525.939đ chuyển cùng với 70% tiền của đơn hàng 2 giá trị 20.142.815đ', 'Thanh toán lần 2', 3),
	(31, 136, 'bank_transfer', '2017-10-19', '2018-01-09 03:13:15', '2018-01-10 07:53:51', 70000000.0000000000, 'Thanh toán công nợ 70 triệu lần thứ 1', 'Thanh toán lần 1', 3),
	(32, 136, 'bank_transfer', '2017-11-08', '2018-01-09 03:14:23', '2018-01-10 05:29:13', 69597700.0000000000, 'Thanh toán công nợ còn lại lần thứ 2', 'Thanh toán lần 2', 3),
	(35, 137, 'bank_transfer', '2018-01-16', '2018-01-16 05:13:18', '2018-01-16 05:13:18', 79465100.0000000000, 'Thanh toán tiền theo hóa đơn 686 ngày 20.10', 'Thanh toán lần 1', 3),
	(36, 144, 'bank_transfer', '2017-01-16', '2018-01-17 07:01:45', '2018-01-17 07:01:45', 14530000.0000000000, 'Thanh toán công nợ hóa đơn 1111 ngày 11.11): 14.530.000đ ( thanh toán cùng với 85.470.000đ của Cao VT', 'Thanh toán lần 1', 3);
/*!40000 ALTER TABLE `payments` ENABLE KEYS */;

-- Dumping structure for table tracker.projects
DROP TABLE IF EXISTS `projects`;
CREATE TABLE IF NOT EXISTS `projects` (
  `id` int(10) unsigned NOT NULL AUTO_INCREMENT,
  `name` varchar(255) COLLATE utf8mb4_unicode_ci NOT NULL,
  `description` varchar(255) COLLATE utf8mb4_unicode_ci DEFAULT NULL,
  `category_id` int(11) NOT NULL,
  `start_at` date NOT NULL,
  `end_at` date NOT NULL,
  `work_id` int(11) DEFAULT NULL,
  `created_at` timestamp NULL DEFAULT NULL,
  `updated_at` timestamp NULL DEFAULT NULL,
  PRIMARY KEY (`id`)
) ENGINE=InnoDB DEFAULT CHARSET=utf8mb4 COLLATE=utf8mb4_unicode_ci;

-- Dumping data for table tracker.projects: ~0 rows (approximately)
DELETE FROM `projects`;
/*!40000 ALTER TABLE `projects` DISABLE KEYS */;
/*!40000 ALTER TABLE `projects` ENABLE KEYS */;

-- Dumping structure for table tracker.providers
DROP TABLE IF EXISTS `providers`;
CREATE TABLE IF NOT EXISTS `providers` (
  `id` int(10) unsigned NOT NULL AUTO_INCREMENT,
  `name` varchar(255) COLLATE utf8mb4_unicode_ci NOT NULL,
  `slug` varchar(255) COLLATE utf8mb4_unicode_ci NOT NULL,
  `description` varchar(255) COLLATE utf8mb4_unicode_ci DEFAULT '',
  `address` varchar(255) COLLATE utf8mb4_unicode_ci DEFAULT '',
  `tax_number` varchar(255) COLLATE utf8mb4_unicode_ci DEFAULT '1',
  `created_at` timestamp NULL DEFAULT NULL,
  `updated_at` timestamp NULL DEFAULT NULL,
  PRIMARY KEY (`id`)
) ENGINE=InnoDB AUTO_INCREMENT=45 DEFAULT CHARSET=utf8mb4 COLLATE=utf8mb4_unicode_ci;

-- Dumping data for table tracker.providers: ~12 rows (approximately)
DELETE FROM `providers`;
/*!40000 ALTER TABLE `providers` DISABLE KEYS */;
INSERT INTO `providers` (`id`, `name`, `slug`, `description`, `address`, `tax_number`, `created_at`, `updated_at`) VALUES
	(16, 'Công ty kỹ thuật Điện  -Tự động hóa A&E', 'cong-ty-ky-thuat-dien-tu-dong-hoa-ae', NULL, 'Quận 12, TP HCM', NULL, '2018-01-03 03:09:05', '2018-01-03 03:09:05'),
	(17, 'Công ty cổ phần công nghệ Hợp Long', 'cong-ty-co-phan-cong-nghe-hop-long', NULL, 'Hai Bà Trưng, Hà Nội', NULL, '2018-01-03 04:03:16', '2018-01-03 04:03:16'),
	(18, 'Công ty TNHH Thương mại tổng hợp Vinh Hải', 'cong-ty-tnhh-thuong-mai-tong-hop-vinh-hai', NULL, 'Hai Bà Trưng, Hà Nội', NULL, '2018-01-03 04:19:34', '2018-01-03 04:19:34'),
	(20, 'Công ty TNHH TM Long Hoàng', 'cong-ty-tnhh-tm-long-hoang', NULL, 'Cầu Giấy, Hà Nội', NULL, '2018-01-03 07:37:54', '2018-01-03 07:37:54'),
	(23, 'Công ty TNHH Xuân Lộc Thọ', 'cong-ty-tnhh-xuan-loc-tho', NULL, 'Hai Bà Trưng, Hà Nội', NULL, '2018-01-03 08:55:25', '2018-01-03 08:55:25'),
	(32, 'Công ty TNHH Cơ khí Huy Hùng', 'cong-ty-tnhh-co-khi-huy-hung', NULL, 'Thanh Trì, Hà Nội', NULL, '2018-01-04 01:12:37', '2018-01-04 01:12:37'),
	(33, 'Công ty TNHH vật tư xây dựng Việt Nam', 'cong-ty-tnhh-vat-tu-xay-dung-viet-nam', NULL, 'Ba Đình, Hà Nội', NULL, '2018-01-04 02:04:43', '2018-01-04 02:04:43'),
	(34, 'Công ty TNHH Giải pháp và Kỹ thuật Quốc Việt', 'cong-ty-tnhh-giai-phap-va-ky-thuat-quoc-viet', NULL, 'Cầu Giấy, Hà Nội', NULL, '2018-01-04 02:27:06', '2018-01-04 02:27:06'),
	(35, 'Công ty TNHH MTV thông tin M3', 'cong-ty-tnhh-mtv-thong-tin-m3', NULL, 'Sơn Tây, Hà Nội', NULL, '2018-01-04 02:45:09', '2018-01-04 02:45:09'),
	(38, 'Công ty TNHH Thương mại và Đầu tư xây dựng Thịnh Phát', 'cong-ty-tnhh-thuong-mai-va-dau-tu-xay-dung-thinh-phat', NULL, 'Tầng 3, số 152 Khuất Duy Tiến, Thanh Xuân, Hà Nội', NULL, '2018-01-04 03:17:05', '2018-01-04 03:17:05'),
	(42, 'Nam hà Nội', 'nam-ha-noi', NULL, NULL, NULL, '2018-03-30 07:18:15', '2018-03-30 07:18:15'),
	(43, 'Công ty TNHH TM Điện Đông Nam Á', 'cong-ty-tnhh-tm-dien-dong-nam-a', NULL, NULL, NULL, '2018-03-30 07:36:08', '2018-03-30 07:36:08'),
	(44, 'Công ty TNHH TN Điện Đông Nam Á', 'cong-ty-tnhh-tn-dien-dong-nam-a', NULL, NULL, NULL, '2018-03-30 07:45:54', '2018-03-30 07:45:54');
/*!40000 ALTER TABLE `providers` ENABLE KEYS */;

-- Dumping structure for table tracker.receives
DROP TABLE IF EXISTS `receives`;
CREATE TABLE IF NOT EXISTS `receives` (
  `id` int(10) unsigned NOT NULL AUTO_INCREMENT,
  `invoice_id` bigint(20) unsigned NOT NULL,
  `name` varchar(255) COLLATE utf8mb4_unicode_ci NOT NULL,
  `description` varchar(255) COLLATE utf8mb4_unicode_ci DEFAULT NULL,
  `received_at` date NOT NULL,
  `created_at` timestamp NULL DEFAULT NULL,
  `updated_at` timestamp NULL DEFAULT NULL,
  PRIMARY KEY (`id`)
) ENGINE=InnoDB AUTO_INCREMENT=11 DEFAULT CHARSET=utf8mb4 COLLATE=utf8mb4_unicode_ci;

-- Dumping data for table tracker.receives: ~8 rows (approximately)
DELETE FROM `receives`;
/*!40000 ALTER TABLE `receives` DISABLE KEYS */;
INSERT INTO `receives` (`id`, `invoice_id`, `name`, `description`, `received_at`, `created_at`, `updated_at`) VALUES
	(2, 138, 'Nhận hàng đợt 1', NULL, '2017-08-19', '2018-01-05 06:31:01', '2018-01-05 06:31:01'),
	(3, 141, 'Nhận hàng đợt 1', NULL, '2017-12-06', '2018-01-05 06:34:34', '2018-01-05 06:34:34'),
	(5, 112, 'Nhận lần 1', NULL, '2017-02-07', '2018-02-09 08:56:18', '2018-02-09 08:56:18'),
	(6, 125, 'Nhận đợt 1', NULL, '2017-10-04', '2018-02-09 09:27:38', '2018-02-09 09:27:38'),
	(7, 117, 'Nhận lần 1', NULL, '2017-09-09', '2018-02-09 09:33:22', '2018-02-09 09:33:22'),
	(8, 120, 'Nhận lần 1', NULL, '2017-08-10', '2018-02-09 09:34:01', '2018-02-09 09:34:01'),
	(9, 119, 'Nhận hàng đợt 1', NULL, '2017-06-05', '2018-02-09 09:35:49', '2018-02-09 09:35:49'),
	(10, 119, 'Nhận lần 3', NULL, '2017-11-01', '2018-02-09 09:59:01', '2018-02-09 09:59:01');
/*!40000 ALTER TABLE `receives` ENABLE KEYS */;

-- Dumping structure for table tracker.receive_tracker
DROP TABLE IF EXISTS `receive_tracker`;
CREATE TABLE IF NOT EXISTS `receive_tracker` (
  `id` int(10) unsigned NOT NULL AUTO_INCREMENT,
  `receive_id` bigint(20) NOT NULL,
  `tracker_id` bigint(20) unsigned NOT NULL,
  `unit` bigint(20) unsigned NOT NULL DEFAULT '0',
  `created_at` timestamp NULL DEFAULT NULL,
  `updated_at` timestamp NULL DEFAULT NULL,
  PRIMARY KEY (`id`)
) ENGINE=InnoDB AUTO_INCREMENT=31 DEFAULT CHARSET=utf8mb4 COLLATE=utf8mb4_unicode_ci;

-- Dumping data for table tracker.receive_tracker: ~30 rows (approximately)
DELETE FROM `receive_tracker`;
/*!40000 ALTER TABLE `receive_tracker` DISABLE KEYS */;
INSERT INTO `receive_tracker` (`id`, `receive_id`, `tracker_id`, `unit`, `created_at`, `updated_at`) VALUES
	(1, 2, 358, 60, NULL, NULL),
	(2, 2, 359, 180, NULL, NULL),
	(3, 2, 360, 420, NULL, NULL),
	(4, 2, 361, 72, NULL, NULL),
	(5, 2, 362, 1, NULL, NULL),
	(6, 3, 363, 12, NULL, NULL),
	(7, 3, 364, 1, NULL, NULL),
	(8, 5, 226, 900, NULL, NULL),
	(9, 6, 311, 1500, NULL, NULL),
	(10, 7, 231, 800, NULL, NULL),
	(11, 7, 232, 200, NULL, NULL),
	(12, 8, 271, 16000, NULL, NULL),
	(13, 8, 272, 3500, NULL, NULL),
	(14, 8, 273, 13000, NULL, NULL),
	(15, 8, 274, 3200, NULL, NULL),
	(16, 9, 247, 685, NULL, NULL),
	(17, 9, 248, 150, NULL, NULL),
	(18, 9, 249, 100, NULL, NULL),
	(19, 9, 251, 160, NULL, NULL),
	(20, 9, 252, 100, NULL, NULL),
	(21, 9, 254, 80, NULL, NULL),
	(22, 9, 266, 1800, NULL, NULL),
	(23, 9, 267, 200, NULL, NULL),
	(24, 9, 268, 6000, NULL, NULL),
	(25, 9, 269, 1500, NULL, NULL),
	(26, 9, 270, 200, NULL, NULL),
	(27, 10, 250, 500, NULL, NULL),
	(28, 10, 257, 600, NULL, NULL),
	(29, 10, 258, 40, NULL, NULL),
	(30, 10, 262, 350, NULL, NULL);
/*!40000 ALTER TABLE `receive_tracker` ENABLE KEYS */;

-- Dumping structure for table tracker.tasks
DROP TABLE IF EXISTS `tasks`;
CREATE TABLE IF NOT EXISTS `tasks` (
  `id` int(10) unsigned NOT NULL AUTO_INCREMENT,
  `name` varchar(255) COLLATE utf8mb4_unicode_ci NOT NULL,
  `creator_id` int(11) NOT NULL,
  `project_id` varchar(255) COLLATE utf8mb4_unicode_ci NOT NULL,
  `status` int(11) NOT NULL DEFAULT '0',
  `start_at` date DEFAULT NULL,
  `end_at` date DEFAULT NULL,
  `description` text COLLATE utf8mb4_unicode_ci,
  `type` varchar(255) COLLATE utf8mb4_unicode_ci NOT NULL DEFAULT 'task',
  `is_flag` tinyint(1) NOT NULL DEFAULT '0',
  `created_at` timestamp NULL DEFAULT NULL,
  `updated_at` timestamp NULL DEFAULT NULL,
  `_lft` int(10) unsigned NOT NULL DEFAULT '0',
  `_rgt` int(10) unsigned NOT NULL DEFAULT '0',
  `parent_id` int(10) unsigned DEFAULT NULL,
  PRIMARY KEY (`id`),
  KEY `tasks__lft__rgt_parent_id_index` (`_lft`,`_rgt`,`parent_id`)
) ENGINE=InnoDB DEFAULT CHARSET=utf8mb4 COLLATE=utf8mb4_unicode_ci;

-- Dumping data for table tracker.tasks: ~0 rows (approximately)
DELETE FROM `tasks`;
/*!40000 ALTER TABLE `tasks` DISABLE KEYS */;
/*!40000 ALTER TABLE `tasks` ENABLE KEYS */;

-- Dumping structure for table tracker.task_user
DROP TABLE IF EXISTS `task_user`;
CREATE TABLE IF NOT EXISTS `task_user` (
  `id` int(10) unsigned NOT NULL AUTO_INCREMENT,
  `user_id` int(11) NOT NULL,
  `task_id` int(11) NOT NULL,
  `status` int(11) NOT NULL DEFAULT '0',
  `is_done` tinyint(1) NOT NULL DEFAULT '0',
  `is_creator` tinyint(1) NOT NULL DEFAULT '0',
  `is_subscribeb` tinyint(1) NOT NULL DEFAULT '1',
  `is_assigned` tinyint(1) NOT NULL DEFAULT '0',
  PRIMARY KEY (`id`)
) ENGINE=InnoDB DEFAULT CHARSET=utf8mb4 COLLATE=utf8mb4_unicode_ci;

-- Dumping data for table tracker.task_user: ~0 rows (approximately)
DELETE FROM `task_user`;
/*!40000 ALTER TABLE `task_user` DISABLE KEYS */;
/*!40000 ALTER TABLE `task_user` ENABLE KEYS */;

-- Dumping structure for table tracker.trackers
DROP TABLE IF EXISTS `trackers`;
CREATE TABLE IF NOT EXISTS `trackers` (
  `id` int(10) unsigned NOT NULL AUTO_INCREMENT,
  `invoice_id` int(10) unsigned NOT NULL,
  `material_id` int(10) unsigned NOT NULL,
  `bought_at` date DEFAULT NULL,
  `unit` bigint(20) unsigned DEFAULT NULL,
  `received_unit` bigint(20) unsigned DEFAULT '0',
  `cost` decimal(20,4) unsigned DEFAULT NULL,
  `total` decimal(40,10) unsigned DEFAULT NULL,
  `pay_unit` bigint(20) unsigned DEFAULT NULL,
  `pay_total` decimal(40,10) unsigned DEFAULT NULL,
  `created_at` timestamp NULL DEFAULT NULL,
  `updated_at` timestamp NULL DEFAULT NULL,
  `received_at` date DEFAULT NULL,
  `vat` float(4,2) DEFAULT NULL,
  `vat_sum` decimal(40,10) DEFAULT NULL,
  `buyer_id` smallint(6) DEFAULT NULL,
  PRIMARY KEY (`id`)
) ENGINE=InnoDB AUTO_INCREMENT=448 DEFAULT CHARSET=utf8mb4 COLLATE=utf8mb4_unicode_ci;

-- Dumping data for table tracker.trackers: ~223 rows (approximately)
DELETE FROM `trackers`;
/*!40000 ALTER TABLE `trackers` DISABLE KEYS */;
INSERT INTO `trackers` (`id`, `invoice_id`, `material_id`, `bought_at`, `unit`, `received_unit`, `cost`, `total`, `pay_unit`, `pay_total`, `created_at`, `updated_at`, `received_at`, `vat`, `vat_sum`, `buyer_id`) VALUES
	(102, 22, 19, NULL, 40, 0, 445000.0000, 17800000.0000000000, NULL, NULL, '2018-01-03 03:30:15', '2018-01-03 03:30:15', NULL, NULL, NULL, 2),
	(103, 23, 19, NULL, 104, 0, 436000.0000, 45344000.0000000000, NULL, NULL, '2018-01-03 04:03:16', '2018-01-03 04:03:16', NULL, NULL, NULL, 2),
	(184, 106, 102, NULL, 32000, 0, 2265.0000, 72480000.0000000000, NULL, NULL, '2018-01-03 04:57:56', '2018-01-03 04:57:56', NULL, NULL, NULL, 2),
	(185, 106, 103, NULL, 26000, 0, 3675.0000, 95550000.0000000000, NULL, NULL, '2018-01-03 04:57:56', '2018-01-03 04:57:56', NULL, NULL, NULL, 2),
	(186, 106, 104, NULL, 1800, 0, 5770.0000, 10386000.0000000000, NULL, NULL, '2018-01-03 04:57:56', '2018-01-03 04:57:56', NULL, NULL, NULL, 2),
	(187, 106, 105, NULL, 1800, 0, 8577.0000, 15438600.0000000000, NULL, NULL, '2018-01-03 04:57:56', '2018-01-03 04:57:56', NULL, NULL, NULL, 2),
	(188, 106, 106, NULL, 1000, 0, 2265.0000, 2265000.0000000000, NULL, NULL, '2018-01-03 04:57:56', '2018-01-03 04:57:56', NULL, NULL, NULL, 2),
	(189, 106, 107, NULL, 13000, 0, 3675.0000, 47775000.0000000000, NULL, NULL, '2018-01-03 04:57:56', '2018-01-03 04:57:56', NULL, NULL, NULL, 2),
	(190, 106, 108, NULL, 900, 0, 5770.0000, 5193000.0000000000, NULL, NULL, '2018-01-03 04:57:57', '2018-01-03 04:57:57', NULL, NULL, NULL, 2),
	(191, 106, 109, NULL, 900, 0, 8577.0000, 7719300.0000000000, NULL, NULL, '2018-01-03 04:57:57', '2018-01-03 04:57:57', NULL, NULL, NULL, 2),
	(192, 106, 110, NULL, 600, 0, 8243.0000, 4945800.0000000000, NULL, NULL, '2018-01-03 04:57:57', '2018-01-03 04:57:57', NULL, NULL, NULL, 2),
	(193, 107, 102, NULL, 60800, 0, 2257.0000, 137225600.0000000000, NULL, NULL, '2018-01-03 07:03:08', '2018-01-03 07:03:08', NULL, NULL, NULL, 2),
	(194, 107, 103, NULL, 49400, 0, 3672.0000, 181396800.0000000000, NULL, NULL, '2018-01-03 07:03:08', '2018-01-03 07:03:08', NULL, NULL, NULL, 2),
	(195, 107, 104, NULL, 3600, 0, 5785.0000, 20826000.0000000000, NULL, NULL, '2018-01-03 07:03:08', '2018-01-03 07:03:08', NULL, NULL, NULL, 2),
	(196, 107, 105, NULL, 2900, 0, 8703.0000, 25238700.0000000000, NULL, NULL, '2018-01-03 07:03:08', '2018-01-03 07:03:08', NULL, NULL, NULL, 2),
	(197, 107, 106, NULL, 1900, 0, 2257.0000, 4288300.0000000000, NULL, NULL, '2018-01-03 07:03:08', '2018-01-03 07:03:08', NULL, NULL, NULL, 2),
	(198, 107, 107, NULL, 24700, 0, 3672.0000, 90698400.0000000000, NULL, NULL, '2018-01-03 07:03:08', '2018-01-03 07:03:08', NULL, NULL, NULL, 2),
	(199, 107, 108, NULL, 1800, 0, 5785.0000, 10413000.0000000000, NULL, NULL, '2018-01-03 07:03:08', '2018-01-03 07:03:08', NULL, NULL, NULL, 2),
	(200, 107, 109, NULL, 1500, 0, 8703.0000, 13054500.0000000000, NULL, NULL, '2018-01-03 07:03:08', '2018-01-03 07:03:08', NULL, NULL, NULL, 2),
	(201, 107, 111, NULL, 3185, 0, 22072.0000, 70299320.0000000000, NULL, NULL, '2018-01-03 07:03:08', '2018-01-03 07:03:08', NULL, NULL, NULL, 2),
	(202, 107, 112, NULL, 3185, 0, 49210.0000, 156733850.0000000000, NULL, NULL, '2018-01-03 07:03:08', '2018-01-03 07:03:08', NULL, NULL, NULL, 2),
	(203, 108, 102, NULL, 0, 0, 0.0000, 0.0000000000, NULL, NULL, '2018-01-03 07:06:37', '2018-01-03 07:06:37', NULL, NULL, NULL, 2),
	(204, 108, 103, NULL, 0, 0, 0.0000, 0.0000000000, NULL, NULL, '2018-01-03 07:06:37', '2018-01-03 07:06:37', NULL, NULL, NULL, 2),
	(205, 108, 104, NULL, 0, 0, 0.0000, 0.0000000000, NULL, NULL, '2018-01-03 07:06:38', '2018-01-03 07:06:38', NULL, NULL, NULL, 2),
	(206, 108, 105, NULL, 0, 0, 0.0000, 0.0000000000, NULL, NULL, '2018-01-03 07:06:38', '2018-01-03 07:06:38', NULL, NULL, NULL, 2),
	(207, 108, 106, NULL, 0, 0, 0.0000, 0.0000000000, NULL, NULL, '2018-01-03 07:06:38', '2018-01-03 07:06:38', NULL, NULL, NULL, 2),
	(208, 108, 107, NULL, 0, 0, 0.0000, 0.0000000000, NULL, NULL, '2018-01-03 07:06:38', '2018-01-03 07:06:38', NULL, NULL, NULL, 2),
	(209, 108, 108, NULL, 0, 0, 0.0000, 0.0000000000, NULL, NULL, '2018-01-03 07:06:38', '2018-01-03 07:06:38', NULL, NULL, NULL, 2),
	(210, 108, 109, NULL, 0, 0, 0.0000, 0.0000000000, NULL, NULL, '2018-01-03 07:06:38', '2018-01-03 07:06:38', NULL, NULL, NULL, 2),
	(211, 108, 110, NULL, 600, 0, 8127.0000, 4876200.0000000000, NULL, NULL, '2018-01-03 07:06:38', '2018-01-03 07:06:38', NULL, NULL, NULL, 2),
	(212, 108, 111, NULL, 1713, 0, 22072.0000, 37809336.0000000000, NULL, NULL, '2018-01-03 07:06:38', '2018-01-03 07:06:38', NULL, NULL, NULL, 2),
	(213, 108, 112, NULL, 1713, 0, 49210.0000, 84296730.0000000000, NULL, NULL, '2018-01-03 07:06:38', '2018-01-03 07:06:38', NULL, NULL, NULL, 2),
	(214, 109, 111, NULL, 993, 0, 22072.0000, 21917496.0000000000, NULL, NULL, '2018-01-03 07:08:39', '2018-01-03 07:08:39', NULL, NULL, NULL, 2),
	(215, 109, 112, NULL, 993, 0, 49210.0000, 48865530.0000000000, NULL, NULL, '2018-01-03 07:08:39', '2018-01-03 07:08:39', NULL, NULL, NULL, 2),
	(216, 110, 102, NULL, 29400, 0, 2257.0000, 66355800.0000000000, NULL, NULL, '2018-01-03 07:13:50', '2018-01-03 07:13:50', NULL, NULL, NULL, 2),
	(217, 110, 103, NULL, 27000, 0, 3672.0000, 99144000.0000000000, NULL, NULL, '2018-01-03 07:13:50', '2018-01-03 07:13:50', NULL, NULL, NULL, 2),
	(218, 110, 104, NULL, 4000, 0, 5784.0000, 23136000.0000000000, NULL, NULL, '2018-01-03 07:13:50', '2018-01-03 07:13:50', NULL, NULL, NULL, 2),
	(219, 110, 105, NULL, 3700, 0, 8703.0000, 32201100.0000000000, NULL, NULL, '2018-01-03 07:13:50', '2018-01-03 07:13:50', NULL, NULL, NULL, 2),
	(220, 110, 111, NULL, 2205, 0, 22072.0000, 48668760.0000000000, NULL, NULL, '2018-01-03 07:13:50', '2018-01-03 07:13:50', NULL, NULL, NULL, 2),
	(221, 110, 112, NULL, 2205, 0, 49210.0000, 108508050.0000000000, NULL, NULL, '2018-01-03 07:13:50', '2018-01-03 07:13:50', NULL, NULL, NULL, 2),
	(222, 111, 102, NULL, 22900, 0, 2257.0000, 51685300.0000000000, NULL, NULL, '2018-01-03 07:17:28', '2018-01-03 07:17:28', NULL, NULL, NULL, 2),
	(223, 111, 103, NULL, 25200, 0, 3672.0000, 92534400.0000000000, NULL, NULL, '2018-01-03 07:17:28', '2018-01-03 07:17:28', NULL, NULL, NULL, 2),
	(224, 111, 104, NULL, 2000, 0, 5784.0000, 11568000.0000000000, NULL, NULL, '2018-01-03 07:17:29', '2018-01-03 07:17:29', NULL, NULL, NULL, 2),
	(225, 111, 105, NULL, 2400, 0, 8703.0000, 20887200.0000000000, NULL, NULL, '2018-01-03 07:17:29', '2018-01-03 07:17:29', NULL, NULL, NULL, 2),
	(226, 112, 113, NULL, 900, 900, 6524.0000, 5871600.0000000000, NULL, NULL, '2018-01-03 07:21:51', '2018-02-09 08:56:18', NULL, NULL, NULL, 2),
	(231, 117, 122, NULL, 800, 800, 6800.0000, 5440000.0000000000, NULL, NULL, '2018-01-03 07:41:34', '2018-02-09 09:33:22', NULL, NULL, NULL, 2),
	(232, 117, 123, NULL, 200, 200, 11252.0000, 2250400.0000000000, NULL, NULL, '2018-01-03 07:41:34', '2018-02-09 09:33:22', NULL, NULL, NULL, 2),
	(246, 119, 138, NULL, 3425, 0, 13709.0000, 46953325.0000000000, NULL, NULL, '2018-01-03 08:55:25', '2018-01-03 08:55:25', NULL, NULL, NULL, 2),
	(247, 119, 139, NULL, 685, 685, 18909.0000, 12952665.0000000000, NULL, NULL, '2018-01-03 08:55:25', '2018-02-09 09:35:49', NULL, NULL, NULL, 2),
	(248, 119, 140, NULL, 150, 150, 38055.0000, 5708250.0000000000, NULL, NULL, '2018-01-03 08:55:26', '2018-02-09 09:35:50', NULL, NULL, NULL, 2),
	(249, 119, 141, NULL, 100, 100, 1796.0000, 179600.0000000000, NULL, NULL, '2018-01-03 08:55:26', '2018-02-09 09:35:50', NULL, NULL, NULL, 2),
	(250, 119, 142, NULL, 500, 500, 2193.0000, 1096500.0000000000, NULL, NULL, '2018-01-03 08:55:26', '2018-02-09 09:59:01', NULL, NULL, NULL, 2),
	(251, 119, 143, NULL, 160, 160, 3085.0000, 493600.0000000000, NULL, NULL, '2018-01-03 08:55:26', '2018-02-09 09:35:50', NULL, NULL, NULL, 2),
	(252, 119, 144, NULL, 100, 100, 6732.0000, 673200.0000000000, NULL, NULL, '2018-01-03 08:55:26', '2018-02-09 09:35:50', NULL, NULL, NULL, 2),
	(253, 119, 145, NULL, 667, 0, 9036.0000, 6027012.0000000000, NULL, NULL, '2018-01-03 08:55:26', '2018-01-03 08:55:26', NULL, NULL, NULL, 2),
	(254, 119, 146, NULL, 80, 80, 1932.0000, 154560.0000000000, NULL, NULL, '2018-01-03 08:55:26', '2018-02-09 09:35:50', NULL, NULL, NULL, 2),
	(255, 119, 147, NULL, 945, 0, 3385.0000, 3198825.0000000000, NULL, NULL, '2018-01-03 08:55:26', '2018-01-03 08:55:26', NULL, NULL, NULL, 2),
	(256, 119, 148, NULL, 1600, 0, 3677.0000, 5883200.0000000000, NULL, NULL, '2018-01-03 08:55:26', '2018-01-03 08:55:26', NULL, NULL, NULL, 2),
	(257, 119, 149, NULL, 600, 600, 3677.0000, 2206200.0000000000, NULL, NULL, '2018-01-03 08:55:27', '2018-02-09 09:59:01', NULL, NULL, NULL, 2),
	(258, 119, 150, NULL, 40, 40, 4160.0000, 166400.0000000000, NULL, NULL, '2018-01-03 08:55:27', '2018-02-09 09:59:01', NULL, NULL, NULL, 2),
	(259, 119, 151, NULL, 2240, 0, 931.0000, 2085440.0000000000, NULL, NULL, '2018-01-03 08:55:27', '2018-01-03 08:55:27', NULL, NULL, NULL, 2),
	(260, 119, 152, NULL, 4500, 0, 1350.0000, 6075000.0000000000, NULL, NULL, '2018-01-03 08:55:27', '2018-01-03 08:55:27', NULL, NULL, NULL, 2),
	(261, 119, 153, NULL, 1400, 0, 1716.0000, 2402400.0000000000, NULL, NULL, '2018-01-03 08:55:27', '2018-01-03 08:55:27', NULL, NULL, NULL, 2),
	(262, 119, 154, NULL, 350, 350, 2851.0000, 997850.0000000000, NULL, NULL, '2018-01-03 08:55:27', '2018-02-09 09:59:01', NULL, NULL, NULL, 2),
	(263, 119, 155, NULL, 40, 0, 60509.0000, 2420360.0000000000, NULL, NULL, '2018-01-03 08:55:27', '2018-01-03 08:55:27', NULL, NULL, NULL, 2),
	(264, 119, 156, NULL, 171, 0, 33047.0000, 5651037.0000000000, NULL, NULL, '2018-01-03 08:55:27', '2018-01-03 08:55:27', NULL, NULL, NULL, 2),
	(265, 119, 157, NULL, 3000, 0, 570.0000, 1710000.0000000000, NULL, NULL, '2018-01-03 08:55:27', '2018-01-03 08:55:27', NULL, NULL, NULL, 2),
	(266, 119, 158, NULL, 1800, 1800, 931.0000, 1675800.0000000000, NULL, NULL, '2018-01-03 08:55:27', '2018-02-09 09:35:50', NULL, NULL, NULL, 2),
	(267, 119, 159, NULL, 200, 200, 1280.0000, 256000.0000000000, NULL, NULL, '2018-01-03 08:55:28', '2018-02-09 09:35:50', NULL, NULL, NULL, 2),
	(268, 119, 160, NULL, 6000, 6000, 745.0000, 4470000.0000000000, NULL, NULL, '2018-01-03 08:55:28', '2018-02-09 09:35:50', NULL, NULL, NULL, 2),
	(269, 119, 161, NULL, 1500, 1500, 1280.0000, 1920000.0000000000, NULL, NULL, '2018-01-03 08:55:28', '2018-02-09 09:35:50', NULL, NULL, NULL, 2),
	(270, 119, 162, NULL, 200, 200, 1501.0000, 300200.0000000000, NULL, NULL, '2018-01-03 08:55:28', '2018-02-09 09:35:50', NULL, NULL, NULL, 2),
	(271, 120, 157, NULL, 16000, 16000, 570.0000, 9120000.0000000000, NULL, NULL, '2018-01-03 09:10:03', '2018-02-09 09:34:01', NULL, NULL, NULL, 2),
	(272, 120, 158, NULL, 3500, 3500, 931.0000, 3258500.0000000000, NULL, NULL, '2018-01-03 09:10:03', '2018-02-09 09:34:01', NULL, NULL, NULL, 2),
	(273, 120, 160, NULL, 13000, 13000, 745.0000, 9685000.0000000000, NULL, NULL, '2018-01-03 09:10:03', '2018-02-09 09:34:01', NULL, NULL, NULL, 2),
	(274, 120, 161, NULL, 3200, 3200, 1280.0000, 4096000.0000000000, NULL, NULL, '2018-01-03 09:10:03', '2018-02-09 09:34:01', NULL, NULL, NULL, 2),
	(275, 121, 138, NULL, 7000, 0, 13709.0000, 95963000.0000000000, NULL, NULL, '2018-01-03 09:22:31', '2018-01-03 09:22:31', NULL, NULL, NULL, 2),
	(276, 121, 139, NULL, 2020, 0, 18909.0000, 38196180.0000000000, NULL, NULL, '2018-01-03 09:22:31', '2018-01-03 09:22:31', NULL, NULL, NULL, 2),
	(277, 121, 142, NULL, 1000, 0, 2193.0000, 2193000.0000000000, NULL, NULL, '2018-01-03 09:22:31', '2018-01-03 09:22:31', NULL, NULL, NULL, 2),
	(278, 121, 145, NULL, 1628, 0, 9036.0000, 14710608.0000000000, NULL, NULL, '2018-01-03 09:22:31', '2018-01-03 09:22:31', NULL, NULL, NULL, 2),
	(279, 121, 146, NULL, 208, 0, 1932.0000, 401856.0000000000, NULL, NULL, '2018-01-03 09:22:31', '2018-01-03 09:22:31', NULL, NULL, NULL, 2),
	(280, 121, 147, NULL, 1249, 0, 3385.0000, 4227865.0000000000, NULL, NULL, '2018-01-03 09:22:31', '2018-01-03 09:22:31', NULL, NULL, NULL, 2),
	(281, 121, 148, NULL, 3200, 0, 3677.0000, 11766400.0000000000, NULL, NULL, '2018-01-03 09:22:31', '2018-01-03 09:22:31', NULL, NULL, NULL, 2),
	(282, 121, 149, NULL, 1300, 0, 3677.0000, 4780100.0000000000, NULL, NULL, '2018-01-03 09:22:31', '2018-01-03 09:22:31', NULL, NULL, NULL, 2),
	(283, 121, 150, NULL, 120, 0, 4160.0000, 499200.0000000000, NULL, NULL, '2018-01-03 09:22:32', '2018-01-03 09:22:32', NULL, NULL, NULL, 2),
	(284, 121, 151, NULL, 4620, 0, 931.0000, 4301220.0000000000, NULL, NULL, '2018-01-03 09:22:32', '2018-01-03 09:22:32', NULL, NULL, NULL, 2),
	(285, 121, 155, NULL, 104, 0, 60509.0000, 6292936.0000000000, NULL, NULL, '2018-01-03 09:22:32', '2018-01-03 09:22:32', NULL, NULL, NULL, 2),
	(286, 121, 156, NULL, 373, 0, 33047.0000, 12326531.0000000000, NULL, NULL, '2018-01-03 09:22:32', '2018-01-03 09:22:32', NULL, NULL, NULL, 2),
	(287, 121, 163, NULL, 1000, 0, 2291.0000, 2291000.0000000000, NULL, NULL, '2018-01-03 09:22:32', '2018-01-03 09:22:32', NULL, NULL, NULL, 2),
	(288, 122, 150, NULL, 150, 0, 4160.0000, 624000.0000000000, NULL, NULL, '2018-01-03 09:28:52', '2018-01-03 09:28:52', NULL, NULL, NULL, 2),
	(289, 122, 151, NULL, 150, 0, 931.0000, 139650.0000000000, NULL, NULL, '2018-01-03 09:28:52', '2018-01-03 09:28:52', NULL, NULL, NULL, 2),
	(290, 122, 152, NULL, 5350, 0, 1350.0000, 7222500.0000000000, NULL, NULL, '2018-01-03 09:28:52', '2018-01-03 09:28:52', NULL, NULL, NULL, 2),
	(291, 122, 153, NULL, 2500, 0, 1716.0000, 4290000.0000000000, NULL, NULL, '2018-01-03 09:28:52', '2018-01-03 09:28:52', NULL, NULL, NULL, 2),
	(292, 122, 160, NULL, 6500, 0, 745.0000, 4842500.0000000000, NULL, NULL, '2018-01-03 09:28:52', '2018-01-03 09:28:52', NULL, NULL, NULL, 2),
	(293, 122, 161, NULL, 1700, 0, 1280.0000, 2176000.0000000000, NULL, NULL, '2018-01-03 09:28:52', '2018-01-03 09:28:52', NULL, NULL, NULL, 2),
	(294, 123, 138, NULL, 1935, 0, 13709.0000, 26526915.0000000000, NULL, NULL, '2018-01-03 09:38:02', '2018-01-03 09:38:02', NULL, NULL, NULL, 2),
	(295, 123, 139, NULL, 670, 0, 18909.0000, 12669030.0000000000, NULL, NULL, '2018-01-03 09:38:02', '2018-01-03 09:38:02', NULL, NULL, NULL, 2),
	(296, 123, 142, NULL, 2400, 0, 2193.0000, 5263200.0000000000, NULL, NULL, '2018-01-03 09:38:02', '2018-01-03 09:38:02', NULL, NULL, NULL, 2),
	(297, 123, 143, NULL, 240, 0, 3085.0000, 740400.0000000000, NULL, NULL, '2018-01-03 09:38:02', '2018-01-03 09:38:02', NULL, NULL, NULL, 2),
	(298, 123, 144, NULL, 300, 0, 6732.0000, 2019600.0000000000, NULL, NULL, '2018-01-03 09:38:03', '2018-01-03 09:38:03', NULL, NULL, NULL, 2),
	(299, 123, 147, NULL, 1018, 0, 3385.0000, 3445930.0000000000, NULL, NULL, '2018-01-03 09:38:03', '2018-01-03 09:38:03', NULL, NULL, NULL, 2),
	(300, 123, 148, NULL, 700, 0, 3677.0000, 2573900.0000000000, NULL, NULL, '2018-01-03 09:38:03', '2018-01-03 09:38:03', NULL, NULL, NULL, 2),
	(301, 123, 149, NULL, 50, 0, 3677.0000, 183850.0000000000, NULL, NULL, '2018-01-03 09:38:03', '2018-01-03 09:38:03', NULL, NULL, NULL, 2),
	(302, 123, 151, NULL, 750, 0, 931.0000, 698250.0000000000, NULL, NULL, '2018-01-03 09:38:03', '2018-01-03 09:38:03', NULL, NULL, NULL, 2),
	(303, 123, 156, NULL, 68, 0, 33047.0000, 2247196.0000000000, NULL, NULL, '2018-01-03 09:38:03', '2018-01-03 09:38:03', NULL, NULL, NULL, 2),
	(304, 123, 157, NULL, 4100, 0, 570.0000, 2337000.0000000000, NULL, NULL, '2018-01-03 09:38:03', '2018-01-03 09:38:03', NULL, NULL, NULL, 2),
	(305, 123, 158, NULL, 800, 0, 931.0000, 744800.0000000000, NULL, NULL, '2018-01-03 09:38:03', '2018-01-03 09:38:03', NULL, NULL, NULL, 2),
	(306, 123, 160, NULL, 9600, 0, 745.0000, 7152000.0000000000, NULL, NULL, '2018-01-03 09:38:03', '2018-01-03 09:38:03', NULL, NULL, NULL, 2),
	(307, 123, 161, NULL, 3200, 0, 1280.0000, 4096000.0000000000, NULL, NULL, '2018-01-03 09:38:03', '2018-01-03 09:38:03', NULL, NULL, NULL, 2),
	(308, 124, 141, NULL, 50, 0, 2073.0000, 103650.0000000000, NULL, NULL, '2018-01-03 09:43:46', '2018-01-03 09:43:46', NULL, NULL, NULL, 2),
	(309, 124, 152, NULL, 2000, 0, 1476.0000, 2952000.0000000000, NULL, NULL, '2018-01-03 09:43:46', '2018-01-03 09:43:46', NULL, NULL, NULL, 2),
	(310, 124, 153, NULL, 1000, 0, 1877.0000, 1877000.0000000000, NULL, NULL, '2018-01-03 09:43:46', '2018-01-03 09:43:46', NULL, NULL, NULL, 2),
	(311, 125, 163, NULL, 1500, 1500, 2291.0000, 3436500.0000000000, NULL, NULL, '2018-01-03 09:45:24', '2018-02-09 09:27:38', NULL, NULL, NULL, 2),
	(312, 126, 138, NULL, 1284, 0, 13709.0000, 17602356.0000000000, NULL, NULL, '2018-01-03 09:51:57', '2018-01-03 09:51:57', NULL, NULL, NULL, 2),
	(313, 126, 143, NULL, 760, 0, 3085.0000, 2344600.0000000000, NULL, NULL, '2018-01-03 09:51:57', '2018-01-03 09:51:57', NULL, NULL, NULL, 2),
	(314, 126, 147, NULL, 50, 0, 3385.0000, 169250.0000000000, NULL, NULL, '2018-01-03 09:51:57', '2018-01-03 09:51:57', NULL, NULL, NULL, 2),
	(315, 126, 148, NULL, 185, 0, 3677.0000, 680245.0000000000, NULL, NULL, '2018-01-03 09:51:57', '2018-01-03 09:51:57', NULL, NULL, NULL, 2),
	(316, 126, 149, NULL, 101, 0, 3677.0000, 371377.0000000000, NULL, NULL, '2018-01-03 09:51:57', '2018-01-03 09:51:57', NULL, NULL, NULL, 2),
	(317, 126, 151, NULL, 286, 0, 931.0000, 266266.0000000000, NULL, NULL, '2018-01-03 09:51:57', '2018-01-03 09:51:57', NULL, NULL, NULL, 2),
	(318, 126, 152, NULL, 350, 0, 1350.0000, 472500.0000000000, NULL, NULL, '2018-01-03 09:51:57', '2018-01-03 09:51:57', NULL, NULL, NULL, 2),
	(319, 126, 160, NULL, 1875, 0, 745.0000, 1396875.0000000000, NULL, NULL, '2018-01-03 09:51:57', '2018-01-03 09:51:57', NULL, NULL, NULL, 2),
	(320, 126, 161, NULL, 400, 0, 1280.0000, 512000.0000000000, NULL, NULL, '2018-01-03 09:51:57', '2018-01-03 09:51:57', NULL, NULL, NULL, 2),
	(322, 135, 173, NULL, 418, 0, 109000.0000, 45507500.0000000000, NULL, NULL, '2018-01-04 01:12:37', '2018-01-04 01:12:37', NULL, NULL, NULL, 2),
	(323, 135, 174, NULL, 405, 0, 82000.0000, 33210000.0000000000, NULL, NULL, '2018-01-04 01:12:37', '2018-01-04 01:12:37', NULL, NULL, NULL, 2),
	(324, 135, 175, NULL, 480, 0, 6500.0000, 3120000.0000000000, NULL, NULL, '2018-01-04 01:12:37', '2018-01-04 01:12:37', NULL, NULL, NULL, 2),
	(325, 135, 176, NULL, 13, 0, 177000.0000, 2301000.0000000000, NULL, NULL, '2018-01-04 01:12:37', '2018-01-04 01:12:37', NULL, NULL, NULL, 2),
	(326, 135, 177, NULL, 0, 0, 0.0000, 0.0000000000, NULL, NULL, '2018-01-04 01:12:38', '2018-01-04 01:12:38', NULL, NULL, NULL, 2),
	(327, 135, 178, NULL, 7, 0, 177000.0000, 1239000.0000000000, NULL, NULL, '2018-01-04 01:12:38', '2018-01-04 01:12:38', NULL, NULL, NULL, 2),
	(328, 135, 179, NULL, 14, 0, 7500.0000, 105000.0000000000, NULL, NULL, '2018-01-04 01:12:38', '2018-01-04 01:12:38', NULL, NULL, NULL, 2),
	(329, 135, 180, NULL, 606, 0, 2500.0000, 1515000.0000000000, NULL, NULL, '2018-01-04 01:12:38', '2018-01-04 01:12:38', NULL, NULL, NULL, 2),
	(330, 135, 181, NULL, 303, 0, 14000.0000, 4242000.0000000000, NULL, NULL, '2018-01-04 01:12:38', '2018-01-04 01:12:38', NULL, NULL, NULL, 2),
	(331, 135, 182, NULL, 100, 0, 15000.0000, 1500000.0000000000, NULL, NULL, '2018-01-04 01:12:38', '2018-01-04 01:12:38', NULL, NULL, NULL, 2),
	(332, 135, 183, NULL, 130, 0, 14000.0000, 1820000.0000000000, NULL, NULL, '2018-01-04 01:12:38', '2018-01-04 01:12:38', NULL, NULL, NULL, 2),
	(333, 135, 184, NULL, 40, 0, 14000.0000, 560000.0000000000, NULL, NULL, '2018-01-04 01:12:38', '2018-01-04 01:12:38', NULL, NULL, NULL, 2),
	(334, 136, 173, NULL, 655, 0, 109000.0000, 71395000.0000000000, NULL, NULL, '2018-01-04 01:44:38', '2018-01-04 01:44:38', NULL, NULL, NULL, 2),
	(335, 136, 174, NULL, 390, 0, 82000.0000, 31980000.0000000000, NULL, NULL, '2018-01-04 01:44:38', '2018-01-04 01:44:38', NULL, NULL, NULL, 2),
	(336, 136, 175, NULL, 702, 0, 6500.0000, 4563000.0000000000, NULL, NULL, '2018-01-04 01:44:38', '2018-01-04 01:44:38', NULL, NULL, NULL, 2),
	(337, 136, 176, NULL, 20, 0, 177000.0000, 3540000.0000000000, NULL, NULL, '2018-01-04 01:44:38', '2018-01-04 01:44:38', NULL, NULL, NULL, 2),
	(338, 136, 177, NULL, 0, 0, 0.0000, 0.0000000000, NULL, NULL, '2018-01-04 01:44:38', '2018-01-04 01:44:38', NULL, NULL, NULL, 2),
	(339, 136, 178, NULL, 10, 0, 177000.0000, 1770000.0000000000, NULL, NULL, '2018-01-04 01:44:38', '2018-01-04 01:44:38', NULL, NULL, NULL, 2),
	(340, 136, 179, NULL, 18, 0, 7500.0000, 135000.0000000000, NULL, NULL, '2018-01-04 01:44:38', '2018-01-04 01:44:38', NULL, NULL, NULL, 2),
	(341, 136, 180, NULL, 1100, 0, 2500.0000, 2750000.0000000000, NULL, NULL, '2018-01-04 01:44:38', '2018-01-04 01:44:38', NULL, NULL, NULL, 2),
	(342, 136, 181, NULL, 476, 0, 14000.0000, 6664000.0000000000, NULL, NULL, '2018-01-04 01:44:38', '2018-01-04 01:44:38', NULL, NULL, NULL, 2),
	(343, 136, 182, NULL, 106, 0, 15000.0000, 1590000.0000000000, NULL, NULL, '2018-01-04 01:44:38', '2018-01-04 01:44:38', NULL, NULL, NULL, 2),
	(344, 136, 183, NULL, 136, 0, 14000.0000, 1904000.0000000000, NULL, NULL, '2018-01-04 01:44:38', '2018-01-04 01:44:38', NULL, NULL, NULL, 2),
	(345, 136, 184, NULL, 44, 0, 14000.0000, 616000.0000000000, NULL, NULL, '2018-01-04 01:44:38', '2018-01-04 01:44:38', NULL, NULL, NULL, 2),
	(346, 137, 173, NULL, 218, 0, 109000.0000, 23762000.0000000000, NULL, NULL, '2018-01-04 01:50:58', '2018-01-04 01:50:58', NULL, NULL, NULL, 2),
	(347, 137, 174, NULL, 495, 0, 82000.0000, 40590000.0000000000, NULL, NULL, '2018-01-04 01:50:58', '2018-01-04 01:50:58', NULL, NULL, NULL, 2),
	(348, 137, 175, NULL, 258, 0, 6500.0000, 1677000.0000000000, NULL, NULL, '2018-01-04 01:50:58', '2018-01-04 01:50:58', NULL, NULL, NULL, 2),
	(349, 137, 176, NULL, 7, 0, 94000.0000, 658000.0000000000, NULL, NULL, '2018-01-04 01:50:58', '2018-01-04 01:50:58', NULL, NULL, NULL, 2),
	(350, 137, 177, NULL, 19, 0, 83000.0000, 1577000.0000000000, NULL, NULL, '2018-01-04 01:50:58', '2018-01-04 01:50:58', NULL, NULL, NULL, 2),
	(351, 137, 178, NULL, 10, 0, 177000.0000, 1770000.0000000000, NULL, NULL, '2018-01-04 01:50:58', '2018-01-04 01:50:58', NULL, NULL, NULL, 2),
	(352, 137, 179, NULL, 8, 0, 7500.0000, 60000.0000000000, NULL, NULL, '2018-01-04 01:50:58', '2018-01-04 01:50:58', NULL, NULL, NULL, 2),
	(353, 137, 180, NULL, 114, 0, 2500.0000, 285000.0000000000, NULL, NULL, '2018-01-04 01:50:58', '2018-01-04 01:50:58', NULL, NULL, NULL, 2),
	(354, 137, 181, NULL, 133, 0, 14000.0000, 1862000.0000000000, NULL, NULL, '2018-01-04 01:50:58', '2018-01-04 01:50:58', NULL, NULL, NULL, 2),
	(355, 137, 182, NULL, 0, 0, 0.0000, 0.0000000000, NULL, NULL, '2018-01-04 01:50:58', '2018-01-04 01:50:58', NULL, NULL, NULL, 2),
	(356, 137, 183, NULL, 0, 0, 0.0000, 0.0000000000, NULL, NULL, '2018-01-04 01:50:58', '2018-01-04 01:50:58', NULL, NULL, NULL, 2),
	(357, 137, 184, NULL, 0, 0, 0.0000, 0.0000000000, NULL, NULL, '2018-01-04 01:50:58', '2018-01-04 01:50:58', NULL, NULL, NULL, 2),
	(358, 138, 185, NULL, 60, 60, 24200.0000, 1452000.0000000000, NULL, NULL, '2018-01-04 02:04:44', '2018-01-05 06:31:01', NULL, NULL, NULL, 2),
	(359, 138, 186, NULL, 180, 180, 42300.0000, 7614000.0000000000, NULL, NULL, '2018-01-04 02:04:44', '2018-01-05 06:31:01', NULL, NULL, NULL, 2),
	(360, 138, 187, NULL, 420, 420, 84700.0000, 35574000.0000000000, NULL, NULL, '2018-01-04 02:04:44', '2018-01-05 06:31:01', NULL, NULL, NULL, 2),
	(361, 138, 188, NULL, 72, 72, 91100.0000, 6559200.0000000000, NULL, NULL, '2018-01-04 02:04:44', '2018-01-05 06:31:01', NULL, NULL, NULL, 2),
	(362, 138, 189, NULL, 1, 1, 909091.0000, 909091.0000000000, NULL, NULL, '2018-01-04 02:04:44', '2018-01-05 06:31:01', NULL, NULL, NULL, 2),
	(363, 141, 192, NULL, 12, 12, 661200.0000, 7934400.0000000000, NULL, NULL, '2018-01-04 02:12:05', '2018-01-05 06:34:34', NULL, NULL, NULL, 2),
	(364, 141, 189, NULL, 1, 1, 500000.0000, 500000.0000000000, NULL, NULL, '2018-01-04 02:12:06', '2018-01-05 06:34:34', NULL, NULL, NULL, 2),
	(365, 142, 194, NULL, 14, 0, 1400000.0000, 19600000.0000000000, NULL, NULL, '2018-01-04 02:27:06', '2018-01-04 02:27:06', NULL, NULL, NULL, 2),
	(366, 142, 195, NULL, 11, 0, 1050000.0000, 11550000.0000000000, NULL, NULL, '2018-01-04 02:27:06', '2018-01-04 02:27:06', NULL, NULL, NULL, 2),
	(367, 142, 196, NULL, 8, 0, 2300000.0000, 18400000.0000000000, NULL, NULL, '2018-01-04 02:27:06', '2018-01-04 02:27:06', NULL, NULL, NULL, 2),
	(368, 142, 197, NULL, 1, 0, 960000.0000, 960000.0000000000, NULL, NULL, '2018-01-04 02:27:06', '2018-01-04 02:27:06', NULL, NULL, NULL, 2),
	(369, 142, 198, NULL, 2, 0, 10000000.0000, 20000000.0000000000, NULL, NULL, '2018-01-04 02:27:06', '2018-01-04 02:27:06', NULL, NULL, NULL, 2),
	(370, 143, 194, NULL, 23, 0, 1400000.0000, 32200000.0000000000, NULL, NULL, '2018-01-04 02:33:01', '2018-01-04 02:33:01', NULL, NULL, NULL, 2),
	(371, 143, 195, NULL, 11, 0, 1050000.0000, 11550000.0000000000, NULL, NULL, '2018-01-04 02:33:01', '2018-01-04 02:33:01', NULL, NULL, NULL, 2),
	(372, 143, 196, NULL, 11, 0, 2300000.0000, 25300000.0000000000, NULL, NULL, '2018-01-04 02:33:01', '2018-01-04 02:33:01', NULL, NULL, NULL, 2),
	(373, 143, 198, NULL, 1, 0, 10000000.0000, 10000000.0000000000, NULL, NULL, '2018-01-04 02:33:01', '2018-01-04 02:33:01', NULL, NULL, NULL, 2),
	(374, 144, 194, NULL, 21, 0, 1400000.0000, 29400000.0000000000, NULL, NULL, '2018-01-04 02:39:06', '2018-01-04 02:39:06', NULL, NULL, NULL, 2),
	(375, 144, 195, NULL, 6, 0, 1050000.0000, 6300000.0000000000, NULL, NULL, '2018-01-04 02:39:06', '2018-01-04 02:39:06', NULL, NULL, NULL, 2),
	(376, 145, 199, NULL, 5400, 0, 1900.0000, 10260000.0000000000, NULL, NULL, '2018-01-04 02:45:09', '2018-01-04 02:45:09', NULL, NULL, NULL, 2),
	(377, 148, 202, NULL, 1500, 0, 2100.0000, 3150000.0000000000, NULL, NULL, '2018-01-04 03:17:05', '2018-01-04 03:17:05', NULL, NULL, NULL, 2),
	(378, 148, 203, NULL, 1500, 0, 2200.0000, 3300000.0000000000, NULL, NULL, '2018-01-04 03:17:05', '2018-01-04 03:17:05', NULL, NULL, NULL, 2),
	(379, 148, 204, NULL, 500, 0, 9200.0000, 4600000.0000000000, NULL, NULL, '2018-01-04 03:17:06', '2018-01-04 03:17:06', NULL, NULL, NULL, 2),
	(380, 148, 205, NULL, 2500, 0, 800.0000, 2000000.0000000000, NULL, NULL, '2018-01-04 03:17:06', '2018-01-04 03:17:06', NULL, NULL, NULL, 2),
	(381, 148, 206, NULL, 8000, 0, 170.0000, 1360000.0000000000, NULL, NULL, '2018-01-04 03:17:06', '2018-01-04 03:17:06', NULL, NULL, NULL, 2),
	(382, 148, 207, NULL, 1000, 0, 660.0000, 660000.0000000000, NULL, NULL, '2018-01-04 03:17:06', '2018-01-04 03:17:06', NULL, NULL, NULL, 2),
	(383, 148, 208, NULL, 2000, 0, 60.0000, 120000.0000000000, NULL, NULL, '2018-01-04 03:17:06', '2018-01-04 03:17:06', NULL, NULL, NULL, 2),
	(384, 148, 209, NULL, 2000, 0, 40.0000, 80000.0000000000, NULL, NULL, '2018-01-04 03:17:06', '2018-01-04 03:17:06', NULL, NULL, NULL, 2),
	(385, 148, 210, NULL, 80, 0, 4500.0000, 360000.0000000000, NULL, NULL, '2018-01-04 03:17:06', '2018-01-04 03:17:06', NULL, NULL, NULL, 2),
	(386, 148, 211, NULL, 40, 0, 3500.0000, 140000.0000000000, NULL, NULL, '2018-01-04 03:17:06', '2018-01-04 03:17:06', NULL, NULL, NULL, 2),
	(387, 148, 212, NULL, 800, 0, 3300.0000, 2640000.0000000000, NULL, NULL, '2018-01-04 03:17:06', '2018-01-04 03:17:06', NULL, NULL, NULL, 2),
	(388, 148, 213, NULL, 40, 0, 2400.0000, 96000.0000000000, NULL, NULL, '2018-01-04 03:17:07', '2018-01-04 03:17:07', NULL, NULL, NULL, 2),
	(389, 148, 214, NULL, 300, 0, 14400.0000, 4320000.0000000000, NULL, NULL, '2018-01-04 03:17:07', '2018-01-04 03:17:07', NULL, NULL, NULL, 2),
	(390, 148, 215, NULL, 400, 0, 1350.0000, 540000.0000000000, NULL, NULL, '2018-01-04 03:17:07', '2018-01-04 03:17:07', NULL, NULL, NULL, 2),
	(391, 148, 216, NULL, 800, 0, 1350.0000, 1080000.0000000000, NULL, NULL, '2018-01-04 03:17:07', '2018-01-04 03:17:07', NULL, NULL, NULL, 2),
	(392, 148, 217, NULL, 400, 0, 4395.0000, 1758000.0000000000, NULL, NULL, '2018-01-04 03:17:07', '2018-01-04 03:17:07', NULL, NULL, NULL, 2),
	(393, 148, 218, NULL, 250, 0, 3730.0000, 932500.0000000000, NULL, NULL, '2018-01-04 03:17:07', '2018-01-04 03:17:07', NULL, NULL, NULL, 2),
	(394, 148, 219, NULL, 2800, 0, 250.0000, 700000.0000000000, NULL, NULL, '2018-01-04 03:17:07', '2018-01-04 03:17:07', NULL, NULL, NULL, 2),
	(395, 148, 220, NULL, 2800, 0, 70.0000, 196000.0000000000, NULL, NULL, '2018-01-04 03:17:07', '2018-01-04 03:17:07', NULL, NULL, NULL, 2),
	(396, 148, 221, NULL, 12000, 0, 90.0000, 1080000.0000000000, NULL, NULL, '2018-01-04 03:17:07', '2018-01-04 03:17:07', NULL, NULL, NULL, 2),
	(397, 148, 222, NULL, 12000, 0, 60.0000, 720000.0000000000, NULL, NULL, '2018-01-04 03:17:07', '2018-01-04 03:17:07', NULL, NULL, NULL, 2),
	(398, 148, 223, NULL, 1, 0, 60000.0000, 60000.0000000000, NULL, NULL, '2018-01-04 03:17:08', '2018-01-04 03:17:08', NULL, NULL, NULL, 2),
	(403, 153, 234, '2017-11-09', 2000, 0, 6858.0000, 15087600.0000000020, NULL, NULL, '2018-03-29 09:58:55', '2018-03-29 09:58:55', NULL, 10.00, 1371600.0000000000, 2),
	(420, 166, 244, '2018-10-18', 1, 0, 269455000.0000, 296400500.0000000000, NULL, NULL, '2018-03-30 07:45:55', '2018-03-30 07:45:55', NULL, 10.00, 26945500.0000000000, 2),
	(421, 166, 245, '2018-10-18', 1, 0, 33083000.0000, 36391300.0000000000, NULL, NULL, '2018-03-30 07:45:55', '2018-03-30 07:45:55', NULL, 10.00, 3308300.0000000000, 2),
	(422, 166, 246, '2018-10-18', 10, 0, 23174000.0000, 254914000.0000000300, NULL, NULL, '2018-03-30 07:45:55', '2018-03-30 07:45:55', NULL, 10.00, 23174000.0000000000, 2),
	(423, 166, 247, '2018-10-18', 1, 0, 35026000.0000, 38528600.0000000000, NULL, NULL, '2018-03-30 07:45:55', '2018-03-30 07:45:55', NULL, 10.00, 3502600.0000000000, 2),
	(424, 166, 248, '2018-10-18', 1, 0, 17646000.0000, 19410600.0000000000, NULL, NULL, '2018-03-30 07:45:55', '2018-03-30 07:45:55', NULL, 10.00, 1764600.0000000000, 2),
	(425, 167, 249, '2018-01-24', 1, 0, 28650000.0000, 31515000.0000000040, NULL, NULL, '2018-03-31 03:41:54', '2018-03-31 03:41:54', NULL, 10.00, 2865000.0000000000, 2),
	(426, 167, 250, '2018-01-24', 1, 0, 22668000.0000, 24934800.0000000040, NULL, NULL, '2018-03-31 03:41:54', '2018-03-31 03:41:54', NULL, 10.00, 2266800.0000000000, 2),
	(427, 167, 251, '2018-01-24', 1, 0, 6572000.0000, 7229200.0000000010, NULL, NULL, '2018-03-31 03:41:54', '2018-03-31 03:41:54', NULL, 10.00, 657200.0000000000, 2),
	(428, 167, 252, '2018-01-24', 1, 0, 26774000.0000, 29451400.0000000040, NULL, NULL, '2018-03-31 03:41:54', '2018-03-31 03:41:54', NULL, 10.00, 2677400.0000000000, 2),
	(429, 167, 253, '2018-01-24', 1, 0, 19103000.0000, 21013300.0000000000, NULL, NULL, '2018-03-31 03:41:54', '2018-03-31 03:41:54', NULL, 10.00, 1910300.0000000000, 2),
	(430, 167, 254, '2018-01-24', 1, 0, 9958000.0000, 10953800.0000000000, NULL, NULL, '2018-03-31 03:41:54', '2018-03-31 03:41:54', NULL, 10.00, 995800.0000000000, 2),
	(431, 167, 255, '2018-01-24', 1, 0, 9958000.0000, 10953800.0000000000, NULL, NULL, '2018-03-31 03:41:55', '2018-03-31 03:41:55', NULL, 10.00, 995800.0000000000, 2),
	(432, 167, 256, '2018-01-24', 1, 0, 24739000.0000, 27212900.0000000040, NULL, NULL, '2018-03-31 03:41:55', '2018-03-31 03:41:55', NULL, 10.00, 2473900.0000000000, 2),
	(433, 167, 257, '2018-01-24', 1, 0, 20033000.0000, 22036300.0000000000, NULL, NULL, '2018-03-31 03:41:55', '2018-03-31 03:41:55', NULL, 10.00, 2003300.0000000000, 2),
	(434, 167, 258, '2018-01-24', 1, 0, 21044000.0000, 23148400.0000000040, NULL, NULL, '2018-03-31 03:41:55', '2018-03-31 03:41:55', NULL, 10.00, 2104400.0000000000, 2),
	(435, 167, 259, '2018-01-24', 1, 0, 9355000.0000, 10290500.0000000000, NULL, NULL, '2018-03-31 03:41:55', '2018-03-31 03:41:55', NULL, 10.00, 935500.0000000000, 2),
	(436, 167, 260, '2018-01-24', 1, 0, 5629000.0000, 6191900.0000000010, NULL, NULL, '2018-03-31 03:41:55', '2018-03-31 03:41:55', NULL, 10.00, 562900.0000000000, 2),
	(437, 167, 261, '2018-01-24', 1, 0, 30364000.0000, 33400400.0000000040, NULL, NULL, '2018-03-31 03:41:55', '2018-03-31 03:41:55', NULL, 10.00, 3036400.0000000000, 2),
	(438, 167, 262, '2018-01-24', 1, 0, 23208000.0000, 25528800.0000000040, NULL, NULL, '2018-03-31 03:41:56', '2018-03-31 03:41:56', NULL, 10.00, 2320800.0000000000, 2),
	(439, 167, 263, '2018-01-24', 1, 0, 22404000.0000, 24644400.0000000040, NULL, NULL, '2018-03-31 03:41:56', '2018-03-31 03:41:56', NULL, 10.00, 2240400.0000000000, 2),
	(440, 167, 264, '2018-01-24', 1, 0, 40485000.0000, 44533500.0000000000, NULL, NULL, '2018-03-31 03:41:56', '2018-03-31 03:41:56', NULL, 10.00, 4048500.0000000000, 2),
	(441, 167, 265, '2018-01-24', 1, 0, 31774000.0000, 34951400.0000000000, NULL, NULL, '2018-03-31 03:41:56', '2018-03-31 03:41:56', NULL, 10.00, 3177400.0000000000, 2),
	(442, 167, 266, '2018-01-24', 1, 0, 22095000.0000, 24304500.0000000040, NULL, NULL, '2018-03-31 03:41:56', '2018-03-31 03:41:56', NULL, 10.00, 2209500.0000000000, 2),
	(443, 167, 267, '2018-01-24', 1, 0, 13378000.0000, 14715800.0000000020, NULL, NULL, '2018-03-31 03:41:56', '2018-03-31 03:41:56', NULL, 10.00, 1337800.0000000000, 2),
	(444, 167, 268, '2018-01-24', 1, 0, 9322000.0000, 10254200.0000000000, NULL, NULL, '2018-03-31 03:41:56', '2018-03-31 03:41:56', NULL, 10.00, 932200.0000000000, 2),
	(445, 167, 269, '2018-01-24', 1, 0, 17977000.0000, 19774700.0000000000, NULL, NULL, '2018-03-31 03:41:56', '2018-03-31 03:41:56', NULL, 10.00, 1797700.0000000000, 2),
	(446, 167, 270, '2018-01-24', 1, 0, 22930000.0000, 25223000.0000000040, NULL, NULL, '2018-03-31 03:41:57', '2018-03-31 03:41:57', NULL, 10.00, 2293000.0000000000, 2),
	(447, 167, 271, '2018-01-24', 1, 0, 3000000.0000, 3300000.0000000005, NULL, NULL, '2018-03-31 03:41:57', '2018-03-31 03:41:57', NULL, 10.00, 300000.0000000000, 2);
/*!40000 ALTER TABLE `trackers` ENABLE KEYS */;

-- Dumping structure for table tracker.users
DROP TABLE IF EXISTS `users`;
CREATE TABLE IF NOT EXISTS `users` (
  `id` int(10) unsigned NOT NULL AUTO_INCREMENT,
  `name` varchar(255) COLLATE utf8mb4_unicode_ci NOT NULL,
  `username` varchar(255) COLLATE utf8mb4_unicode_ci NOT NULL,
  `email` varchar(255) COLLATE utf8mb4_unicode_ci NOT NULL,
  `birthday` date DEFAULT NULL,
  `avatar` varchar(255) COLLATE utf8mb4_unicode_ci DEFAULT NULL,
  `UID` varchar(255) COLLATE utf8mb4_unicode_ci DEFAULT NULL,
  `id_number` varchar(255) COLLATE utf8mb4_unicode_ci DEFAULT NULL,
  `native_place` varchar(255) COLLATE utf8mb4_unicode_ci DEFAULT NULL,
  `phone_number` varchar(255) COLLATE utf8mb4_unicode_ci DEFAULT NULL,
  `order` int(11) DEFAULT '0',
  `workplace` varchar(255) COLLATE utf8mb4_unicode_ci DEFAULT 'MEC Hà Nội',
  `address` varchar(255) COLLATE utf8mb4_unicode_ci DEFAULT NULL,
  `current_job` varchar(255) COLLATE utf8mb4_unicode_ci DEFAULT NULL,
  `current_workplace` varchar(255) COLLATE utf8mb4_unicode_ci DEFAULT NULL,
  `family_status` varchar(255) COLLATE utf8mb4_unicode_ci DEFAULT NULL,
  `mariage_status` varchar(255) COLLATE utf8mb4_unicode_ci DEFAULT NULL,
  `joined_at` varchar(255) COLLATE utf8mb4_unicode_ci DEFAULT NULL,
  `password` varchar(255) COLLATE utf8mb4_unicode_ci NOT NULL,
  `remember_token` varchar(100) COLLATE utf8mb4_unicode_ci DEFAULT NULL,
  `created_at` timestamp NULL DEFAULT NULL,
  `updated_at` timestamp NULL DEFAULT NULL,
  `role` int(11) NOT NULL,
  PRIMARY KEY (`id`),
  UNIQUE KEY `users_username_unique` (`username`),
  UNIQUE KEY `users_email_unique` (`email`)
) ENGINE=InnoDB AUTO_INCREMENT=34 DEFAULT CHARSET=utf8mb4 COLLATE=utf8mb4_unicode_ci;

-- Dumping data for table tracker.users: ~33 rows (approximately)
DELETE FROM `users`;
/*!40000 ALTER TABLE `users` DISABLE KEYS */;
INSERT INTO `users` (`id`, `name`, `username`, `email`, `birthday`, `avatar`, `UID`, `id_number`, `native_place`, `phone_number`, `order`, `workplace`, `address`, `current_job`, `current_workplace`, `family_status`, `mariage_status`, `joined_at`, `password`, `remember_token`, `created_at`, `updated_at`, `role`) VALUES
	(1, 'Phạm Bá Trung Thành', 'admin', 'admin@localhost', NULL, NULL, '', '', '', '', 0, 'MEC Hà Nội', '', '', '', '', '', '', '$2y$10$eJYgZNnXE241XSlOUbLVX.R4ZZnTbcrjlwPa/T0Xnsrl1YJc1W8QW', '5fUX5ckcVLto8oIRmJC1dqIbBXUov1i4DkE7JoghRbUQNor0boAbhoOf2P3q', NULL, '2018-03-13 09:10:37', 0),
	(2, 'Nguyễn Thúy Phương', 'nguyen-thuy-phuong', 'nguyenthuyphuong@mec.vn', NULL, NULL, '', '', '', '', 0, 'MEC Hà Nội', '', '', '', '', '', '', '$2y$10$eJYgZNnXE241XSlOUbLVX.R4ZZnTbcrjlwPa/T0Xnsrl1YJc1W8QW', NULL, '2018-01-02 05:24:14', '2018-01-02 05:24:14', 2),
	(3, 'Ngô Thúy Hằng', 'ngo-thuy-hang', 'ngothuyhang@mec.vn', '1989-09-22', NULL, '', '', '', '', 0, 'MEC Hà Nội', '', '', '', '', '', '', '$2y$10$1wnW64DvgWJ0Q1QQnQtOe.a9tF7gGt/EnDzlAXUviesz1OXdc6xw.', NULL, '2018-01-03 02:24:26', '2018-01-03 02:24:26', 3),
	(4, 'Hà Huy Dũng', 'ha-huy-dung', 'hahuydung@mec.vn', NULL, NULL, NULL, NULL, NULL, NULL, 0, 'MEC Hà Nội', NULL, NULL, NULL, NULL, NULL, NULL, '$2y$10$5fFRIRJ9iszFXXfiSgH3aOJRSDDn0XuTEn4SKWHAUvAQ5sybrnKia', NULL, '2018-02-09 02:51:23', '2018-02-09 02:51:23', 1),
	(5, 'Nguyễn Hà Thanh', 'nguyen-ha-thanh', 'nguyenhathanh@mec.vn', '1970-06-16', NULL, NULL, '011587199', 'Hà Nội', '0903410456', 1, 'MEC Hà Nội', 'Liễu Gia, Ba Đình, HN', NULL, NULL, NULL, NULL, NULL, '$2y$10$Rt8MbsvHlr86FYKLy4whsettL0dsipMUDu1/AO37Djs3RGLHg5BGm', NULL, '2018-02-09 02:58:52', '2018-03-29 09:30:05', 1),
	(6, 'Trần Thanh Phong', 'tran-thanh-phong', 'tranthanhphong@mec.vn', '1970-07-09', NULL, NULL, '111384190', 'Hà Nội', '0913302785', 2, 'MEC Hà Nội', 'Kiến Hưng, Hà Đông, HN', NULL, NULL, NULL, NULL, NULL, '$2y$10$A.diVy2/R3NgfAXwZZOmveLoaMRm1GIQj99jGCsPFAMN6fAQQRZRy', NULL, '2018-02-09 03:01:15', '2018-02-09 03:01:15', 1),
	(7, 'Trương Phúc An', 'truong-phuc-an', 'truongphucan@mec.vn', '1972-11-15', NULL, NULL, '011978834', 'Hà Nội', '0913225021', 3, 'MEC Hà Nội', '204G4 Hào Nam, Đống Đa, HN', NULL, NULL, NULL, NULL, NULL, '$2y$10$lrspskBzLrWKQYmwcnRBDetyLgdzbG7LRv0yX1/aEE4ceuaBZ1s0y', NULL, '2018-02-09 03:02:05', '2018-02-09 03:02:05', 1),
	(8, 'Hà Đức Hạnh', 'ha-duc-hanh', 'haduchanh@mec.vn', '1992-10-27', NULL, NULL, '012868768', 'Hà Nội', '0981232138', 4, 'MEC Hà Nội', 'Hoàng Mai, HN', NULL, NULL, NULL, NULL, NULL, '$2y$10$W4Vjus6bzYOQFgwzQgk7Cuv0hmeFbIuzIyyQvyQgpcp7AYIe05N5u', NULL, '2018-02-09 03:03:59', '2018-02-09 03:03:59', 1),
	(9, 'Phạm Thị Ánh Tuyết', 'pham-thi-anh-tuyet', 'phamanhtuyet@mec.vn', '1970-01-13', NULL, NULL, '001172000924', 'Hà Nội', '0913201113', 5, 'MEC Hà Nội', '22 Ngách 119 Ngoc Thổ Quan- HN', NULL, NULL, 'Có 2 con gái', 'Đã kết hôn', NULL, '$2y$10$KLR3r0jIa3PjaOCKKrASUOxgYQ.v4qVAO7q96HBqIZkI/63AlixXO', NULL, '2018-02-09 03:05:00', '2018-03-29 08:53:13', 1),
	(10, 'Hà Thị Lương', 'ha-thi-luong', 'hathiluong@mec.vn', '1957-12-20', NULL, NULL, '042157000017', 'Hà Tĩnh', '0973058195', 0, 'MEC Hà Nội', 'Số 14 Mỗ Lao, HN', 'Thủ Quỹ', 'VP', 'Có 1 con trai và 1 con gái', 'Đã kết hôn', '1991', '$2y$10$kIxHDiCZFlZAy3LqnJxqr.6RAjwRqVx.mSLgtRfb8mL.fiuR9ulO.', NULL, '2018-02-09 03:06:57', '2018-02-09 03:06:57', 3),
	(11, 'Lê Thị Thùy Linh', 'le-thi-thuy-linh', 'lethuylinh@mec.vn', '1990-07-05', NULL, NULL, '173052876', 'Thanh Hóa', '0973635958', 0, 'MEC Hà Nội', 'Hải Ninh, Tĩnh Gia, Thanh Hóa', 'Kế toán', 'VP', NULL, 'Độc thân', '8/2012', '$2y$10$UYgO.bTjdHGTlV67kPTGCexoDqongEblQJ/QxmUNQtx5fQ0qcTkb2', NULL, '2018-02-09 03:08:19', '2018-02-09 03:08:19', 3),
	(12, 'Phạm Thị Hương', 'pham-thi-huong', 'phamhuong@mec.vn', '1979-11-17', NULL, NULL, '013117673', 'Hưng Yên', '0912419691', 0, 'MEC Hà Nội', '51/188 Tự Đình, Long Biên, HN', 'Đấu thầu và mua hàng', 'VP', 'Có 2 con gái lớp 3 và lớp 5', 'Đã kết hôn', '3/11/2003', '$2y$10$1fnS5/GSPP0JJPALbOmF.ebBKTfVA23M.kN/cFvbMC/HIVDBc8x8m', NULL, '2018-02-09 03:10:09', '2018-02-09 03:10:09', 2),
	(13, 'Nguyễn Hoài Thu', 'nguyen-hoai-thu', 'nguyenhoaithu@mec.vn', '1990-08-11', NULL, NULL, '012814112', 'Hà Nội', '0966695006', 0, 'MEC Hà Nội', 'P1218, CT10A Đại Thanh, Thanh Trì, HN', 'Đấu thầu và mua hàng', 'VP', 'Có 1 con trai', 'Đã kết hôn', '11/2013', '$2y$10$aJvomQKk2h8RPpD5w14fvupAwlV5PNPRmAKp.nE0PK4hOhejFw0pm', NULL, '2018-02-09 03:11:07', '2018-03-28 09:37:21', 2),
	(14, 'Đàm Thị Thương', 'dam-thi-thuong', 'damthuong@mec.vn', '1982-10-29', NULL, NULL, '145072555', 'Hưng Yên', '0914719708', 0, 'MEC Hà Nội', 'P2107 CC BTTM, Mỹ Đình, Từ Liêm, HN', 'NV văn phòng', 'CT Vũ Trọng Phụng', 'Có 2 con', 'Đã kết hôn', '3/2012', '$2y$10$mrlWNvVkzeV.wj7VOCrKe..qFtFKCDFgd1rxMfpa9hwRIzRqpw29q', NULL, '2018-02-09 03:13:13', '2018-02-09 03:13:13', 3),
	(15, 'Trần Lam La', 'tran-lam-la', 'tranlamla@gmail.com', NULL, NULL, NULL, NULL, 'Hà Nội', '096.589.6116', 0, 'MEC Campuchia', NULL, 'NV dự án', 'CN Campuchia', NULL, NULL, NULL, '$2y$10$LQ5EH7fDzM4cZi73w1WEie5u4UElx.oKUU161CbJftecUjKq7AQ16', NULL, '2018-02-09 03:33:03', '2018-02-09 03:33:03', 2),
	(16, 'Trần Ngọc Toàn', 'tran-ngoc-toan', 'tranngoctoan@mec.vn', '1969-06-17', NULL, NULL, NULL, 'Huế', '0903262745', 0, 'MEC Hà Nội', '267 tổ 41Phường Hoàng Văn Thụ, Hoàng Mai, HN', 'NV lái xe', 'VP', 'Có 3 con', 'Đã kết hôn', '6/6/1998', '$2y$10$tWonwIB0.HCNkLunBFhx1.K8mjGxhJtFH0JUxmTTpr8smirmjLp9C', NULL, '2018-02-09 03:34:15', '2018-02-09 03:34:15', 5),
	(17, 'Nguyễn Thị Phương', 'nguyen-thi-phuong', 'nguyenphuong@mec.vn', '1990-08-10', NULL, NULL, '183693438', 'Hà Tĩnh', '0974241768', 0, 'MEC Hà Nội', 'Cẩm Xuyên ,Hà Tĩnh', 'NV văn phòng', 'VP', 'Chưa có con', 'Đã kết hôn', '11/2012', '$2y$10$Fz91uKJOgMk6IdF2X32/VunG.amCHi5ecdCgFT/ev5a4m0kPOf0nu', NULL, '2018-02-09 03:35:13', '2018-02-09 03:35:13', 5),
	(18, 'Lê Thị Huyền', 'le-thi-huyen', 'lethihuyen@mec.vn', '1985-07-02', NULL, NULL, '112087790', 'Hà Nội', '0986164426', 0, 'MEC Hà Nội', 'Hoàng Mai, HN', 'Nấu ăn & dọn dẹp VP', 'VP', 'Có 1 con gái', 'Đã kết hôn', '05/2005', '$2y$10$my8w41.ezWxSpElUirY2c.F8VzplOvVpYrM7Gt8fRhE1JB6FNJIq2', NULL, '2018-02-09 03:36:18', '2018-02-09 03:36:18', 5),
	(19, 'Phạm Bá Trung Thành', 'pham-ba-trung-thanh', 'phambatrungthanh@gmail.com', '1992-01-09', NULL, NULL, '079092000009', 'Hải Dương', '01252773450', 0, 'MEC Hà Nội', 'Quận Hai Bà Trưng, HN', 'IT', 'VP', NULL, 'Độc thân', '08/2017', '$2y$10$VlzKMJ8F4doUocCv2YqatOGPJtDi0cg69tH8jgqYnLBaVOtqdQ5/G', NULL, '2018-02-09 03:37:17', '2018-03-30 03:07:25', 5),
	(20, 'Nguyễn Quang Nhật', 'nguyen-quang-nhat', 'nguyenquangnhat@mec.vn', '1978-01-28', NULL, NULL, '182186799', 'Nghệ An', '0915055416', 0, 'MEC Hà Nội', 'P1520 CC Đại Thanh,Thanh Trì, HN', 'Kỹ sư nước', 'CT Thành Thái & Cao Hotel ', 'Có 1 vợ, 1 con gái, 1 con trai', 'Đã kết hôn', '2003', '$2y$10$GY3kRRJRHVcshy5DU9XnDORbVp2KbBx2Qn5Kop4YmxH1HeyqW7f/6', NULL, '2018-02-09 03:38:35', '2018-02-09 03:38:35', 4),
	(21, 'Bùi Thanh Tùng', 'bui-thanh-tung', 'buithanhtung@mec.vn', '1982-11-03', NULL, NULL, '012065434', 'Hà Nội', '0983658482', 0, 'MEC Hà Nội', '330B Ngọc Lâm, Long Biên, Hà Nội', 'QLDA- Kỹ sư nước', 'CT Vũ Trọng Phụng', 'Có 1 vợ và 2 con trai', 'Đã kết hôn', '5/2007', '$2y$10$PxrculPXCc4aH27kyYIRp.po0b.3PG0jEY7CrsCQSZR.LhcjCuP6a', NULL, '2018-02-09 03:39:22', '2018-02-09 03:39:22', 4),
	(22, 'Ngô Đức Yên', 'ngo-duc-yen', 'ngoducyen@mec.vn', '1987-03-03', NULL, NULL, '162882983', 'Nam Định', '0979493387', 0, 'MEC Hà Nội', 'Tân Yên, Ý Yên. Nam Định', 'Kỹ sư nước', 'VP\r\n', NULL, 'Độc thân', '18/9/2017', '$2y$10$jU4DCQmAvw/GiwWRIh4SDuYh1ysy9Rr8gXwMvdZpOT3v2kahoZBtW', NULL, '2018-02-09 03:40:51', '2018-02-09 03:40:51', 4),
	(23, 'Trần Tuấn Long', 'tran-tuan-long', 'trantuanlong@mec.vn', '1973-10-03', NULL, NULL, '0116675551', 'Hà Nội', '0912015220', 0, 'MEC Hà Nội', 'Số 14, ngách 179/23 Hoàng Mai, HN', 'QLDA - Kỹ sư điện', ' CT Cao Hotel\r\n', 'Có 1 vợ và 2 con trai', 'Đã kết hôn', '4/1994', '$2y$10$CGHUMLdlj/wm1XSsNeDjIeDW6H2zRE6/fNgKWnJwq/gysx5WQo9V.', NULL, '2018-02-09 03:42:25', '2018-02-09 03:42:25', 4),
	(24, 'Lê Hồng Cường', 'le-hong-cuong', 'lehongcuong@mec.vn', '1982-06-10', NULL, NULL, '038082000426', 'Thanh Hóa', '0986638699', 0, 'MEC Hà Nội', 'P116 TT Cty Cầu 1 TL, Tân Mai, HM,HN', 'QLDA - Kỹ sư điện', 'CT Thành Thái\r\n', 'Có 1 vợ 1 con gái và 1 con trai', 'Đã kết hôn', '29/5/2006', '$2y$10$4gWDd967d4uMIB17AZ2UseenrLsNa3zB8JYjXow.n.TFrGEp0Kcwm', NULL, '2018-02-09 03:43:33', '2018-02-09 03:43:33', 4),
	(25, 'Ngô Trọng Đoàn', 'ngo-trong-doan', 'ngotrongdoan@mec.vn', '1984-08-09', NULL, NULL, '0270840000104', 'Bắc Ninh', '0944122568', 0, 'MEC Hà Nội', '07/16 Chương Dương Độ, HK, HN', 'Kỹ sư điện', 'CT Vũ Trọng Phụng\r\n', 'Có 1 vợ và 1 con trai', 'Đã kết hôn', '11/2012', '$2y$10$l6LYeSZ0fT9KJba4UkkuRe6FKGJH6QwmfKKaYRszeXeMx01.7HWvi', NULL, '2018-02-09 03:44:26', '2018-02-09 03:44:26', 4),
	(26, 'Nguyễn Văn Tâm', 'nguyen-van-tam', 'nguyenvantambka127@gmail.com', '1991-04-06', NULL, NULL, '173465328', 'Thanh Hóa', '(00855)971425660', 0, 'MEC Campuchia', 'Quảng Vinh, Quảng Xương, Thanh Hóa', 'Kỹ sư điện', 'CN Campuchia\r\n', NULL, 'Độc thân', '2014', '$2y$10$47r5gUMIa1GYF0XtsNbCLeTUGOfSc/YCf4fGnZqZHUk5qthEAlxoi', NULL, '2018-02-09 03:57:09', '2018-02-09 03:57:09', 4),
	(27, 'Phạm Ngọc Được', 'pham-ngoc-duoc', 'phamngocduoc@mec.vn', '1993-02-17', NULL, NULL, '125451041', 'Bắc Ninh', '01672819401', 0, 'MEC Hà Nội', 'Xóm 5, Hòa Bình, Võ Cường, Bắc Ninh', 'Kỹ sư điện', 'CT Thành Thái', NULL, 'Độc thân', '25/7/2016', '$2y$10$vsHi/AInPLdARv9nSdookusMdZPKuvVjM13Pb1cFLH8LF3LMVaCLa', NULL, '2018-02-09 03:57:59', '2018-02-09 03:57:59', 4),
	(28, 'Bùi Mạnh Tường', 'bui-manh-tuong', 'buimanhtuong@mec.vn', '1988-06-01', NULL, NULL, '151603688', 'Thái Bình', '(00855)979105177', 0, 'MEC Campuchia', 'Phong Châu, Đông Hưng, Thái Bình', 'Kỹ sư điện nhẹ', 'CN Campuchia\r\n', 'Có 1 con trai', 'Đã kết hôn', '10/2012', '$2y$10$qCQ4DLfhbp8xPkiPxMEO7u02tJUdDULNiSXJqNqLouTCKyYDPFXbS', NULL, '2018-02-09 03:58:49', '2018-02-09 03:58:49', 4),
	(29, 'Trần Văn Lãm', 'tran-van-lam', 'tranvanlam@mec.vn', '1977-06-09', NULL, NULL, '141807361', 'Hưng Yên', '0904254278 / (00855)979868197', 0, 'MEC Campuchia', 'Hà Nội', 'Kỹ sư Điều hòa thông gió', 'CN Campuchia\r\n', 'Có 2 con gái', 'Đã kết hôn', '3/11/2003', '$2y$10$hKnHjgVGVlI6jBInFdiS7.9i45qH39jSyfJzxVy2djIjZa8vdSV7C', NULL, '2018-02-09 03:59:42', '2018-02-09 03:59:42', 4),
	(30, 'Vũ Xuân Việt', 'vu-xuan-viet', 'vuxuanviet@mec.vn', '1990-05-17', NULL, NULL, '121989720', 'Bắc Giang', '0973089419', 0, 'MEC Hà Nội', 'Xuân An, Mỹ An, Lục Ngạn, Bắc Giang', 'Kỹ sư điều hòa thông gió', 'CT Cao Hotel\r\n', NULL, 'Độc thân', '2013', '$2y$10$4m9R9.5QuBKl88hJpkd6nOfBFfOoXtvT6Vt/dpiQtdmqkX/uqNEAW', NULL, '2018-02-09 04:00:45', '2018-02-09 04:00:45', 4),
	(31, 'Hà Huy Thọ', 'ha-huy-tho', 'hahuytho@mec.vn', '1968-08-26', NULL, NULL, '012888872', 'Hà Tĩnh', '0948156119', 0, 'MEC Hà Nội', '236 Khương Đình - HN', 'QLDA', 'VP\r\n', 'Có 1 vợ và 2 con trai', 'Đã kết hôn', '2001', '$2y$10$D631gYUiLYjvN.w5ps.OX.W50NLEAzkyWbsmisA4eKEAa0q67fj4m', NULL, '2018-02-09 04:01:40', '2018-02-09 04:01:40', 4),
	(32, 'Cao Tuấn	Anh', 'cao-tuananh', 'caotuananh@mec.vn', '1971-06-29', NULL, NULL, '011479820', 'Hà Nội', '0986969271', 0, 'MEC Hà Nội', '660F, Nguyễn Khoái, Vĩnh Hưng, HM, HN', 'Kỹ thuật điện', 'CT Vũ Trọng Phụng\r\n', NULL, 'Đã kết hôn', '2007', '$2y$10$8v1bKgr9ZLeIia4J4VD92uLiAi5EuccGgqlLZOMf2lOkPAiL06A3K', NULL, '2018-02-09 04:02:30', '2018-02-09 04:02:30', 4),
	(33, 'Vương Đình Hiển', 'vuong-dinh-hien', 'vuongdinhhien@mec.vn', '1983-09-22', NULL, NULL, '111703193', 'Hà Nội', '0947458283', 0, 'MEC Hà Nội', 'Tam Hưng, Thanh Oai, HN', 'Kỹ thuật điện', 'CT Cao Hotel\r\n', 'Có 2 con gái', 'Đã kết hôn', '2004', '$2y$10$2uy79/KBGRdjMsd8chXsPOtSESqbmALi81AEyGrsRbVtJyeQ59Th.', NULL, '2018-02-09 04:03:25', '2018-02-09 04:03:25', 4);
/*!40000 ALTER TABLE `users` ENABLE KEYS */;

-- Dumping structure for table tracker.user_workgroup
DROP TABLE IF EXISTS `user_workgroup`;
CREATE TABLE IF NOT EXISTS `user_workgroup` (
  `id` int(10) unsigned NOT NULL AUTO_INCREMENT,
  `user_id` int(11) NOT NULL,
  `workgroup_id` int(11) NOT NULL,
  `role` varchar(255) COLLATE utf8mb4_unicode_ci NOT NULL DEFAULT 'member',
  `created_at` timestamp NULL DEFAULT NULL,
  `updated_at` timestamp NULL DEFAULT NULL,
  PRIMARY KEY (`id`)
) ENGINE=InnoDB AUTO_INCREMENT=23 DEFAULT CHARSET=utf8mb4 COLLATE=utf8mb4_unicode_ci;

-- Dumping data for table tracker.user_workgroup: ~15 rows (approximately)
DELETE FROM `user_workgroup`;
/*!40000 ALTER TABLE `user_workgroup` DISABLE KEYS */;
INSERT INTO `user_workgroup` (`id`, `user_id`, `workgroup_id`, `role`, `created_at`, `updated_at`) VALUES
	(5, 7, 1, 'member', NULL, NULL),
	(6, 8, 1, 'member', NULL, NULL),
	(9, 12, 9, 'leader', NULL, NULL),
	(10, 9, 10, 'leader', NULL, NULL),
	(11, 13, 9, 'member', NULL, NULL),
	(12, 17, 9, 'member', NULL, NULL),
	(13, 3, 10, 'member', NULL, NULL),
	(14, 11, 10, 'member', NULL, NULL),
	(15, 14, 10, 'member', NULL, NULL),
	(16, 4, 1, 'member', NULL, NULL),
	(17, 5, 1, 'member', NULL, NULL),
	(18, 9, 1, 'member', NULL, NULL),
	(19, 7, 11, 'leader', NULL, NULL),
	(20, 2, 12, 'member', NULL, NULL),
	(21, 18, 12, 'member', NULL, NULL),
	(22, 19, 12, 'member', NULL, NULL);
/*!40000 ALTER TABLE `user_workgroup` ENABLE KEYS */;

-- Dumping structure for table tracker.workgroups
DROP TABLE IF EXISTS `workgroups`;
CREATE TABLE IF NOT EXISTS `workgroups` (
  `id` int(10) unsigned NOT NULL AUTO_INCREMENT,
  `name` varchar(255) COLLATE utf8mb4_unicode_ci NOT NULL,
  `is_private` tinyint(1) NOT NULL,
  `creator_id` int(11) NOT NULL,
  `leader_id` int(11) NOT NULL DEFAULT '0',
  `_lft` int(10) unsigned NOT NULL DEFAULT '0',
  `_rgt` int(10) unsigned NOT NULL DEFAULT '0',
  `parent_id` int(10) unsigned DEFAULT NULL,
  `created_at` timestamp NULL DEFAULT NULL,
  `updated_at` timestamp NULL DEFAULT NULL,
  PRIMARY KEY (`id`),
  KEY `workgroups__lft__rgt_parent_id_index` (`_lft`,`_rgt`,`parent_id`)
) ENGINE=InnoDB AUTO_INCREMENT=13 DEFAULT CHARSET=utf8mb4 COLLATE=utf8mb4_unicode_ci;

-- Dumping data for table tracker.workgroups: ~4 rows (approximately)
DELETE FROM `workgroups`;
/*!40000 ALTER TABLE `workgroups` DISABLE KEYS */;
INSERT INTO `workgroups` (`id`, `name`, `is_private`, `creator_id`, `leader_id`, `_lft`, `_rgt`, `parent_id`, `created_at`, `updated_at`) VALUES
	(1, 'Ban Giám Đốc', 1, 1, 0, 1, 2, NULL, '2018-03-22 04:14:00', '2018-03-26 09:29:01'),
	(9, 'Phòng Dự Án', 0, 1, 12, 3, 4, NULL, '2018-03-27 03:39:49', '2018-03-27 04:13:25'),
	(10, 'Phòng Kế Toán', 0, 1, 9, 5, 6, NULL, '2018-03-27 03:41:22', '2018-03-27 03:41:22'),
	(11, 'Phòng Kỹ Thuật', 0, 1, 7, 7, 8, NULL, '2018-03-27 04:26:16', '2018-03-27 04:26:40'),
	(12, 'Phòng Hành Chính', 0, 1, 0, 9, 10, NULL, '2018-03-27 04:26:54', '2018-03-27 04:26:54');
/*!40000 ALTER TABLE `workgroups` ENABLE KEYS */;

-- Dumping structure for table tracker.works
DROP TABLE IF EXISTS `works`;
CREATE TABLE IF NOT EXISTS `works` (
  `id` int(10) unsigned NOT NULL AUTO_INCREMENT,
  `name` varchar(255) COLLATE utf8mb4_unicode_ci NOT NULL,
  `description` text COLLATE utf8mb4_unicode_ci NOT NULL,
  `client` varchar(255) COLLATE utf8mb4_unicode_ci NOT NULL,
  `created_at` timestamp NULL DEFAULT NULL,
  `updated_at` timestamp NULL DEFAULT NULL,
  `image_cover` varchar(255) COLLATE utf8mb4_unicode_ci DEFAULT NULL,
  `started_at` date DEFAULT NULL,
  PRIMARY KEY (`id`)
) ENGINE=InnoDB AUTO_INCREMENT=3 DEFAULT CHARSET=utf8mb4 COLLATE=utf8mb4_unicode_ci;

-- Dumping data for table tracker.works: ~2 rows (approximately)
DELETE FROM `works`;
/*!40000 ALTER TABLE `works` DISABLE KEYS */;
INSERT INTO `works` (`id`, `name`, `description`, `client`, `created_at`, `updated_at`, `image_cover`, `started_at`) VALUES
	(1, 'Vũ Trọng Phụng', 'Mô tả', 'Công ty A', '2017-12-27 02:06:07', '2018-03-29 09:58:55', 'http://reatimes.vn/media/uploaded/21/2017/07/18/cong-trinh-xanh-qldt.jpg', NULL),
	(2, 'Cao Hotel', 'Vũng Tàu', 'AA', '2018-02-07 03:58:57', '2018-03-31 03:41:57', NULL, '2017-01-01');
/*!40000 ALTER TABLE `works` ENABLE KEYS */;

/*!40101 SET SQL_MODE=IFNULL(@OLD_SQL_MODE, '') */;
/*!40014 SET FOREIGN_KEY_CHECKS=IF(@OLD_FOREIGN_KEY_CHECKS IS NULL, 1, @OLD_FOREIGN_KEY_CHECKS) */;
/*!40101 SET CHARACTER_SET_CLIENT=@OLD_CHARACTER_SET_CLIENT */;
